#VRML V2.0 utf8
# VRML file written by the visualization toolkit

    Background {
    skyColor [1.000000 1.000000 1.000000, ]
    }
     Viewpoint
      {
      fieldOfView 0.523599
      position 7.035000 -11.039999 144.836140
      description "Default View"
      orientation 0 0 1 0
      }
    NavigationInfo {
      type ["EXAMINE","FLY"]
      speed 4.000000
      headlight TRUE}

    DirectionalLight { ambientIntensity 1 intensity 0 # ambient light
      color 1.000000 1.000000 1.000000 }

    Transform {
      translation 0 0 0
      rotation 0 0 1 0
      scale 1 1 1
      children [
        Shape {
          appearance Appearance {
            material Material {
              ambientIntensity 0
              diffuseColor 0.099999999913621879 0.42000000630770362 0.21999999498921152
              specularColor 0 0 0
              shininess 0.0078125
              transparency 0
              }
            }
          geometry IndexedFaceSet {
            solid FALSE
            coord DEF VTKcoordinates Coordinate {
              point [
              -3.8299999237060547 -44.939998626708984 0,
              -3.8299999237060547 9.5600004196166992 10.199999809265137,
              -3.8299999237060547 9.5600004196166992 0,
              -3.8299999237060547 -44.939998626708984 10.199999809265137,
              -1.8999999761581421 -37.599998474121094 10.199999809265137,
              -3.8299999237060547 -44.939998626708984 10.199999809265137,
              -1.8999999761581421 -38.599998474121094 10.199999809265137,
              -1.8999999761581421 -36.060001373291016 10.199999809265137,
              -1.8999999761581421 -35.060001373291016 10.199999809265137,
              1.8999999761581421 -38.599998474121094 10.199999809265137,
              -1.8999999761581421 -33.520000457763672 10.199999809265137,
              -1.8999999761581421 -32.520000457763672 10.199999809265137,
              1.8999999761581421 -36.060001373291016 10.199999809265137,
              1.8999999761581421 -37.599998474121094 10.199999809265137,
              -1.8999999761581421 -30.979999542236328 10.199999809265137,
              1.8999999761581421 -33.520000457763672 10.199999809265137,
              1.8999999761581421 -35.060001373291016 10.199999809265137,
              1.8999999761581421 -30.979999542236328 10.199999809265137,
              1.8999999761581421 -32.520000457763672 10.199999809265137,
              1.8999999761581421 -28.440000534057617 10.199999809265137,
              -1.8999999761581421 -29.979999542236328 10.199999809265137,
              1.8999999761581421 -29.979999542236328 10.199999809265137,
              -1.8999999761581421 -28.440000534057617 10.199999809265137,
              13.340000152587891 -38.599998474121094 10.199999809265137,
              19.069999694824219 -44.939998626708984 10.199999809265137,
              13.340000152587891 -37.599998474121094 10.199999809265137,
              1.8999999761581421 -25.899999618530273 10.199999809265137,
              -1.8999999761581421 -27.440000534057617 10.199999809265137,
              1.8999999761581421 -27.440000534057617 10.199999809265137,
              -1.8999999761581421 -25.899999618530273 10.199999809265137,
              13.340000152587891 -36.060001373291016 10.199999809265137,
              13.340000152587891 -35.060001373291016 10.199999809265137,
              1.8999999761581421 -23.360000610351562 10.199999809265137,
              -1.8999999761581421 -24.899999618530273 10.199999809265137,
              1.8999999761581421 -24.899999618530273 10.199999809265137,
              -1.8999999761581421 -23.360000610351562 10.199999809265137,
              17.139999389648438 -38.599998474121094 10.199999809265137,
              17.139999389648438 -37.599998474121094 10.199999809265137,
              13.340000152587891 -33.520000457763672 10.199999809265137,
              13.340000152587891 -32.520000457763672 10.199999809265137,
              1.8999999761581421 -20.819999694824219 10.199999809265137,
              -1.8999999761581421 -22.360000610351562 10.199999809265137,
              1.8999999761581421 -22.360000610351562 10.199999809265137,
              -1.8999999761581421 -20.819999694824219 10.199999809265137,
              17.139999389648438 -36.060001373291016 10.199999809265137,
              17.139999389648438 -35.060001373291016 10.199999809265137,
              13.340000152587891 -30.979999542236328 10.199999809265137,
              13.340000152587891 -29.979999542236328 10.199999809265137,
              1.8999999761581421 -18.280000686645508 10.199999809265137,
              -1.8999999761581421 -18.280000686645508 10.199999809265137,
              -1.8999999761581421 -19.819999694824219 10.199999809265137,
              1.8999999761581421 -19.819999694824219 10.199999809265137,
              17.139999389648438 -33.520000457763672 10.199999809265137,
              1.8999999761581421 -17.280000686645508 10.199999809265137,
              -1.8999999761581421 -15.739999771118164 10.199999809265137,
              -1.8999999761581421 -17.280000686645508 10.199999809265137,
              17.139999389648438 -32.520000457763672 10.199999809265137,
              13.340000152587891 -28.440000534057617 10.199999809265137,
              13.340000152587891 -27.440000534057617 10.199999809265137,
              1.8999999761581421 -15.739999771118164 10.199999809265137,
              17.139999389648438 -30.979999542236328 10.199999809265137,
              17.139999389648438 -29.979999542236328 10.199999809265137,
              13.340000152587891 -25.899999618530273 10.199999809265137,
              13.340000152587891 -24.899999618530273 10.199999809265137,
              1.8999999761581421 -13.199999809265137 10.199999809265137,
              -1.8999999761581421 -13.199999809265137 10.199999809265137,
              -1.8999999761581421 -14.739999771118164 10.199999809265137,
              1.8999999761581421 -14.739999771118164 10.199999809265137,
              17.139999389648438 -28.440000534057617 10.199999809265137,
              13.340000152587891 -23.360000610351562 10.199999809265137,
              13.340000152587891 -22.360000610351562 10.199999809265137,
              1.8999999761581421 -10.659999847412109 10.199999809265137,
              -1.8999999761581421 -10.659999847412109 10.199999809265137,
              -1.8999999761581421 -12.199999809265137 10.199999809265137,
              1.8999999761581421 -12.199999809265137 10.199999809265137,
              17.139999389648438 -25.899999618530273 10.199999809265137,
              17.139999389648438 -27.440000534057617 10.199999809265137,
              13.340000152587891 -20.819999694824219 10.199999809265137,
              13.340000152587891 -19.819999694824219 10.199999809265137,
              1.8999999761581421 -8.119999885559082 10.199999809265137,
              -1.8999999761581421 -8.119999885559082 10.199999809265137,
              -1.8999999761581421 -9.6599998474121094 10.199999809265137,
              1.8999999761581421 -9.6599998474121094 10.199999809265137,
              17.139999389648438 -23.360000610351562 10.199999809265137,
              17.139999389648438 -24.899999618530273 10.199999809265137,
              13.340000152587891 -18.280000686645508 10.199999809265137,
              13.340000152587891 -17.280000686645508 10.199999809265137,
              1.8999999761581421 -5.5799999237060547 10.199999809265137,
              -1.8999999761581421 -7.119999885559082 10.199999809265137,
              1.8999999761581421 -7.119999885559082 10.199999809265137,
              -1.8999999761581421 -5.5799999237060547 10.199999809265137,
              17.139999389648438 -20.819999694824219 10.199999809265137,
              17.139999389648438 -22.360000610351562 10.199999809265137,
              13.340000152587891 -15.739999771118164 10.199999809265137,
              13.340000152587891 -14.739999771118164 10.199999809265137,
              1.8999999761581421 -3.0399999618530273 10.199999809265137,
              -1.8999999761581421 -3.0399999618530273 10.199999809265137,
              -1.8999999761581421 -4.5799999237060547 10.199999809265137,
              1.8999999761581421 -4.5799999237060547 10.199999809265137,
              17.139999389648438 -18.280000686645508 10.199999809265137,
              17.139999389648438 -19.819999694824219 10.199999809265137,
              13.340000152587891 -13.199999809265137 10.199999809265137,
              13.340000152587891 -12.199999809265137 10.199999809265137,
              1.8999999761581421 -0.5 10.199999809265137,
              -1.8999999761581421 -0.5 10.199999809265137,
              -1.8999999761581421 -2.0399999618530273 10.199999809265137,
              1.8999999761581421 -2.0399999618530273 10.199999809265137,
              17.139999389648438 -15.739999771118164 10.199999809265137,
              17.139999389648438 -17.280000686645508 10.199999809265137,
              13.340000152587891 -10.659999847412109 10.199999809265137,
              13.340000152587891 -9.6599998474121094 10.199999809265137,
              17.139999389648438 -13.199999809265137 10.199999809265137,
              17.139999389648438 -14.739999771118164 10.199999809265137,
              13.340000152587891 -8.119999885559082 10.199999809265137,
              -3.8299999237060547 9.5600004196166992 10.199999809265137,
              -1.8999999761581421 0.5 10.199999809265137,
              1.8999999761581421 0.5 10.199999809265137,
              13.340000152587891 -7.119999885559082 10.199999809265137,
              17.139999389648438 -10.659999847412109 10.199999809265137,
              17.139999389648438 -12.199999809265137 10.199999809265137,
              -2.8299999237060547 10.560000419616699 10.199999809265137,
              13.340000152587891 -5.5799999237060547 10.199999809265137,
              13.340000152587891 -4.5799999237060547 10.199999809265137,
              17.139999389648438 -8.119999885559082 10.199999809265137,
              17.139999389648438 -9.6599998474121094 10.199999809265137,
              13.340000152587891 -3.0399999618530273 10.199999809265137,
              13.340000152587891 -2.0399999618530273 10.199999809265137,
              17.139999389648438 -5.5799999237060547 10.199999809265137,
              17.139999389648438 -7.119999885559082 10.199999809265137,
              13.340000152587891 -0.5 10.199999809265137,
              13.340000152587891 0.5 10.199999809265137,
              17.139999389648438 -3.0399999618530273 10.199999809265137,
              17.139999389648438 -4.5799999237060547 10.199999809265137,
              17.139999389648438 -0.5 10.199999809265137,
              17.139999389648438 -2.0399999618530273 10.199999809265137,
              19.069999694824219 10.560000419616699 10.199999809265137,
              17.139999389648438 0.5 10.199999809265137,
              -3.8299999237060547 9.5600004196166992 10.199999809265137,
              -2.8299999237060547 10.560000419616699 0,
              -3.8299999237060547 9.5600004196166992 0,
              -2.8299999237060547 10.560000419616699 10.199999809265137,
              19.069999694824219 -44.939998626708984 0,
              -3.8299999237060547 -44.939998626708984 10.199999809265137,
              -3.8299999237060547 -44.939998626708984 0,
              19.069999694824219 -44.939998626708984 10.199999809265137,
              -3.8299999237060547 9.5600004196166992 0,
              19.069999694824219 -44.939998626708984 0,
              -3.8299999237060547 -44.939998626708984 0,
              19.069999694824219 10.560000419616699 0,
              -2.8299999237060547 10.560000419616699 0,
              19.069999694824219 10.560000419616699 10.199999809265137,
              19.069999694824219 10.560000419616699 0,
              -2.8299999237060547 10.560000419616699 0,
              -2.8299999237060547 10.560000419616699 10.199999809265137,
              19.069999694824219 -44.939998626708984 10.199999809265137,
              19.069999694824219 -44.939998626708984 0,
              19.069999694824219 10.560000419616699 0,
              19.069999694824219 10.560000419616699 10.199999809265137,
              1.8999999761581421 -38.599998474121094 8.6999998092651367,
              -1.8999999761581421 -38.599998474121094 8.6999998092651367,
              -1.8999999761581421 -38.599998474121094 10.199999809265137,
              1.8999999761581421 -38.599998474121094 10.199999809265137,
              1.8999999761581421 -38.599998474121094 10.199999809265137,
              1.8999999761581421 -37.599998474121094 8.6999998092651367,
              1.8999999761581421 -38.599998474121094 8.6999998092651367,
              1.8999999761581421 -37.599998474121094 10.199999809265137,
              -1.8999999761581421 -38.599998474121094 10.199999809265137,
              -1.8999999761581421 -38.599998474121094 8.6999998092651367,
              -1.8999999761581421 -37.599998474121094 8.6999998092651367,
              -1.8999999761581421 -37.599998474121094 10.199999809265137,
              1.8999999761581421 -37.599998474121094 8.6999998092651367,
              -1.8999999761581421 -37.599998474121094 10.199999809265137,
              -1.8999999761581421 -37.599998474121094 8.6999998092651367,
              1.8999999761581421 -37.599998474121094 10.199999809265137,
              1.8999999761581421 -36.060001373291016 8.6999998092651367,
              -1.8999999761581421 -36.060001373291016 8.6999998092651367,
              -1.8999999761581421 -36.060001373291016 10.199999809265137,
              1.8999999761581421 -36.060001373291016 10.199999809265137,
              1.8999999761581421 -36.060001373291016 10.199999809265137,
              1.8999999761581421 -35.060001373291016 8.6999998092651367,
              1.8999999761581421 -36.060001373291016 8.6999998092651367,
              1.8999999761581421 -35.060001373291016 10.199999809265137,
              -1.8999999761581421 -36.060001373291016 10.199999809265137,
              -1.8999999761581421 -36.060001373291016 8.6999998092651367,
              -1.8999999761581421 -35.060001373291016 8.6999998092651367,
              -1.8999999761581421 -35.060001373291016 10.199999809265137,
              1.8999999761581421 -35.060001373291016 8.6999998092651367,
              -1.8999999761581421 -35.060001373291016 10.199999809265137,
              -1.8999999761581421 -35.060001373291016 8.6999998092651367,
              1.8999999761581421 -35.060001373291016 10.199999809265137,
              1.8999999761581421 -33.520000457763672 8.6999998092651367,
              -1.8999999761581421 -33.520000457763672 8.6999998092651367,
              -1.8999999761581421 -33.520000457763672 10.199999809265137,
              1.8999999761581421 -33.520000457763672 10.199999809265137,
              1.8999999761581421 -33.520000457763672 10.199999809265137,
              1.8999999761581421 -32.520000457763672 8.6999998092651367,
              1.8999999761581421 -33.520000457763672 8.6999998092651367,
              1.8999999761581421 -32.520000457763672 10.199999809265137,
              -1.8999999761581421 -33.520000457763672 10.199999809265137,
              -1.8999999761581421 -33.520000457763672 8.6999998092651367,
              -1.8999999761581421 -32.520000457763672 8.6999998092651367,
              -1.8999999761581421 -32.520000457763672 10.199999809265137,
              1.8999999761581421 -32.520000457763672 8.6999998092651367,
              -1.8999999761581421 -32.520000457763672 10.199999809265137,
              -1.8999999761581421 -32.520000457763672 8.6999998092651367,
              1.8999999761581421 -32.520000457763672 10.199999809265137,
              1.8999999761581421 -30.979999542236328 8.6999998092651367,
              -1.8999999761581421 -30.979999542236328 8.6999998092651367,
              -1.8999999761581421 -30.979999542236328 10.199999809265137,
              1.8999999761581421 -30.979999542236328 10.199999809265137,
              1.8999999761581421 -30.979999542236328 10.199999809265137,
              1.8999999761581421 -29.979999542236328 8.6999998092651367,
              1.8999999761581421 -30.979999542236328 8.6999998092651367,
              1.8999999761581421 -29.979999542236328 10.199999809265137,
              -1.8999999761581421 -30.979999542236328 10.199999809265137,
              -1.8999999761581421 -30.979999542236328 8.6999998092651367,
              -1.8999999761581421 -29.979999542236328 8.6999998092651367,
              -1.8999999761581421 -29.979999542236328 10.199999809265137,
              1.8999999761581421 -29.979999542236328 8.6999998092651367,
              -1.8999999761581421 -29.979999542236328 10.199999809265137,
              -1.8999999761581421 -29.979999542236328 8.6999998092651367,
              1.8999999761581421 -29.979999542236328 10.199999809265137,
              1.8999999761581421 -28.440000534057617 8.6999998092651367,
              -1.8999999761581421 -28.440000534057617 8.6999998092651367,
              -1.8999999761581421 -28.440000534057617 10.199999809265137,
              1.8999999761581421 -28.440000534057617 10.199999809265137,
              1.8999999761581421 -28.440000534057617 10.199999809265137,
              1.8999999761581421 -27.440000534057617 8.6999998092651367,
              1.8999999761581421 -28.440000534057617 8.6999998092651367,
              1.8999999761581421 -27.440000534057617 10.199999809265137,
              -1.8999999761581421 -28.440000534057617 10.199999809265137,
              -1.8999999761581421 -28.440000534057617 8.6999998092651367,
              -1.8999999761581421 -27.440000534057617 8.6999998092651367,
              -1.8999999761581421 -27.440000534057617 10.199999809265137,
              1.8999999761581421 -27.440000534057617 8.6999998092651367,
              -1.8999999761581421 -27.440000534057617 10.199999809265137,
              -1.8999999761581421 -27.440000534057617 8.6999998092651367,
              1.8999999761581421 -27.440000534057617 10.199999809265137,
              1.8999999761581421 -25.899999618530273 8.6999998092651367,
              -1.8999999761581421 -25.899999618530273 8.6999998092651367,
              -1.8999999761581421 -25.899999618530273 10.199999809265137,
              1.8999999761581421 -25.899999618530273 10.199999809265137,
              1.8999999761581421 -25.899999618530273 10.199999809265137,
              1.8999999761581421 -24.899999618530273 8.6999998092651367,
              1.8999999761581421 -25.899999618530273 8.6999998092651367,
              1.8999999761581421 -24.899999618530273 10.199999809265137,
              -1.8999999761581421 -25.899999618530273 10.199999809265137,
              -1.8999999761581421 -25.899999618530273 8.6999998092651367,
              -1.8999999761581421 -24.899999618530273 8.6999998092651367,
              -1.8999999761581421 -24.899999618530273 10.199999809265137,
              1.8999999761581421 -24.899999618530273 8.6999998092651367,
              -1.8999999761581421 -24.899999618530273 10.199999809265137,
              -1.8999999761581421 -24.899999618530273 8.6999998092651367,
              1.8999999761581421 -24.899999618530273 10.199999809265137,
              1.8999999761581421 -23.360000610351562 8.6999998092651367,
              -1.8999999761581421 -23.360000610351562 8.6999998092651367,
              -1.8999999761581421 -23.360000610351562 10.199999809265137,
              1.8999999761581421 -23.360000610351562 10.199999809265137,
              1.8999999761581421 -23.360000610351562 10.199999809265137,
              1.8999999761581421 -22.360000610351562 8.6999998092651367,
              1.8999999761581421 -23.360000610351562 8.6999998092651367,
              1.8999999761581421 -22.360000610351562 10.199999809265137,
              -1.8999999761581421 -23.360000610351562 10.199999809265137,
              -1.8999999761581421 -23.360000610351562 8.6999998092651367,
              -1.8999999761581421 -22.360000610351562 8.6999998092651367,
              -1.8999999761581421 -22.360000610351562 10.199999809265137,
              1.8999999761581421 -22.360000610351562 8.6999998092651367,
              -1.8999999761581421 -22.360000610351562 10.199999809265137,
              -1.8999999761581421 -22.360000610351562 8.6999998092651367,
              1.8999999761581421 -22.360000610351562 10.199999809265137,
              1.8999999761581421 -20.819999694824219 8.6999998092651367,
              -1.8999999761581421 -20.819999694824219 8.6999998092651367,
              -1.8999999761581421 -20.819999694824219 10.199999809265137,
              1.8999999761581421 -20.819999694824219 10.199999809265137,
              1.8999999761581421 -20.819999694824219 10.199999809265137,
              1.8999999761581421 -19.819999694824219 8.6999998092651367,
              1.8999999761581421 -20.819999694824219 8.6999998092651367,
              1.8999999761581421 -19.819999694824219 10.199999809265137,
              -1.8999999761581421 -20.819999694824219 10.199999809265137,
              -1.8999999761581421 -20.819999694824219 8.6999998092651367,
              -1.8999999761581421 -19.819999694824219 8.6999998092651367,
              -1.8999999761581421 -19.819999694824219 10.199999809265137,
              1.8999999761581421 -19.819999694824219 8.6999998092651367,
              -1.8999999761581421 -19.819999694824219 10.199999809265137,
              -1.8999999761581421 -19.819999694824219 8.6999998092651367,
              1.8999999761581421 -19.819999694824219 10.199999809265137,
              17.139999389648438 -38.599998474121094 10.199999809265137,
              17.139999389648438 -38.599998474121094 8.6999998092651367,
              13.340000152587891 -38.599998474121094 8.6999998092651367,
              13.340000152587891 -38.599998474121094 10.199999809265137,
              17.139999389648438 -38.599998474121094 10.199999809265137,
              17.139999389648438 -37.599998474121094 8.6999998092651367,
              17.139999389648438 -38.599998474121094 8.6999998092651367,
              17.139999389648438 -37.599998474121094 10.199999809265137,
              17.139999389648438 -37.599998474121094 10.199999809265137,
              13.340000152587891 -37.599998474121094 8.6999998092651367,
              17.139999389648438 -37.599998474121094 8.6999998092651367,
              13.340000152587891 -37.599998474121094 10.199999809265137,
              13.340000152587891 -38.599998474121094 10.199999809265137,
              13.340000152587891 -38.599998474121094 8.6999998092651367,
              13.340000152587891 -37.599998474121094 8.6999998092651367,
              13.340000152587891 -37.599998474121094 10.199999809265137,
              17.139999389648438 -36.060001373291016 10.199999809265137,
              17.139999389648438 -36.060001373291016 8.6999998092651367,
              13.340000152587891 -36.060001373291016 8.6999998092651367,
              13.340000152587891 -36.060001373291016 10.199999809265137,
              17.139999389648438 -36.060001373291016 10.199999809265137,
              17.139999389648438 -35.060001373291016 8.6999998092651367,
              17.139999389648438 -36.060001373291016 8.6999998092651367,
              17.139999389648438 -35.060001373291016 10.199999809265137,
              13.340000152587891 -36.060001373291016 10.199999809265137,
              13.340000152587891 -36.060001373291016 8.6999998092651367,
              13.340000152587891 -35.060001373291016 8.6999998092651367,
              13.340000152587891 -35.060001373291016 10.199999809265137,
              17.139999389648438 -35.060001373291016 10.199999809265137,
              13.340000152587891 -35.060001373291016 8.6999998092651367,
              17.139999389648438 -35.060001373291016 8.6999998092651367,
              13.340000152587891 -35.060001373291016 10.199999809265137,
              17.139999389648438 -33.520000457763672 10.199999809265137,
              17.139999389648438 -33.520000457763672 8.6999998092651367,
              13.340000152587891 -33.520000457763672 8.6999998092651367,
              13.340000152587891 -33.520000457763672 10.199999809265137,
              17.139999389648438 -33.520000457763672 10.199999809265137,
              17.139999389648438 -32.520000457763672 8.6999998092651367,
              17.139999389648438 -33.520000457763672 8.6999998092651367,
              17.139999389648438 -32.520000457763672 10.199999809265137,
              13.340000152587891 -33.520000457763672 10.199999809265137,
              13.340000152587891 -33.520000457763672 8.6999998092651367,
              13.340000152587891 -32.520000457763672 8.6999998092651367,
              13.340000152587891 -32.520000457763672 10.199999809265137,
              17.139999389648438 -32.520000457763672 10.199999809265137,
              13.340000152587891 -32.520000457763672 8.6999998092651367,
              17.139999389648438 -32.520000457763672 8.6999998092651367,
              13.340000152587891 -32.520000457763672 10.199999809265137,
              17.139999389648438 -30.979999542236328 10.199999809265137,
              17.139999389648438 -30.979999542236328 8.6999998092651367,
              13.340000152587891 -30.979999542236328 8.6999998092651367,
              13.340000152587891 -30.979999542236328 10.199999809265137,
              17.139999389648438 -30.979999542236328 10.199999809265137,
              17.139999389648438 -29.979999542236328 8.6999998092651367,
              17.139999389648438 -30.979999542236328 8.6999998092651367,
              17.139999389648438 -29.979999542236328 10.199999809265137,
              13.340000152587891 -30.979999542236328 10.199999809265137,
              13.340000152587891 -30.979999542236328 8.6999998092651367,
              13.340000152587891 -29.979999542236328 8.6999998092651367,
              13.340000152587891 -29.979999542236328 10.199999809265137,
              17.139999389648438 -29.979999542236328 10.199999809265137,
              13.340000152587891 -29.979999542236328 8.6999998092651367,
              17.139999389648438 -29.979999542236328 8.6999998092651367,
              13.340000152587891 -29.979999542236328 10.199999809265137,
              17.139999389648438 -28.440000534057617 10.199999809265137,
              17.139999389648438 -28.440000534057617 8.6999998092651367,
              13.340000152587891 -28.440000534057617 8.6999998092651367,
              13.340000152587891 -28.440000534057617 10.199999809265137,
              17.139999389648438 -28.440000534057617 10.199999809265137,
              17.139999389648438 -27.440000534057617 8.6999998092651367,
              17.139999389648438 -28.440000534057617 8.6999998092651367,
              17.139999389648438 -27.440000534057617 10.199999809265137,
              13.340000152587891 -28.440000534057617 10.199999809265137,
              13.340000152587891 -28.440000534057617 8.6999998092651367,
              13.340000152587891 -27.440000534057617 8.6999998092651367,
              13.340000152587891 -27.440000534057617 10.199999809265137,
              17.139999389648438 -27.440000534057617 10.199999809265137,
              13.340000152587891 -27.440000534057617 8.6999998092651367,
              17.139999389648438 -27.440000534057617 8.6999998092651367,
              13.340000152587891 -27.440000534057617 10.199999809265137,
              17.139999389648438 -25.899999618530273 10.199999809265137,
              17.139999389648438 -25.899999618530273 8.6999998092651367,
              13.340000152587891 -25.899999618530273 8.6999998092651367,
              13.340000152587891 -25.899999618530273 10.199999809265137,
              17.139999389648438 -25.899999618530273 10.199999809265137,
              17.139999389648438 -24.899999618530273 8.6999998092651367,
              17.139999389648438 -25.899999618530273 8.6999998092651367,
              17.139999389648438 -24.899999618530273 10.199999809265137,
              13.340000152587891 -25.899999618530273 10.199999809265137,
              13.340000152587891 -25.899999618530273 8.6999998092651367,
              13.340000152587891 -24.899999618530273 8.6999998092651367,
              13.340000152587891 -24.899999618530273 10.199999809265137,
              17.139999389648438 -24.899999618530273 10.199999809265137,
              13.340000152587891 -24.899999618530273 8.6999998092651367,
              17.139999389648438 -24.899999618530273 8.6999998092651367,
              13.340000152587891 -24.899999618530273 10.199999809265137,
              17.139999389648438 -23.360000610351562 10.199999809265137,
              17.139999389648438 -23.360000610351562 8.6999998092651367,
              13.340000152587891 -23.360000610351562 8.6999998092651367,
              13.340000152587891 -23.360000610351562 10.199999809265137,
              17.139999389648438 -23.360000610351562 10.199999809265137,
              17.139999389648438 -22.360000610351562 8.6999998092651367,
              17.139999389648438 -23.360000610351562 8.6999998092651367,
              17.139999389648438 -22.360000610351562 10.199999809265137,
              13.340000152587891 -23.360000610351562 10.199999809265137,
              13.340000152587891 -23.360000610351562 8.6999998092651367,
              13.340000152587891 -22.360000610351562 8.6999998092651367,
              13.340000152587891 -22.360000610351562 10.199999809265137,
              17.139999389648438 -22.360000610351562 10.199999809265137,
              13.340000152587891 -22.360000610351562 8.6999998092651367,
              17.139999389648438 -22.360000610351562 8.6999998092651367,
              13.340000152587891 -22.360000610351562 10.199999809265137,
              17.139999389648438 -20.819999694824219 10.199999809265137,
              17.139999389648438 -20.819999694824219 8.6999998092651367,
              13.340000152587891 -20.819999694824219 8.6999998092651367,
              13.340000152587891 -20.819999694824219 10.199999809265137,
              17.139999389648438 -20.819999694824219 10.199999809265137,
              17.139999389648438 -19.819999694824219 8.6999998092651367,
              17.139999389648438 -20.819999694824219 8.6999998092651367,
              17.139999389648438 -19.819999694824219 10.199999809265137,
              13.340000152587891 -20.819999694824219 10.199999809265137,
              13.340000152587891 -20.819999694824219 8.6999998092651367,
              13.340000152587891 -19.819999694824219 8.6999998092651367,
              13.340000152587891 -19.819999694824219 10.199999809265137,
              17.139999389648438 -19.819999694824219 10.199999809265137,
              13.340000152587891 -19.819999694824219 8.6999998092651367,
              17.139999389648438 -19.819999694824219 8.6999998092651367,
              13.340000152587891 -19.819999694824219 10.199999809265137,
              1.8999999761581421 -18.280000686645508 8.6999998092651367,
              -1.8999999761581421 -18.280000686645508 8.6999998092651367,
              -1.8999999761581421 -18.280000686645508 10.199999809265137,
              1.8999999761581421 -18.280000686645508 10.199999809265137,
              1.8999999761581421 -18.280000686645508 10.199999809265137,
              1.8999999761581421 -17.280000686645508 8.6999998092651367,
              1.8999999761581421 -18.280000686645508 8.6999998092651367,
              1.8999999761581421 -17.280000686645508 10.199999809265137,
              -1.8999999761581421 -18.280000686645508 10.199999809265137,
              -1.8999999761581421 -18.280000686645508 8.6999998092651367,
              -1.8999999761581421 -17.280000686645508 8.6999998092651367,
              -1.8999999761581421 -17.280000686645508 10.199999809265137,
              1.8999999761581421 -17.280000686645508 8.6999998092651367,
              -1.8999999761581421 -17.280000686645508 10.199999809265137,
              -1.8999999761581421 -17.280000686645508 8.6999998092651367,
              1.8999999761581421 -17.280000686645508 10.199999809265137,
              1.8999999761581421 -15.739999771118164 8.6999998092651367,
              -1.8999999761581421 -15.739999771118164 8.6999998092651367,
              -1.8999999761581421 -15.739999771118164 10.199999809265137,
              1.8999999761581421 -15.739999771118164 10.199999809265137,
              1.8999999761581421 -15.739999771118164 10.199999809265137,
              1.8999999761581421 -14.739999771118164 8.6999998092651367,
              1.8999999761581421 -15.739999771118164 8.6999998092651367,
              1.8999999761581421 -14.739999771118164 10.199999809265137,
              -1.8999999761581421 -15.739999771118164 10.199999809265137,
              -1.8999999761581421 -15.739999771118164 8.6999998092651367,
              -1.8999999761581421 -14.739999771118164 8.6999998092651367,
              -1.8999999761581421 -14.739999771118164 10.199999809265137,
              1.8999999761581421 -14.739999771118164 8.6999998092651367,
              -1.8999999761581421 -14.739999771118164 10.199999809265137,
              -1.8999999761581421 -14.739999771118164 8.6999998092651367,
              1.8999999761581421 -14.739999771118164 10.199999809265137,
              1.8999999761581421 -13.199999809265137 8.6999998092651367,
              -1.8999999761581421 -13.199999809265137 8.6999998092651367,
              -1.8999999761581421 -13.199999809265137 10.199999809265137,
              1.8999999761581421 -13.199999809265137 10.199999809265137,
              1.8999999761581421 -13.199999809265137 10.199999809265137,
              1.8999999761581421 -12.199999809265137 8.6999998092651367,
              1.8999999761581421 -13.199999809265137 8.6999998092651367,
              1.8999999761581421 -12.199999809265137 10.199999809265137,
              -1.8999999761581421 -13.199999809265137 10.199999809265137,
              -1.8999999761581421 -13.199999809265137 8.6999998092651367,
              -1.8999999761581421 -12.199999809265137 8.6999998092651367,
              -1.8999999761581421 -12.199999809265137 10.199999809265137,
              1.8999999761581421 -12.199999809265137 8.6999998092651367,
              -1.8999999761581421 -12.199999809265137 10.199999809265137,
              -1.8999999761581421 -12.199999809265137 8.6999998092651367,
              1.8999999761581421 -12.199999809265137 10.199999809265137,
              1.8999999761581421 -10.659999847412109 8.6999998092651367,
              -1.8999999761581421 -10.659999847412109 8.6999998092651367,
              -1.8999999761581421 -10.659999847412109 10.199999809265137,
              1.8999999761581421 -10.659999847412109 10.199999809265137,
              1.8999999761581421 -10.659999847412109 10.199999809265137,
              1.8999999761581421 -9.6599998474121094 8.6999998092651367,
              1.8999999761581421 -10.659999847412109 8.6999998092651367,
              1.8999999761581421 -9.6599998474121094 10.199999809265137,
              -1.8999999761581421 -10.659999847412109 10.199999809265137,
              -1.8999999761581421 -10.659999847412109 8.6999998092651367,
              -1.8999999761581421 -9.6599998474121094 8.6999998092651367,
              -1.8999999761581421 -9.6599998474121094 10.199999809265137,
              1.8999999761581421 -9.6599998474121094 8.6999998092651367,
              -1.8999999761581421 -9.6599998474121094 10.199999809265137,
              -1.8999999761581421 -9.6599998474121094 8.6999998092651367,
              1.8999999761581421 -9.6599998474121094 10.199999809265137,
              1.8999999761581421 -8.119999885559082 8.6999998092651367,
              -1.8999999761581421 -8.119999885559082 8.6999998092651367,
              -1.8999999761581421 -8.119999885559082 10.199999809265137,
              1.8999999761581421 -8.119999885559082 10.199999809265137,
              1.8999999761581421 -7.119999885559082 10.199999809265137,
              1.8999999761581421 -7.119999885559082 8.6999998092651367,
              1.8999999761581421 -8.119999885559082 8.6999998092651367,
              1.8999999761581421 -8.119999885559082 10.199999809265137,
              -1.8999999761581421 -7.119999885559082 10.199999809265137,
              -1.8999999761581421 -8.119999885559082 8.6999998092651367,
              -1.8999999761581421 -7.119999885559082 8.6999998092651367,
              -1.8999999761581421 -8.119999885559082 10.199999809265137,
              1.8999999761581421 -7.119999885559082 8.6999998092651367,
              -1.8999999761581421 -7.119999885559082 10.199999809265137,
              -1.8999999761581421 -7.119999885559082 8.6999998092651367,
              1.8999999761581421 -7.119999885559082 10.199999809265137,
              1.8999999761581421 -5.5799999237060547 8.6999998092651367,
              -1.8999999761581421 -5.5799999237060547 8.6999998092651367,
              -1.8999999761581421 -5.5799999237060547 10.199999809265137,
              1.8999999761581421 -5.5799999237060547 10.199999809265137,
              1.8999999761581421 -5.5799999237060547 10.199999809265137,
              1.8999999761581421 -4.5799999237060547 8.6999998092651367,
              1.8999999761581421 -5.5799999237060547 8.6999998092651367,
              1.8999999761581421 -4.5799999237060547 10.199999809265137,
              -1.8999999761581421 -5.5799999237060547 10.199999809265137,
              -1.8999999761581421 -5.5799999237060547 8.6999998092651367,
              -1.8999999761581421 -4.5799999237060547 8.6999998092651367,
              -1.8999999761581421 -4.5799999237060547 10.199999809265137,
              1.8999999761581421 -4.5799999237060547 8.6999998092651367,
              -1.8999999761581421 -4.5799999237060547 10.199999809265137,
              -1.8999999761581421 -4.5799999237060547 8.6999998092651367,
              1.8999999761581421 -4.5799999237060547 10.199999809265137,
              1.8999999761581421 -3.0399999618530273 8.6999998092651367,
              -1.8999999761581421 -3.0399999618530273 8.6999998092651367,
              -1.8999999761581421 -3.0399999618530273 10.199999809265137,
              1.8999999761581421 -3.0399999618530273 10.199999809265137,
              1.8999999761581421 -3.0399999618530273 10.199999809265137,
              1.8999999761581421 -2.0399999618530273 8.6999998092651367,
              1.8999999761581421 -3.0399999618530273 8.6999998092651367,
              1.8999999761581421 -2.0399999618530273 10.199999809265137,
              -1.8999999761581421 -3.0399999618530273 10.199999809265137,
              -1.8999999761581421 -3.0399999618530273 8.6999998092651367,
              -1.8999999761581421 -2.0399999618530273 8.6999998092651367,
              -1.8999999761581421 -2.0399999618530273 10.199999809265137,
              1.8999999761581421 -2.0399999618530273 8.6999998092651367,
              -1.8999999761581421 -2.0399999618530273 10.199999809265137,
              -1.8999999761581421 -2.0399999618530273 8.6999998092651367,
              1.8999999761581421 -2.0399999618530273 10.199999809265137,
              1.8999999761581421 -0.5 8.6999998092651367,
              -1.8999999761581421 -0.5 8.6999998092651367,
              -1.8999999761581421 -0.5 10.199999809265137,
              1.8999999761581421 -0.5 10.199999809265137,
              1.8999999761581421 -0.5 10.199999809265137,
              1.8999999761581421 0.5 8.6999998092651367,
              1.8999999761581421 -0.5 8.6999998092651367,
              1.8999999761581421 0.5 10.199999809265137,
              -1.8999999761581421 -0.5 10.199999809265137,
              -1.8999999761581421 -0.5 8.6999998092651367,
              -1.8999999761581421 0.5 8.6999998092651367,
              -1.8999999761581421 0.5 10.199999809265137,
              1.8999999761581421 0.5 8.6999998092651367,
              -1.8999999761581421 0.5 10.199999809265137,
              -1.8999999761581421 0.5 8.6999998092651367,
              1.8999999761581421 0.5 10.199999809265137,
              17.139999389648438 -18.280000686645508 10.199999809265137,
              17.139999389648438 -18.280000686645508 8.6999998092651367,
              13.340000152587891 -18.280000686645508 8.6999998092651367,
              13.340000152587891 -18.280000686645508 10.199999809265137,
              17.139999389648438 -18.280000686645508 10.199999809265137,
              17.139999389648438 -17.280000686645508 8.6999998092651367,
              17.139999389648438 -18.280000686645508 8.6999998092651367,
              17.139999389648438 -17.280000686645508 10.199999809265137,
              13.340000152587891 -18.280000686645508 10.199999809265137,
              13.340000152587891 -18.280000686645508 8.6999998092651367,
              13.340000152587891 -17.280000686645508 8.6999998092651367,
              13.340000152587891 -17.280000686645508 10.199999809265137,
              17.139999389648438 -17.280000686645508 10.199999809265137,
              13.340000152587891 -17.280000686645508 8.6999998092651367,
              17.139999389648438 -17.280000686645508 8.6999998092651367,
              13.340000152587891 -17.280000686645508 10.199999809265137,
              17.139999389648438 -15.739999771118164 10.199999809265137,
              17.139999389648438 -15.739999771118164 8.6999998092651367,
              13.340000152587891 -15.739999771118164 8.6999998092651367,
              13.340000152587891 -15.739999771118164 10.199999809265137,
              17.139999389648438 -15.739999771118164 10.199999809265137,
              17.139999389648438 -14.739999771118164 8.6999998092651367,
              17.139999389648438 -15.739999771118164 8.6999998092651367,
              17.139999389648438 -14.739999771118164 10.199999809265137,
              13.340000152587891 -15.739999771118164 10.199999809265137,
              13.340000152587891 -15.739999771118164 8.6999998092651367,
              13.340000152587891 -14.739999771118164 8.6999998092651367,
              13.340000152587891 -14.739999771118164 10.199999809265137,
              17.139999389648438 -14.739999771118164 10.199999809265137,
              13.340000152587891 -14.739999771118164 8.6999998092651367,
              17.139999389648438 -14.739999771118164 8.6999998092651367,
              13.340000152587891 -14.739999771118164 10.199999809265137,
              17.139999389648438 -13.199999809265137 10.199999809265137,
              17.139999389648438 -13.199999809265137 8.6999998092651367,
              13.340000152587891 -13.199999809265137 8.6999998092651367,
              13.340000152587891 -13.199999809265137 10.199999809265137,
              17.139999389648438 -13.199999809265137 10.199999809265137,
              17.139999389648438 -12.199999809265137 8.6999998092651367,
              17.139999389648438 -13.199999809265137 8.6999998092651367,
              17.139999389648438 -12.199999809265137 10.199999809265137,
              13.340000152587891 -13.199999809265137 10.199999809265137,
              13.340000152587891 -13.199999809265137 8.6999998092651367,
              13.340000152587891 -12.199999809265137 8.6999998092651367,
              13.340000152587891 -12.199999809265137 10.199999809265137,
              17.139999389648438 -12.199999809265137 10.199999809265137,
              13.340000152587891 -12.199999809265137 8.6999998092651367,
              17.139999389648438 -12.199999809265137 8.6999998092651367,
              13.340000152587891 -12.199999809265137 10.199999809265137,
              17.139999389648438 -10.659999847412109 10.199999809265137,
              17.139999389648438 -10.659999847412109 8.6999998092651367,
              13.340000152587891 -10.659999847412109 8.6999998092651367,
              13.340000152587891 -10.659999847412109 10.199999809265137,
              17.139999389648438 -10.659999847412109 10.199999809265137,
              17.139999389648438 -9.6599998474121094 8.6999998092651367,
              17.139999389648438 -10.659999847412109 8.6999998092651367,
              17.139999389648438 -9.6599998474121094 10.199999809265137,
              13.340000152587891 -10.659999847412109 10.199999809265137,
              13.340000152587891 -10.659999847412109 8.6999998092651367,
              13.340000152587891 -9.6599998474121094 8.6999998092651367,
              13.340000152587891 -9.6599998474121094 10.199999809265137,
              17.139999389648438 -9.6599998474121094 10.199999809265137,
              13.340000152587891 -9.6599998474121094 8.6999998092651367,
              17.139999389648438 -9.6599998474121094 8.6999998092651367,
              13.340000152587891 -9.6599998474121094 10.199999809265137,
              17.139999389648438 -8.119999885559082 10.199999809265137,
              17.139999389648438 -8.119999885559082 8.6999998092651367,
              13.340000152587891 -8.119999885559082 8.6999998092651367,
              13.340000152587891 -8.119999885559082 10.199999809265137,
              17.139999389648438 -7.119999885559082 10.199999809265137,
              17.139999389648438 -7.119999885559082 8.6999998092651367,
              17.139999389648438 -8.119999885559082 8.6999998092651367,
              17.139999389648438 -8.119999885559082 10.199999809265137,
              13.340000152587891 -7.119999885559082 10.199999809265137,
              13.340000152587891 -8.119999885559082 8.6999998092651367,
              13.340000152587891 -7.119999885559082 8.6999998092651367,
              13.340000152587891 -8.119999885559082 10.199999809265137,
              17.139999389648438 -7.119999885559082 10.199999809265137,
              13.340000152587891 -7.119999885559082 8.6999998092651367,
              17.139999389648438 -7.119999885559082 8.6999998092651367,
              13.340000152587891 -7.119999885559082 10.199999809265137,
              17.139999389648438 -5.5799999237060547 10.199999809265137,
              17.139999389648438 -5.5799999237060547 8.6999998092651367,
              13.340000152587891 -5.5799999237060547 8.6999998092651367,
              13.340000152587891 -5.5799999237060547 10.199999809265137,
              17.139999389648438 -5.5799999237060547 10.199999809265137,
              17.139999389648438 -4.5799999237060547 8.6999998092651367,
              17.139999389648438 -5.5799999237060547 8.6999998092651367,
              17.139999389648438 -4.5799999237060547 10.199999809265137,
              13.340000152587891 -5.5799999237060547 10.199999809265137,
              13.340000152587891 -5.5799999237060547 8.6999998092651367,
              13.340000152587891 -4.5799999237060547 8.6999998092651367,
              13.340000152587891 -4.5799999237060547 10.199999809265137,
              17.139999389648438 -4.5799999237060547 10.199999809265137,
              13.340000152587891 -4.5799999237060547 8.6999998092651367,
              17.139999389648438 -4.5799999237060547 8.6999998092651367,
              13.340000152587891 -4.5799999237060547 10.199999809265137,
              17.139999389648438 -3.0399999618530273 10.199999809265137,
              17.139999389648438 -3.0399999618530273 8.6999998092651367,
              13.340000152587891 -3.0399999618530273 8.6999998092651367,
              13.340000152587891 -3.0399999618530273 10.199999809265137,
              17.139999389648438 -3.0399999618530273 10.199999809265137,
              17.139999389648438 -2.0399999618530273 8.6999998092651367,
              17.139999389648438 -3.0399999618530273 8.6999998092651367,
              17.139999389648438 -2.0399999618530273 10.199999809265137,
              13.340000152587891 -3.0399999618530273 10.199999809265137,
              13.340000152587891 -3.0399999618530273 8.6999998092651367,
              13.340000152587891 -2.0399999618530273 8.6999998092651367,
              13.340000152587891 -2.0399999618530273 10.199999809265137,
              17.139999389648438 -2.0399999618530273 10.199999809265137,
              13.340000152587891 -2.0399999618530273 8.6999998092651367,
              17.139999389648438 -2.0399999618530273 8.6999998092651367,
              13.340000152587891 -2.0399999618530273 10.199999809265137,
              17.139999389648438 -0.5 10.199999809265137,
              17.139999389648438 -0.5 8.6999998092651367,
              13.340000152587891 -0.5 8.6999998092651367,
              13.340000152587891 -0.5 10.199999809265137,
              17.139999389648438 -0.5 10.199999809265137,
              17.139999389648438 0.5 8.6999998092651367,
              17.139999389648438 -0.5 8.6999998092651367,
              17.139999389648438 0.5 10.199999809265137,
              13.340000152587891 -0.5 10.199999809265137,
              13.340000152587891 -0.5 8.6999998092651367,
              13.340000152587891 0.5 8.6999998092651367,
              13.340000152587891 0.5 10.199999809265137,
              17.139999389648438 0.5 10.199999809265137,
              13.340000152587891 0.5 8.6999998092651367,
              17.139999389648438 0.5 8.6999998092651367,
              13.340000152587891 0.5 10.199999809265137,
              1.8999999761581421 -37.599998474121094 8.6999998092651367,
              -1.8999999761581421 -37.599998474121094 8.6999998092651367,
              -1.8999999761581421 -38.599998474121094 8.6999998092651367,
              1.8999999761581421 -38.599998474121094 8.6999998092651367,
              1.8999999761581421 -35.060001373291016 8.6999998092651367,
              -1.8999999761581421 -35.060001373291016 8.6999998092651367,
              -1.8999999761581421 -36.060001373291016 8.6999998092651367,
              1.8999999761581421 -36.060001373291016 8.6999998092651367,
              1.8999999761581421 -32.520000457763672 8.6999998092651367,
              -1.8999999761581421 -32.520000457763672 8.6999998092651367,
              -1.8999999761581421 -33.520000457763672 8.6999998092651367,
              1.8999999761581421 -33.520000457763672 8.6999998092651367,
              1.8999999761581421 -29.979999542236328 8.6999998092651367,
              -1.8999999761581421 -29.979999542236328 8.6999998092651367,
              -1.8999999761581421 -30.979999542236328 8.6999998092651367,
              1.8999999761581421 -30.979999542236328 8.6999998092651367,
              1.8999999761581421 -27.440000534057617 8.6999998092651367,
              -1.8999999761581421 -27.440000534057617 8.6999998092651367,
              -1.8999999761581421 -28.440000534057617 8.6999998092651367,
              1.8999999761581421 -28.440000534057617 8.6999998092651367,
              1.8999999761581421 -24.899999618530273 8.6999998092651367,
              -1.8999999761581421 -24.899999618530273 8.6999998092651367,
              -1.8999999761581421 -25.899999618530273 8.6999998092651367,
              1.8999999761581421 -25.899999618530273 8.6999998092651367,
              1.8999999761581421 -22.360000610351562 8.6999998092651367,
              -1.8999999761581421 -22.360000610351562 8.6999998092651367,
              -1.8999999761581421 -23.360000610351562 8.6999998092651367,
              1.8999999761581421 -23.360000610351562 8.6999998092651367,
              1.8999999761581421 -19.819999694824219 8.6999998092651367,
              -1.8999999761581421 -19.819999694824219 8.6999998092651367,
              -1.8999999761581421 -20.819999694824219 8.6999998092651367,
              1.8999999761581421 -20.819999694824219 8.6999998092651367,
              17.139999389648438 -37.599998474121094 8.6999998092651367,
              13.340000152587891 -37.599998474121094 8.6999998092651367,
              13.340000152587891 -38.599998474121094 8.6999998092651367,
              17.139999389648438 -38.599998474121094 8.6999998092651367,
              17.139999389648438 -35.060001373291016 8.6999998092651367,
              13.340000152587891 -35.060001373291016 8.6999998092651367,
              13.340000152587891 -36.060001373291016 8.6999998092651367,
              17.139999389648438 -36.060001373291016 8.6999998092651367,
              17.139999389648438 -32.520000457763672 8.6999998092651367,
              13.340000152587891 -32.520000457763672 8.6999998092651367,
              13.340000152587891 -33.520000457763672 8.6999998092651367,
              17.139999389648438 -33.520000457763672 8.6999998092651367,
              17.139999389648438 -29.979999542236328 8.6999998092651367,
              13.340000152587891 -29.979999542236328 8.6999998092651367,
              13.340000152587891 -30.979999542236328 8.6999998092651367,
              17.139999389648438 -30.979999542236328 8.6999998092651367,
              17.139999389648438 -27.440000534057617 8.6999998092651367,
              13.340000152587891 -27.440000534057617 8.6999998092651367,
              13.340000152587891 -28.440000534057617 8.6999998092651367,
              17.139999389648438 -28.440000534057617 8.6999998092651367,
              17.139999389648438 -24.899999618530273 8.6999998092651367,
              13.340000152587891 -24.899999618530273 8.6999998092651367,
              13.340000152587891 -25.899999618530273 8.6999998092651367,
              17.139999389648438 -25.899999618530273 8.6999998092651367,
              17.139999389648438 -22.360000610351562 8.6999998092651367,
              13.340000152587891 -22.360000610351562 8.6999998092651367,
              13.340000152587891 -23.360000610351562 8.6999998092651367,
              17.139999389648438 -23.360000610351562 8.6999998092651367,
              17.139999389648438 -19.819999694824219 8.6999998092651367,
              13.340000152587891 -19.819999694824219 8.6999998092651367,
              13.340000152587891 -20.819999694824219 8.6999998092651367,
              17.139999389648438 -20.819999694824219 8.6999998092651367,
              1.8999999761581421 -17.280000686645508 8.6999998092651367,
              -1.8999999761581421 -17.280000686645508 8.6999998092651367,
              -1.8999999761581421 -18.280000686645508 8.6999998092651367,
              1.8999999761581421 -18.280000686645508 8.6999998092651367,
              1.8999999761581421 -14.739999771118164 8.6999998092651367,
              -1.8999999761581421 -14.739999771118164 8.6999998092651367,
              -1.8999999761581421 -15.739999771118164 8.6999998092651367,
              1.8999999761581421 -15.739999771118164 8.6999998092651367,
              1.8999999761581421 -12.199999809265137 8.6999998092651367,
              -1.8999999761581421 -12.199999809265137 8.6999998092651367,
              -1.8999999761581421 -13.199999809265137 8.6999998092651367,
              1.8999999761581421 -13.199999809265137 8.6999998092651367,
              1.8999999761581421 -9.6599998474121094 8.6999998092651367,
              -1.8999999761581421 -9.6599998474121094 8.6999998092651367,
              -1.8999999761581421 -10.659999847412109 8.6999998092651367,
              1.8999999761581421 -10.659999847412109 8.6999998092651367,
              1.8999999761581421 -7.119999885559082 8.6999998092651367,
              -1.8999999761581421 -7.119999885559082 8.6999998092651367,
              -1.8999999761581421 -8.119999885559082 8.6999998092651367,
              1.8999999761581421 -8.119999885559082 8.6999998092651367,
              1.8999999761581421 -4.5799999237060547 8.6999998092651367,
              -1.8999999761581421 -4.5799999237060547 8.6999998092651367,
              -1.8999999761581421 -5.5799999237060547 8.6999998092651367,
              1.8999999761581421 -5.5799999237060547 8.6999998092651367,
              1.8999999761581421 -2.0399999618530273 8.6999998092651367,
              -1.8999999761581421 -2.0399999618530273 8.6999998092651367,
              -1.8999999761581421 -3.0399999618530273 8.6999998092651367,
              1.8999999761581421 -3.0399999618530273 8.6999998092651367,
              1.8999999761581421 0.5 8.6999998092651367,
              -1.8999999761581421 0.5 8.6999998092651367,
              -1.8999999761581421 -0.5 8.6999998092651367,
              1.8999999761581421 -0.5 8.6999998092651367,
              17.139999389648438 -17.280000686645508 8.6999998092651367,
              13.340000152587891 -17.280000686645508 8.6999998092651367,
              13.340000152587891 -18.280000686645508 8.6999998092651367,
              17.139999389648438 -18.280000686645508 8.6999998092651367,
              17.139999389648438 -14.739999771118164 8.6999998092651367,
              13.340000152587891 -14.739999771118164 8.6999998092651367,
              13.340000152587891 -15.739999771118164 8.6999998092651367,
              17.139999389648438 -15.739999771118164 8.6999998092651367,
              17.139999389648438 -12.199999809265137 8.6999998092651367,
              13.340000152587891 -12.199999809265137 8.6999998092651367,
              13.340000152587891 -13.199999809265137 8.6999998092651367,
              17.139999389648438 -13.199999809265137 8.6999998092651367,
              17.139999389648438 -9.6599998474121094 8.6999998092651367,
              13.340000152587891 -9.6599998474121094 8.6999998092651367,
              13.340000152587891 -10.659999847412109 8.6999998092651367,
              17.139999389648438 -10.659999847412109 8.6999998092651367,
              17.139999389648438 -7.119999885559082 8.6999998092651367,
              13.340000152587891 -7.119999885559082 8.6999998092651367,
              13.340000152587891 -8.119999885559082 8.6999998092651367,
              17.139999389648438 -8.119999885559082 8.6999998092651367,
              17.139999389648438 -4.5799999237060547 8.6999998092651367,
              13.340000152587891 -4.5799999237060547 8.6999998092651367,
              13.340000152587891 -5.5799999237060547 8.6999998092651367,
              17.139999389648438 -5.5799999237060547 8.6999998092651367,
              17.139999389648438 -2.0399999618530273 8.6999998092651367,
              13.340000152587891 -2.0399999618530273 8.6999998092651367,
              13.340000152587891 -3.0399999618530273 8.6999998092651367,
              17.139999389648438 -3.0399999618530273 8.6999998092651367,
              17.139999389648438 0.5 8.6999998092651367,
              13.340000152587891 0.5 8.6999998092651367,
              13.340000152587891 -0.5 8.6999998092651367,
              17.139999389648438 -0.5 8.6999998092651367,
              ]
            }
            normal DEF VTKnormals Normal {
              vector [
           -1 0 0,
           -1 0 0,
           -1 0 0,
           -1 0 0,
           0 0 1,
           0 0 1,
           0 0 1,
           0 0 1,
           0 0 1,
           0 0 1,
           0 0 1,
           0 0 1,
           0 0 1,
           0 0 1,
           0 0 1,
           0 0 1,
           0 0 1,
           0 0 1,
           0 0 1,
           0 0 1,
           0 0 1,
           0 0 1,
           0 0 1,
           0 0 1,
           0 0 1,
           0 0 1,
           0 0 1,
           0 0 1,
           0 0 1,
           0 0 1,
           0 0 1,
           0 0 1,
           0 0 1,
           0 0 1,
           0 0 1,
           0 0 1,
           0 0 1,
           0 0 1,
           0 0 1,
           0 0 1,
           0 0 1,
           0 0 1,
           0 0 1,
           0 0 1,
           0 0 1,
           0 0 1,
           0 0 1,
           0 0 1,
           0 0 1,
           0 0 1,
           0 0 1,
           0 0 1,
           0 0 1,
           0 0 1,
           0 0 1,
           0 0 1,
           0 0 1,
           0 0 1,
           0 0 1,
           0 0 1,
           0 0 1,
           0 0 1,
           0 0 1,
           0 0 1,
           0 0 1,
           0 0 1,
           0 0 1,
           0 0 1,
           0 0 1,
           0 0 1,
           0 0 1,
           0 0 1,
           0 0 1,
           0 0 1,
           0 0 1,
           0 0 1,
           0 0 1,
           0 0 1,
           0 0 1,
           0 0 1,
           0 0 1,
           0 0 1,
           0 0 1,
           0 0 1,
           0 0 1,
           0 0 1,
           0 0 1,
           0 0 1,
           0 0 1,
           0 0 1,
           0 0 1,
           0 0 1,
           0 0 1,
           0 0 1,
           0 0 1,
           0 0 1,
           0 0 1,
           0 0 1,
           0 0 1,
           0 0 1,
           0 0 1,
           0 0 1,
           0 0 1,
           0 0 1,
           0 0 1,
           0 0 1,
           0 0 1,
           0 0 1,
           0 0 1,
           0 0 1,
           0 0 1,
           0 0 1,
           0 0 1,
           0 0 1,
           0 0 1,
           0 0 1,
           0 0 1,
           0 0 1,
           0 0 1,
           0 0 1,
           0 0 1,
           0 0 1,
           0 0 1,
           0 0 1,
           0 0 1,
           0 0 1,
           0 0 1,
           0 0 1,
           0 0 1,
           0 0 1,
           0 0 1,
           0 0 1,
           0 0 1,
           0 0 1,
           0 0 1,
           0 0 1,
           0 0 1,
           -0.70710676908493042 0.70710676908493042 0,
           -0.70710676908493042 0.70710676908493042 0,
           -0.70710676908493042 0.70710676908493042 0,
           -0.70710676908493042 0.70710676908493042 0,
           0 -1 0,
           0 -1 0,
           0 -1 0,
           0 -1 0,
           0 -0 -1,
           0 -0 -1,
           0 -0 -1,
           0 -0 -1,
           0 -0 -1,
           0 1 0,
           0 1 0,
           0 1 0,
           0 1 0,
           1 0 0,
           1 0 0,
           1 0 0,
           1 0 0,
           0 1 0,
           0 1 0,
           0 1 0,
           0 1 0,
           -1 -0 0,
           -1 -0 0,
           -1 -0 0,
           -1 -0 0,
           1 0 -0,
           1 0 -0,
           1 0 -0,
           1 0 -0,
           -0 -1 -0,
           -0 -1 -0,
           -0 -1 -0,
           -0 -1 -0,
           0 1 0,
           0 1 0,
           0 1 0,
           0 1 0,
           -1 -0 0,
           -1 -0 0,
           -1 -0 0,
           -1 -0 0,
           1 0 -0,
           1 0 -0,
           1 0 -0,
           1 0 -0,
           -0 -1 -0,
           -0 -1 -0,
           -0 -1 -0,
           -0 -1 -0,
           0 1 0,
           0 1 0,
           0 1 0,
           0 1 0,
           -1 -0 0,
           -1 -0 0,
           -1 -0 0,
           -1 -0 0,
           1 0 -0,
           1 0 -0,
           1 0 -0,
           1 0 -0,
           -0 -1 -0,
           -0 -1 -0,
           -0 -1 -0,
           -0 -1 -0,
           0 1 0,
           0 1 0,
           0 1 0,
           0 1 0,
           -1 -0 0,
           -1 -0 0,
           -1 -0 0,
           -1 -0 0,
           1 0 -0,
           1 0 -0,
           1 0 -0,
           1 0 -0,
           -0 -1 -0,
           -0 -1 -0,
           -0 -1 -0,
           -0 -1 -0,
           0 1 0,
           0 1 0,
           0 1 0,
           0 1 0,
           -1 -0 0,
           -1 -0 0,
           -1 -0 0,
           -1 -0 0,
           1 0 -0,
           1 0 -0,
           1 0 -0,
           1 0 -0,
           -0 -1 -0,
           -0 -1 -0,
           -0 -1 -0,
           -0 -1 -0,
           0 1 0,
           0 1 0,
           0 1 0,
           0 1 0,
           -1 -0 0,
           -1 -0 0,
           -1 -0 0,
           -1 -0 0,
           1 0 -0,
           1 0 -0,
           1 0 -0,
           1 0 -0,
           -0 -1 -0,
           -0 -1 -0,
           -0 -1 -0,
           -0 -1 -0,
           0 1 0,
           0 1 0,
           0 1 0,
           0 1 0,
           -1 -0 0,
           -1 -0 0,
           -1 -0 0,
           -1 -0 0,
           1 0 -0,
           1 0 -0,
           1 0 -0,
           1 0 -0,
           -0 -1 -0,
           -0 -1 -0,
           -0 -1 -0,
           -0 -1 -0,
           0 1 0,
           0 1 0,
           0 1 0,
           0 1 0,
           -1 -0 0,
           -1 -0 0,
           -1 -0 0,
           -1 -0 0,
           1 0 -0,
           1 0 -0,
           1 0 -0,
           1 0 -0,
           -0 -1 -0,
           -0 -1 -0,
           -0 -1 -0,
           -0 -1 -0,
           0 1 0,
           0 1 0,
           0 1 0,
           0 1 0,
           -1 -0 0,
           -1 -0 0,
           -1 -0 0,
           -1 -0 0,
           -0 -1 -0,
           -0 -1 -0,
           -0 -1 -0,
           -0 -1 -0,
           1 0 -0,
           1 0 -0,
           1 0 -0,
           1 0 -0,
           0 1 0,
           0 1 0,
           0 1 0,
           0 1 0,
           -1 -0 0,
           -1 -0 0,
           -1 -0 0,
           -1 -0 0,
           1 0 -0,
           1 0 -0,
           1 0 -0,
           1 0 -0,
           -0 -1 -0,
           -0 -1 -0,
           -0 -1 -0,
           -0 -1 -0,
           0 1 0,
           0 1 0,
           0 1 0,
           0 1 0,
           -1 -0 0,
           -1 -0 0,
           -1 -0 0,
           -1 -0 0,
           1 0 -0,
           1 0 -0,
           1 0 -0,
           1 0 -0,
           -0 -1 -0,
           -0 -1 -0,
           -0 -1 -0,
           -0 -1 -0,
           0 1 0,
           0 1 0,
           0 1 0,
           0 1 0,
           -1 -0 0,
           -1 -0 0,
           -1 -0 0,
           -1 -0 0,
           1 0 -0,
           1 0 -0,
           1 0 -0,
           1 0 -0,
           -0 -1 -0,
           -0 -1 -0,
           -0 -1 -0,
           -0 -1 -0,
           0 1 0,
           0 1 0,
           0 1 0,
           0 1 0,
           -1 -0 0,
           -1 -0 0,
           -1 -0 0,
           -1 -0 0,
           1 0 -0,
           1 0 -0,
           1 0 -0,
           1 0 -0,
           -0 -1 -0,
           -0 -1 -0,
           -0 -1 -0,
           -0 -1 -0,
           0 1 0,
           0 1 0,
           0 1 0,
           0 1 0,
           -1 -0 0,
           -1 -0 0,
           -1 -0 0,
           -1 -0 0,
           1 0 -0,
           1 0 -0,
           1 0 -0,
           1 0 -0,
           -0 -1 -0,
           -0 -1 -0,
           -0 -1 -0,
           -0 -1 -0,
           0 1 0,
           0 1 0,
           0 1 0,
           0 1 0,
           -1 -0 0,
           -1 -0 0,
           -1 -0 0,
           -1 -0 0,
           1 0 -0,
           1 0 -0,
           1 0 -0,
           1 0 -0,
           -0 -1 -0,
           -0 -1 -0,
           -0 -1 -0,
           -0 -1 -0,
           0 1 0,
           0 1 0,
           0 1 0,
           0 1 0,
           -1 -0 0,
           -1 -0 0,
           -1 -0 0,
           -1 -0 0,
           1 0 -0,
           1 0 -0,
           1 0 -0,
           1 0 -0,
           -0 -1 -0,
           -0 -1 -0,
           -0 -1 -0,
           -0 -1 -0,
           0 1 0,
           0 1 0,
           0 1 0,
           0 1 0,
           -1 -0 0,
           -1 -0 0,
           -1 -0 0,
           -1 -0 0,
           1 0 -0,
           1 0 -0,
           1 0 -0,
           1 0 -0,
           -0 -1 -0,
           -0 -1 -0,
           -0 -1 -0,
           -0 -1 -0,
           0 1 0,
           0 1 0,
           0 1 0,
           0 1 0,
           -1 -0 0,
           -1 -0 0,
           -1 -0 0,
           -1 -0 0,
           1 0 -0,
           1 0 -0,
           1 0 -0,
           1 0 -0,
           -0 -1 -0,
           -0 -1 -0,
           -0 -1 -0,
           -0 -1 -0,
           0 1 0,
           0 1 0,
           0 1 0,
           0 1 0,
           -1 -0 0,
           -1 -0 0,
           -1 -0 0,
           -1 -0 0,
           1 0 -0,
           1 0 -0,
           1 0 -0,
           1 0 -0,
           -0 -1 -0,
           -0 -1 -0,
           -0 -1 -0,
           -0 -1 -0,
           0 1 0,
           0 1 0,
           0 1 0,
           0 1 0,
           -1 -0 0,
           -1 -0 0,
           -1 -0 0,
           -1 -0 0,
           1 0 -0,
           1 0 -0,
           1 0 -0,
           1 0 -0,
           -0 -1 -0,
           -0 -1 -0,
           -0 -1 -0,
           -0 -1 -0,
           0 1 0,
           0 1 0,
           0 1 0,
           0 1 0,
           -1 -0 0,
           -1 -0 0,
           -1 -0 0,
           -1 -0 0,
           1 0 -0,
           1 0 -0,
           1 0 -0,
           1 0 -0,
           -0 -1 -0,
           -0 -1 -0,
           -0 -1 -0,
           -0 -1 -0,
           0 1 0,
           0 1 0,
           0 1 0,
           0 1 0,
           -1 -0 0,
           -1 -0 0,
           -1 -0 0,
           -1 -0 0,
           1 0 -0,
           1 0 -0,
           1 0 -0,
           1 0 -0,
           -0 -1 -0,
           -0 -1 -0,
           -0 -1 -0,
           -0 -1 -0,
           0 1 0,
           0 1 0,
           0 1 0,
           0 1 0,
           -1 -0 0,
           -1 -0 0,
           -1 -0 0,
           -1 -0 0,
           1 0 -0,
           1 0 -0,
           1 0 -0,
           1 0 -0,
           -0 -1 -0,
           -0 -1 -0,
           -0 -1 -0,
           -0 -1 -0,
           0 1 0,
           0 1 0,
           0 1 0,
           0 1 0,
           -1 -0 0,
           -1 -0 0,
           -1 -0 0,
           -1 -0 0,
           1 0 -0,
           1 0 -0,
           1 0 -0,
           1 0 -0,
           -0 -1 -0,
           -0 -1 -0,
           -0 -1 -0,
           -0 -1 -0,
           0 1 0,
           0 1 0,
           0 1 0,
           0 1 0,
           -1 -0 0,
           -1 -0 0,
           -1 -0 0,
           -1 -0 0,
           1 0 -0,
           1 0 -0,
           1 0 -0,
           1 0 -0,
           -0 -1 -0,
           -0 -1 -0,
           -0 -1 -0,
           -0 -1 -0,
           0 1 0,
           0 1 0,
           0 1 0,
           0 1 0,
           -1 -0 0,
           -1 -0 0,
           -1 -0 0,
           -1 -0 0,
           1 0 -0,
           1 0 -0,
           1 0 -0,
           1 0 -0,
           -0 -1 -0,
           -0 -1 -0,
           -0 -1 -0,
           -0 -1 -0,
           0 1 0,
           0 1 0,
           0 1 0,
           0 1 0,
           -1 -0 0,
           -1 -0 0,
           -1 -0 0,
           -1 -0 0,
           1 0 -0,
           1 0 -0,
           1 0 -0,
           1 0 -0,
           -0 -1 -0,
           -0 -1 -0,
           -0 -1 -0,
           -0 -1 -0,
           0 1 0,
           0 1 0,
           0 1 0,
           0 1 0,
           -1 -0 0,
           -1 -0 0,
           -1 -0 0,
           -1 -0 0,
           1 0 -0,
           1 0 -0,
           1 0 -0,
           1 0 -0,
           -0 -1 -0,
           -0 -1 -0,
           -0 -1 -0,
           -0 -1 -0,
           0 1 0,
           0 1 0,
           0 1 0,
           0 1 0,
           -1 -0 0,
           -1 -0 0,
           -1 -0 0,
           -1 -0 0,
           1 0 -0,
           1 0 -0,
           1 0 -0,
           1 0 -0,
           -0 -1 -0,
           -0 -1 -0,
           -0 -1 -0,
           -0 -1 -0,
           0 1 0,
           0 1 0,
           0 1 0,
           0 1 0,
           -1 -0 0,
           -1 -0 0,
           -1 -0 0,
           -1 -0 0,
           1 0 -0,
           1 0 -0,
           1 0 -0,
           1 0 -0,
           -0 -1 -0,
           -0 -1 -0,
           -0 -1 -0,
           -0 -1 -0,
           0 1 0,
           0 1 0,
           0 1 0,
           0 1 0,
           -1 -0 0,
           -1 -0 0,
           -1 -0 0,
           -1 -0 0,
           1 0 -0,
           1 0 -0,
           1 0 -0,
           1 0 -0,
           -0 -1 -0,
           -0 -1 -0,
           -0 -1 -0,
           -0 -1 -0,
           0 1 0,
           0 1 0,
           0 1 0,
           0 1 0,
           -1 -0 0,
           -1 -0 0,
           -1 -0 0,
           -1 -0 0,
           1 0 -0,
           1 0 -0,
           1 0 -0,
           1 0 -0,
           -0 -1 -0,
           -0 -1 -0,
           -0 -1 -0,
           -0 -1 -0,
           0 0 1,
           0 0 1,
           0 0 1,
           0 0 1,
           0 0 1,
           0 0 1,
           0 0 1,
           0 0 1,
           0 0 1,
           0 0 1,
           0 0 1,
           0 0 1,
           0 0 1,
           0 0 1,
           0 0 1,
           0 0 1,
           0 0 1,
           0 0 1,
           0 0 1,
           0 0 1,
           0 0 1,
           0 0 1,
           0 0 1,
           0 0 1,
           0 0 1,
           0 0 1,
           0 0 1,
           0 0 1,
           0 0 1,
           0 0 1,
           0 0 1,
           0 0 1,
           0 0 1,
           0 0 1,
           0 0 1,
           0 0 1,
           0 0 1,
           0 0 1,
           0 0 1,
           0 0 1,
           0 0 1,
           0 0 1,
           0 0 1,
           0 0 1,
           0 0 1,
           0 0 1,
           0 0 1,
           0 0 1,
           0 0 1,
           0 0 1,
           0 0 1,
           0 0 1,
           0 0 1,
           0 0 1,
           0 0 1,
           0 0 1,
           0 0 1,
           0 0 1,
           0 0 1,
           0 0 1,
           0 0 1,
           0 0 1,
           0 0 1,
           0 0 1,
           0 0 1,
           0 0 1,
           0 0 1,
           0 0 1,
           0 0 1,
           0 0 1,
           0 0 1,
           0 0 1,
           0 0 1,
           0 0 1,
           0 0 1,
           0 0 1,
           0 0 1,
           0 0 1,
           0 0 1,
           0 0 1,
           0 0 1,
           0 0 1,
           0 0 1,
           0 0 1,
           0 0 1,
           0 0 1,
           0 0 1,
           0 0 1,
           0 0 1,
           0 0 1,
           0 0 1,
           0 0 1,
           0 0 1,
           0 0 1,
           0 0 1,
           0 0 1,
           0 0 1,
           0 0 1,
           0 0 1,
           0 0 1,
           0 0 1,
           0 0 1,
           0 0 1,
           0 0 1,
           0 0 1,
           0 0 1,
           0 0 1,
           0 0 1,
           0 0 1,
           0 0 1,
           0 0 1,
           0 0 1,
           0 0 1,
           0 0 1,
           0 0 1,
           0 0 1,
           0 0 1,
           0 0 1,
           0 0 1,
           0 0 1,
           0 0 1,
           0 0 1,
           0 0 1,
           0 0 1,
           0 0 1,
           0 0 1,
           0 0 1,
           0 0 1,
            ]
          }
            coordIndex  [
              0, 1, 2, -1,
              3, 1, 0, -1,
              4, 5, 6, -1,
              7, 5, 4, -1,
              8, 5, 7, -1,
              9, 6, 5, -1,
              10, 5, 8, -1,
              11, 5, 10, -1,
              12, 4, 13, -1,
              12, 7, 4, -1,
              14, 5, 11, -1,
              15, 8, 16, -1,
              15, 10, 8, -1,
              17, 11, 18, -1,
              17, 14, 11, -1,
              19, 20, 21, -1,
              19, 22, 20, -1,
              23, 5, 24, -1,
              23, 9, 5, -1,
              25, 13, 9, -1,
              25, 9, 23, -1,
              26, 27, 28, -1,
              26, 29, 27, -1,
              30, 12, 13, -1,
              30, 13, 25, -1,
              31, 16, 12, -1,
              31, 12, 30, -1,
              32, 33, 34, -1,
              32, 35, 33, -1,
              36, 23, 24, -1,
              37, 36, 24, -1,
              38, 15, 16, -1,
              38, 16, 31, -1,
              39, 18, 15, -1,
              39, 17, 18, -1,
              39, 15, 38, -1,
              40, 41, 42, -1,
              40, 43, 41, -1,
              44, 37, 24, -1,
              44, 30, 25, -1,
              44, 25, 37, -1,
              45, 44, 24, -1,
              46, 17, 39, -1,
              47, 21, 17, -1,
              47, 17, 46, -1,
              48, 49, 50, -1,
              48, 50, 51, -1,
              52, 45, 24, -1,
              52, 31, 45, -1,
              52, 38, 31, -1,
              53, 54, 55, -1,
              56, 52, 24, -1,
              57, 21, 47, -1,
              57, 28, 19, -1,
              57, 19, 21, -1,
              58, 28, 57, -1,
              59, 54, 53, -1,
              60, 56, 24, -1,
              60, 39, 56, -1,
              60, 46, 39, -1,
              61, 57, 47, -1,
              62, 28, 58, -1,
              62, 26, 28, -1,
              63, 34, 26, -1,
              63, 26, 62, -1,
              64, 65, 66, -1,
              64, 66, 67, -1,
              68, 57, 61, -1,
              69, 42, 32, -1,
              69, 34, 63, -1,
              69, 32, 34, -1,
              70, 42, 69, -1,
              71, 72, 73, -1,
              71, 73, 74, -1,
              75, 58, 76, -1,
              75, 62, 58, -1,
              77, 40, 42, -1,
              77, 42, 70, -1,
              78, 48, 51, -1,
              78, 51, 40, -1,
              78, 40, 77, -1,
              79, 80, 81, -1,
              79, 81, 82, -1,
              83, 69, 63, -1,
              83, 63, 84, -1,
              85, 48, 78, -1,
              86, 53, 48, -1,
              86, 48, 85, -1,
              87, 88, 89, -1,
              87, 90, 88, -1,
              91, 70, 92, -1,
              91, 77, 70, -1,
              93, 59, 53, -1,
              93, 53, 86, -1,
              94, 64, 67, -1,
              94, 67, 59, -1,
              94, 59, 93, -1,
              95, 96, 97, -1,
              95, 97, 98, -1,
              99, 85, 78, -1,
              99, 78, 100, -1,
              101, 64, 94, -1,
              102, 74, 64, -1,
              102, 64, 101, -1,
              103, 104, 105, -1,
              103, 105, 106, -1,
              107, 86, 108, -1,
              107, 93, 86, -1,
              109, 74, 102, -1,
              109, 71, 74, -1,
              110, 71, 109, -1,
              110, 82, 71, -1,
              111, 94, 112, -1,
              111, 101, 94, -1,
              113, 82, 110, -1,
              113, 79, 82, -1,
              113, 89, 79, -1,
              114, 97, 96, -1,
              114, 105, 104, -1,
              114, 90, 97, -1,
              114, 96, 105, -1,
              114, 104, 115, -1,
              114, 115, 116, -1,
              117, 87, 89, -1,
              117, 89, 113, -1,
              118, 102, 119, -1,
              118, 109, 102, -1,
              120, 114, 116, -1,
              121, 87, 117, -1,
              122, 87, 121, -1,
              122, 98, 87, -1,
              123, 110, 124, -1,
              123, 113, 110, -1,
              125, 98, 122, -1,
              125, 95, 98, -1,
              126, 95, 125, -1,
              126, 106, 95, -1,
              127, 117, 128, -1,
              127, 121, 117, -1,
              129, 116, 103, -1,
              129, 103, 106, -1,
              129, 106, 126, -1,
              130, 120, 116, -1,
              130, 116, 129, -1,
              131, 122, 132, -1,
              131, 125, 122, -1,
              133, 126, 134, -1,
              133, 129, 126, -1,
              135, 132, 127, -1,
              135, 134, 131, -1,
              135, 130, 136, -1,
              135, 136, 133, -1,
              135, 133, 134, -1,
              135, 120, 130, -1,
              135, 131, 132, -1,
              114, 5, 88, -1,
              88, 5, 80, -1,
              80, 5, 81, -1,
              81, 5, 72, -1,
              72, 5, 73, -1,
              73, 5, 65, -1,
              65, 5, 66, -1,
              66, 5, 54, -1,
              54, 5, 55, -1,
              55, 5, 49, -1,
              49, 5, 50, -1,
              50, 5, 43, -1,
              43, 5, 41, -1,
              41, 5, 35, -1,
              35, 5, 33, -1,
              33, 5, 29, -1,
              29, 5, 27, -1,
              27, 5, 22, -1,
              22, 5, 20, -1,
              20, 5, 14, -1,
              114, 88, 90, -1,
              24, 135, 127, -1,
              24, 127, 128, -1,
              24, 128, 123, -1,
              24, 123, 124, -1,
              24, 124, 118, -1,
              24, 118, 119, -1,
              24, 119, 111, -1,
              24, 111, 112, -1,
              24, 112, 107, -1,
              24, 107, 108, -1,
              24, 108, 99, -1,
              24, 99, 100, -1,
              24, 100, 91, -1,
              24, 91, 92, -1,
              24, 92, 83, -1,
              24, 83, 84, -1,
              24, 84, 75, -1,
              24, 75, 76, -1,
              24, 76, 68, -1,
              24, 68, 61, -1,
              24, 61, 60, -1,
              137, 138, 139, -1,
              140, 138, 137, -1,
              141, 142, 143, -1,
              144, 142, 141, -1,
              145, 146, 147, -1,
              148, 145, 149, -1,
              148, 146, 145, -1,
              150, 151, 152, -1,
              150, 152, 153, -1,
              154, 155, 156, -1,
              154, 156, 157, -1,
              158, 159, 160, -1,
              161, 158, 160, -1,
              162, 163, 164, -1,
              162, 165, 163, -1,
              166, 167, 168, -1,
              166, 168, 169, -1,
              170, 171, 172, -1,
              173, 171, 170, -1,
              174, 175, 176, -1,
              177, 174, 176, -1,
              178, 179, 180, -1,
              178, 181, 179, -1,
              182, 183, 184, -1,
              182, 184, 185, -1,
              186, 187, 188, -1,
              189, 187, 186, -1,
              190, 191, 192, -1,
              193, 190, 192, -1,
              194, 195, 196, -1,
              194, 197, 195, -1,
              198, 199, 200, -1,
              198, 200, 201, -1,
              202, 203, 204, -1,
              205, 203, 202, -1,
              206, 207, 208, -1,
              209, 206, 208, -1,
              210, 211, 212, -1,
              210, 213, 211, -1,
              214, 215, 216, -1,
              214, 216, 217, -1,
              218, 219, 220, -1,
              221, 219, 218, -1,
              222, 223, 224, -1,
              225, 222, 224, -1,
              226, 227, 228, -1,
              226, 229, 227, -1,
              230, 231, 232, -1,
              230, 232, 233, -1,
              234, 235, 236, -1,
              237, 235, 234, -1,
              238, 239, 240, -1,
              241, 238, 240, -1,
              242, 243, 244, -1,
              242, 245, 243, -1,
              246, 247, 248, -1,
              246, 248, 249, -1,
              250, 251, 252, -1,
              253, 251, 250, -1,
              254, 255, 256, -1,
              257, 254, 256, -1,
              258, 259, 260, -1,
              258, 261, 259, -1,
              262, 263, 264, -1,
              262, 264, 265, -1,
              266, 267, 268, -1,
              269, 267, 266, -1,
              270, 271, 272, -1,
              273, 270, 272, -1,
              274, 275, 276, -1,
              274, 277, 275, -1,
              278, 279, 280, -1,
              278, 280, 281, -1,
              282, 283, 284, -1,
              285, 283, 282, -1,
              286, 287, 288, -1,
              286, 288, 289, -1,
              290, 291, 292, -1,
              290, 293, 291, -1,
              294, 295, 296, -1,
              294, 297, 295, -1,
              298, 299, 300, -1,
              298, 300, 301, -1,
              302, 303, 304, -1,
              302, 304, 305, -1,
              306, 307, 308, -1,
              306, 309, 307, -1,
              310, 311, 312, -1,
              310, 312, 313, -1,
              314, 315, 316, -1,
              314, 317, 315, -1,
              318, 319, 320, -1,
              318, 320, 321, -1,
              322, 323, 324, -1,
              322, 325, 323, -1,
              326, 327, 328, -1,
              326, 328, 329, -1,
              330, 331, 332, -1,
              330, 333, 331, -1,
              334, 335, 336, -1,
              334, 336, 337, -1,
              338, 339, 340, -1,
              338, 341, 339, -1,
              342, 343, 344, -1,
              342, 344, 345, -1,
              346, 347, 348, -1,
              346, 349, 347, -1,
              350, 351, 352, -1,
              350, 352, 353, -1,
              354, 355, 356, -1,
              354, 357, 355, -1,
              358, 359, 360, -1,
              358, 360, 361, -1,
              362, 363, 364, -1,
              362, 365, 363, -1,
              366, 367, 368, -1,
              366, 368, 369, -1,
              370, 371, 372, -1,
              370, 373, 371, -1,
              374, 375, 376, -1,
              374, 376, 377, -1,
              378, 379, 380, -1,
              378, 381, 379, -1,
              382, 383, 384, -1,
              382, 384, 385, -1,
              386, 387, 388, -1,
              386, 389, 387, -1,
              390, 391, 392, -1,
              390, 392, 393, -1,
              394, 395, 396, -1,
              394, 397, 395, -1,
              398, 399, 400, -1,
              398, 400, 401, -1,
              402, 403, 404, -1,
              402, 405, 403, -1,
              406, 407, 408, -1,
              406, 408, 409, -1,
              410, 411, 412, -1,
              410, 413, 411, -1,
              414, 415, 416, -1,
              417, 414, 416, -1,
              418, 419, 420, -1,
              418, 421, 419, -1,
              422, 423, 424, -1,
              422, 424, 425, -1,
              426, 427, 428, -1,
              429, 427, 426, -1,
              430, 431, 432, -1,
              433, 430, 432, -1,
              434, 435, 436, -1,
              434, 437, 435, -1,
              438, 439, 440, -1,
              438, 440, 441, -1,
              442, 443, 444, -1,
              445, 443, 442, -1,
              446, 447, 448, -1,
              449, 446, 448, -1,
              450, 451, 452, -1,
              450, 453, 451, -1,
              454, 455, 456, -1,
              454, 456, 457, -1,
              458, 459, 460, -1,
              461, 459, 458, -1,
              462, 463, 464, -1,
              465, 462, 464, -1,
              466, 467, 468, -1,
              466, 469, 467, -1,
              470, 471, 472, -1,
              470, 472, 473, -1,
              474, 475, 476, -1,
              477, 475, 474, -1,
              478, 479, 480, -1,
              481, 478, 480, -1,
              482, 483, 484, -1,
              485, 482, 484, -1,
              486, 487, 488, -1,
              489, 487, 486, -1,
              490, 491, 492, -1,
              493, 491, 490, -1,
              494, 495, 496, -1,
              497, 494, 496, -1,
              498, 499, 500, -1,
              498, 501, 499, -1,
              502, 503, 504, -1,
              502, 504, 505, -1,
              506, 507, 508, -1,
              509, 507, 506, -1,
              510, 511, 512, -1,
              513, 510, 512, -1,
              514, 515, 516, -1,
              514, 517, 515, -1,
              518, 519, 520, -1,
              518, 520, 521, -1,
              522, 523, 524, -1,
              525, 523, 522, -1,
              526, 527, 528, -1,
              529, 526, 528, -1,
              530, 531, 532, -1,
              530, 533, 531, -1,
              534, 535, 536, -1,
              534, 536, 537, -1,
              538, 539, 540, -1,
              541, 539, 538, -1,
              542, 543, 544, -1,
              542, 544, 545, -1,
              546, 547, 548, -1,
              546, 549, 547, -1,
              550, 551, 552, -1,
              550, 552, 553, -1,
              554, 555, 556, -1,
              554, 557, 555, -1,
              558, 559, 560, -1,
              558, 560, 561, -1,
              562, 563, 564, -1,
              562, 565, 563, -1,
              566, 567, 568, -1,
              566, 568, 569, -1,
              570, 571, 572, -1,
              570, 573, 571, -1,
              574, 575, 576, -1,
              574, 576, 577, -1,
              578, 579, 580, -1,
              578, 581, 579, -1,
              582, 583, 584, -1,
              582, 584, 585, -1,
              586, 587, 588, -1,
              586, 589, 587, -1,
              590, 591, 592, -1,
              590, 592, 593, -1,
              594, 595, 596, -1,
              594, 597, 595, -1,
              598, 599, 600, -1,
              598, 600, 601, -1,
              602, 603, 604, -1,
              602, 605, 603, -1,
              606, 607, 608, -1,
              606, 608, 609, -1,
              610, 611, 612, -1,
              613, 610, 612, -1,
              614, 615, 616, -1,
              617, 615, 614, -1,
              618, 619, 620, -1,
              618, 621, 619, -1,
              622, 623, 624, -1,
              622, 624, 625, -1,
              626, 627, 628, -1,
              626, 629, 627, -1,
              630, 631, 632, -1,
              630, 632, 633, -1,
              634, 635, 636, -1,
              634, 637, 635, -1,
              638, 639, 640, -1,
              638, 640, 641, -1,
              642, 643, 644, -1,
              642, 645, 643, -1,
              646, 647, 648, -1,
              646, 648, 649, -1,
              650, 651, 652, -1,
              650, 653, 651, -1,
              654, 655, 656, -1,
              654, 656, 657, -1,
              658, 659, 660, -1,
              658, 661, 659, -1,
              662, 663, 664, -1,
              662, 664, 665, -1,
              666, 667, 668, -1,
              666, 669, 667, -1,
              670, 671, 672, -1,
              670, 672, 673, -1,
              674, 675, 676, -1,
              674, 676, 677, -1,
              678, 679, 680, -1,
              678, 680, 681, -1,
              682, 683, 684, -1,
              682, 684, 685, -1,
              686, 687, 688, -1,
              686, 688, 689, -1,
              690, 691, 692, -1,
              690, 692, 693, -1,
              694, 695, 696, -1,
              694, 696, 697, -1,
              698, 699, 700, -1,
              698, 700, 701, -1,
              702, 703, 704, -1,
              702, 704, 705, -1,
              706, 707, 708, -1,
              706, 708, 709, -1,
              710, 711, 712, -1,
              710, 712, 713, -1,
              714, 715, 716, -1,
              714, 716, 717, -1,
              718, 719, 720, -1,
              718, 720, 721, -1,
              722, 723, 724, -1,
              722, 724, 725, -1,
              726, 727, 728, -1,
              726, 728, 729, -1,
              730, 731, 732, -1,
              730, 732, 733, -1,
              734, 735, 736, -1,
              734, 736, 737, -1,
              738, 739, 740, -1,
              738, 740, 741, -1,
              742, 743, 744, -1,
              742, 744, 745, -1,
              746, 747, 748, -1,
              746, 748, 749, -1,
              750, 751, 752, -1,
              750, 752, 753, -1,
              754, 755, 756, -1,
              754, 756, 757, -1,
              758, 759, 760, -1,
              758, 760, 761, -1,
              762, 763, 764, -1,
              762, 764, 765, -1,
              766, 767, 768, -1,
              766, 768, 769, -1,
              770, 771, 772, -1,
              770, 772, 773, -1,
              774, 775, 776, -1,
              774, 776, 777, -1,
              778, 779, 780, -1,
              778, 780, 781, -1,
              782, 783, 784, -1,
              782, 784, 785, -1,
              786, 787, 788, -1,
              786, 788, 789, -1,
              790, 791, 792, -1,
              790, 792, 793, -1,
              794, 795, 796, -1,
              794, 796, 797, -1,
            ]
          }
        }
      ]
    }
    Transform {
      translation 0 0 0
      rotation 0 0 1 0
      scale 1 1 1
      children [
        Shape {
          appearance Appearance {
            material Material {
              ambientIntensity 0
              emissiveColor 0 0 0
              diffuseColor 1 1 1
              specularColor 0 0 0
              shininess 0.0078125
              transparency 0
              }
            }
          geometry IndexedLineSet {
            coord DEF VTKcoordinates Coordinate {
              point [
              -3.8299999237060547 9.5600004196166992 10.199999809265137,
              -3.8299999237060547 -44.939998626708984 10.199999809265137,
              -3.8299999237060547 9.5600004196166992 0,
              -3.8299999237060547 -44.939998626708984 0,
              -2.8299999237060547 10.560000419616699 10.199999809265137,
              19.069999694824219 -44.939998626708984 10.199999809265137,
              19.069999694824219 10.560000419616699 10.199999809265137,
              1.8999999761581421 -38.599998474121094 10.199999809265137,
              -1.8999999761581421 -38.599998474121094 10.199999809265137,
              1.8999999761581421 -37.599998474121094 10.199999809265137,
              -1.8999999761581421 -37.599998474121094 10.199999809265137,
              1.8999999761581421 -36.060001373291016 10.199999809265137,
              -1.8999999761581421 -36.060001373291016 10.199999809265137,
              1.8999999761581421 -35.060001373291016 10.199999809265137,
              -1.8999999761581421 -35.060001373291016 10.199999809265137,
              1.8999999761581421 -33.520000457763672 10.199999809265137,
              -1.8999999761581421 -33.520000457763672 10.199999809265137,
              1.8999999761581421 -32.520000457763672 10.199999809265137,
              -1.8999999761581421 -32.520000457763672 10.199999809265137,
              1.8999999761581421 -30.979999542236328 10.199999809265137,
              -1.8999999761581421 -30.979999542236328 10.199999809265137,
              1.8999999761581421 -29.979999542236328 10.199999809265137,
              -1.8999999761581421 -29.979999542236328 10.199999809265137,
              1.8999999761581421 -28.440000534057617 10.199999809265137,
              -1.8999999761581421 -28.440000534057617 10.199999809265137,
              1.8999999761581421 -27.440000534057617 10.199999809265137,
              -1.8999999761581421 -27.440000534057617 10.199999809265137,
              1.8999999761581421 -25.899999618530273 10.199999809265137,
              -1.8999999761581421 -25.899999618530273 10.199999809265137,
              1.8999999761581421 -24.899999618530273 10.199999809265137,
              -1.8999999761581421 -24.899999618530273 10.199999809265137,
              1.8999999761581421 -23.360000610351562 10.199999809265137,
              -1.8999999761581421 -23.360000610351562 10.199999809265137,
              1.8999999761581421 -22.360000610351562 10.199999809265137,
              -1.8999999761581421 -22.360000610351562 10.199999809265137,
              1.8999999761581421 -20.819999694824219 10.199999809265137,
              -1.8999999761581421 -20.819999694824219 10.199999809265137,
              1.8999999761581421 -19.819999694824219 10.199999809265137,
              -1.8999999761581421 -19.819999694824219 10.199999809265137,
              17.139999389648438 -38.599998474121094 10.199999809265137,
              13.340000152587891 -38.599998474121094 10.199999809265137,
              17.139999389648438 -37.599998474121094 10.199999809265137,
              13.340000152587891 -37.599998474121094 10.199999809265137,
              17.139999389648438 -36.060001373291016 10.199999809265137,
              13.340000152587891 -36.060001373291016 10.199999809265137,
              17.139999389648438 -35.060001373291016 10.199999809265137,
              13.340000152587891 -35.060001373291016 10.199999809265137,
              17.139999389648438 -33.520000457763672 10.199999809265137,
              13.340000152587891 -33.520000457763672 10.199999809265137,
              17.139999389648438 -32.520000457763672 10.199999809265137,
              13.340000152587891 -32.520000457763672 10.199999809265137,
              17.139999389648438 -30.979999542236328 10.199999809265137,
              13.340000152587891 -30.979999542236328 10.199999809265137,
              17.139999389648438 -29.979999542236328 10.199999809265137,
              13.340000152587891 -29.979999542236328 10.199999809265137,
              17.139999389648438 -28.440000534057617 10.199999809265137,
              13.340000152587891 -28.440000534057617 10.199999809265137,
              17.139999389648438 -27.440000534057617 10.199999809265137,
              13.340000152587891 -27.440000534057617 10.199999809265137,
              17.139999389648438 -25.899999618530273 10.199999809265137,
              13.340000152587891 -25.899999618530273 10.199999809265137,
              17.139999389648438 -24.899999618530273 10.199999809265137,
              13.340000152587891 -24.899999618530273 10.199999809265137,
              17.139999389648438 -23.360000610351562 10.199999809265137,
              13.340000152587891 -23.360000610351562 10.199999809265137,
              17.139999389648438 -22.360000610351562 10.199999809265137,
              13.340000152587891 -22.360000610351562 10.199999809265137,
              17.139999389648438 -20.819999694824219 10.199999809265137,
              13.340000152587891 -20.819999694824219 10.199999809265137,
              17.139999389648438 -19.819999694824219 10.199999809265137,
              13.340000152587891 -19.819999694824219 10.199999809265137,
              1.8999999761581421 -18.280000686645508 10.199999809265137,
              -1.8999999761581421 -18.280000686645508 10.199999809265137,
              1.8999999761581421 -17.280000686645508 10.199999809265137,
              -1.8999999761581421 -17.280000686645508 10.199999809265137,
              1.8999999761581421 -15.739999771118164 10.199999809265137,
              -1.8999999761581421 -15.739999771118164 10.199999809265137,
              1.8999999761581421 -14.739999771118164 10.199999809265137,
              -1.8999999761581421 -14.739999771118164 10.199999809265137,
              1.8999999761581421 -13.199999809265137 10.199999809265137,
              -1.8999999761581421 -13.199999809265137 10.199999809265137,
              1.8999999761581421 -12.199999809265137 10.199999809265137,
              -1.8999999761581421 -12.199999809265137 10.199999809265137,
              1.8999999761581421 -10.659999847412109 10.199999809265137,
              -1.8999999761581421 -10.659999847412109 10.199999809265137,
              1.8999999761581421 -9.6599998474121094 10.199999809265137,
              -1.8999999761581421 -9.6599998474121094 10.199999809265137,
              1.8999999761581421 -8.119999885559082 10.199999809265137,
              -1.8999999761581421 -8.119999885559082 10.199999809265137,
              1.8999999761581421 -7.119999885559082 10.199999809265137,
              -1.8999999761581421 -7.119999885559082 10.199999809265137,
              1.8999999761581421 -5.5799999237060547 10.199999809265137,
              -1.8999999761581421 -5.5799999237060547 10.199999809265137,
              1.8999999761581421 -4.5799999237060547 10.199999809265137,
              -1.8999999761581421 -4.5799999237060547 10.199999809265137,
              1.8999999761581421 -3.0399999618530273 10.199999809265137,
              -1.8999999761581421 -3.0399999618530273 10.199999809265137,
              1.8999999761581421 -2.0399999618530273 10.199999809265137,
              -1.8999999761581421 -2.0399999618530273 10.199999809265137,
              1.8999999761581421 -0.5 10.199999809265137,
              -1.8999999761581421 -0.5 10.199999809265137,
              1.8999999761581421 0.5 10.199999809265137,
              -1.8999999761581421 0.5 10.199999809265137,
              17.139999389648438 -18.280000686645508 10.199999809265137,
              13.340000152587891 -18.280000686645508 10.199999809265137,
              17.139999389648438 -17.280000686645508 10.199999809265137,
              13.340000152587891 -17.280000686645508 10.199999809265137,
              17.139999389648438 -15.739999771118164 10.199999809265137,
              13.340000152587891 -15.739999771118164 10.199999809265137,
              17.139999389648438 -14.739999771118164 10.199999809265137,
              13.340000152587891 -14.739999771118164 10.199999809265137,
              17.139999389648438 -13.199999809265137 10.199999809265137,
              13.340000152587891 -13.199999809265137 10.199999809265137,
              17.139999389648438 -12.199999809265137 10.199999809265137,
              13.340000152587891 -12.199999809265137 10.199999809265137,
              17.139999389648438 -10.659999847412109 10.199999809265137,
              13.340000152587891 -10.659999847412109 10.199999809265137,
              17.139999389648438 -9.6599998474121094 10.199999809265137,
              13.340000152587891 -9.6599998474121094 10.199999809265137,
              17.139999389648438 -8.119999885559082 10.199999809265137,
              13.340000152587891 -8.119999885559082 10.199999809265137,
              17.139999389648438 -7.119999885559082 10.199999809265137,
              13.340000152587891 -7.119999885559082 10.199999809265137,
              17.139999389648438 -5.5799999237060547 10.199999809265137,
              13.340000152587891 -5.5799999237060547 10.199999809265137,
              17.139999389648438 -4.5799999237060547 10.199999809265137,
              13.340000152587891 -4.5799999237060547 10.199999809265137,
              17.139999389648438 -3.0399999618530273 10.199999809265137,
              13.340000152587891 -3.0399999618530273 10.199999809265137,
              17.139999389648438 -2.0399999618530273 10.199999809265137,
              13.340000152587891 -2.0399999618530273 10.199999809265137,
              17.139999389648438 -0.5 10.199999809265137,
              13.340000152587891 -0.5 10.199999809265137,
              17.139999389648438 0.5 10.199999809265137,
              13.340000152587891 0.5 10.199999809265137,
              -2.8299999237060547 10.560000419616699 0,
              19.069999694824219 -44.939998626708984 0,
              19.069999694824219 10.560000419616699 0,
              1.8999999761581421 -38.599998474121094 8.6999998092651367,
              -1.8999999761581421 -38.599998474121094 8.6999998092651367,
              1.8999999761581421 -37.599998474121094 8.6999998092651367,
              -1.8999999761581421 -37.599998474121094 8.6999998092651367,
              1.8999999761581421 -36.060001373291016 8.6999998092651367,
              -1.8999999761581421 -36.060001373291016 8.6999998092651367,
              1.8999999761581421 -35.060001373291016 8.6999998092651367,
              -1.8999999761581421 -35.060001373291016 8.6999998092651367,
              1.8999999761581421 -33.520000457763672 8.6999998092651367,
              -1.8999999761581421 -33.520000457763672 8.6999998092651367,
              1.8999999761581421 -32.520000457763672 8.6999998092651367,
              -1.8999999761581421 -32.520000457763672 8.6999998092651367,
              1.8999999761581421 -30.979999542236328 8.6999998092651367,
              -1.8999999761581421 -30.979999542236328 8.6999998092651367,
              1.8999999761581421 -29.979999542236328 8.6999998092651367,
              -1.8999999761581421 -29.979999542236328 8.6999998092651367,
              1.8999999761581421 -28.440000534057617 8.6999998092651367,
              -1.8999999761581421 -28.440000534057617 8.6999998092651367,
              1.8999999761581421 -27.440000534057617 8.6999998092651367,
              -1.8999999761581421 -27.440000534057617 8.6999998092651367,
              1.8999999761581421 -25.899999618530273 8.6999998092651367,
              -1.8999999761581421 -25.899999618530273 8.6999998092651367,
              1.8999999761581421 -24.899999618530273 8.6999998092651367,
              -1.8999999761581421 -24.899999618530273 8.6999998092651367,
              1.8999999761581421 -23.360000610351562 8.6999998092651367,
              -1.8999999761581421 -23.360000610351562 8.6999998092651367,
              1.8999999761581421 -22.360000610351562 8.6999998092651367,
              -1.8999999761581421 -22.360000610351562 8.6999998092651367,
              1.8999999761581421 -20.819999694824219 8.6999998092651367,
              -1.8999999761581421 -20.819999694824219 8.6999998092651367,
              1.8999999761581421 -19.819999694824219 8.6999998092651367,
              -1.8999999761581421 -19.819999694824219 8.6999998092651367,
              17.139999389648438 -38.599998474121094 8.6999998092651367,
              13.340000152587891 -38.599998474121094 8.6999998092651367,
              17.139999389648438 -37.599998474121094 8.6999998092651367,
              13.340000152587891 -37.599998474121094 8.6999998092651367,
              17.139999389648438 -36.060001373291016 8.6999998092651367,
              13.340000152587891 -36.060001373291016 8.6999998092651367,
              17.139999389648438 -35.060001373291016 8.6999998092651367,
              13.340000152587891 -35.060001373291016 8.6999998092651367,
              17.139999389648438 -33.520000457763672 8.6999998092651367,
              13.340000152587891 -33.520000457763672 8.6999998092651367,
              17.139999389648438 -32.520000457763672 8.6999998092651367,
              13.340000152587891 -32.520000457763672 8.6999998092651367,
              17.139999389648438 -30.979999542236328 8.6999998092651367,
              13.340000152587891 -30.979999542236328 8.6999998092651367,
              17.139999389648438 -29.979999542236328 8.6999998092651367,
              13.340000152587891 -29.979999542236328 8.6999998092651367,
              17.139999389648438 -28.440000534057617 8.6999998092651367,
              13.340000152587891 -28.440000534057617 8.6999998092651367,
              17.139999389648438 -27.440000534057617 8.6999998092651367,
              13.340000152587891 -27.440000534057617 8.6999998092651367,
              17.139999389648438 -25.899999618530273 8.6999998092651367,
              13.340000152587891 -25.899999618530273 8.6999998092651367,
              17.139999389648438 -24.899999618530273 8.6999998092651367,
              13.340000152587891 -24.899999618530273 8.6999998092651367,
              17.139999389648438 -23.360000610351562 8.6999998092651367,
              13.340000152587891 -23.360000610351562 8.6999998092651367,
              17.139999389648438 -22.360000610351562 8.6999998092651367,
              13.340000152587891 -22.360000610351562 8.6999998092651367,
              17.139999389648438 -20.819999694824219 8.6999998092651367,
              13.340000152587891 -20.819999694824219 8.6999998092651367,
              17.139999389648438 -19.819999694824219 8.6999998092651367,
              13.340000152587891 -19.819999694824219 8.6999998092651367,
              1.8999999761581421 -18.280000686645508 8.6999998092651367,
              -1.8999999761581421 -18.280000686645508 8.6999998092651367,
              1.8999999761581421 -17.280000686645508 8.6999998092651367,
              -1.8999999761581421 -17.280000686645508 8.6999998092651367,
              1.8999999761581421 -15.739999771118164 8.6999998092651367,
              -1.8999999761581421 -15.739999771118164 8.6999998092651367,
              1.8999999761581421 -14.739999771118164 8.6999998092651367,
              -1.8999999761581421 -14.739999771118164 8.6999998092651367,
              1.8999999761581421 -13.199999809265137 8.6999998092651367,
              -1.8999999761581421 -13.199999809265137 8.6999998092651367,
              1.8999999761581421 -12.199999809265137 8.6999998092651367,
              -1.8999999761581421 -12.199999809265137 8.6999998092651367,
              1.8999999761581421 -10.659999847412109 8.6999998092651367,
              -1.8999999761581421 -10.659999847412109 8.6999998092651367,
              1.8999999761581421 -9.6599998474121094 8.6999998092651367,
              -1.8999999761581421 -9.6599998474121094 8.6999998092651367,
              1.8999999761581421 -8.119999885559082 8.6999998092651367,
              -1.8999999761581421 -8.119999885559082 8.6999998092651367,
              1.8999999761581421 -7.119999885559082 8.6999998092651367,
              -1.8999999761581421 -7.119999885559082 8.6999998092651367,
              1.8999999761581421 -5.5799999237060547 8.6999998092651367,
              -1.8999999761581421 -5.5799999237060547 8.6999998092651367,
              1.8999999761581421 -4.5799999237060547 8.6999998092651367,
              -1.8999999761581421 -4.5799999237060547 8.6999998092651367,
              1.8999999761581421 -3.0399999618530273 8.6999998092651367,
              -1.8999999761581421 -3.0399999618530273 8.6999998092651367,
              1.8999999761581421 -2.0399999618530273 8.6999998092651367,
              -1.8999999761581421 -2.0399999618530273 8.6999998092651367,
              1.8999999761581421 -0.5 8.6999998092651367,
              -1.8999999761581421 -0.5 8.6999998092651367,
              1.8999999761581421 0.5 8.6999998092651367,
              -1.8999999761581421 0.5 8.6999998092651367,
              17.139999389648438 -18.280000686645508 8.6999998092651367,
              13.340000152587891 -18.280000686645508 8.6999998092651367,
              17.139999389648438 -17.280000686645508 8.6999998092651367,
              13.340000152587891 -17.280000686645508 8.6999998092651367,
              17.139999389648438 -15.739999771118164 8.6999998092651367,
              13.340000152587891 -15.739999771118164 8.6999998092651367,
              17.139999389648438 -14.739999771118164 8.6999998092651367,
              13.340000152587891 -14.739999771118164 8.6999998092651367,
              17.139999389648438 -13.199999809265137 8.6999998092651367,
              13.340000152587891 -13.199999809265137 8.6999998092651367,
              17.139999389648438 -12.199999809265137 8.6999998092651367,
              13.340000152587891 -12.199999809265137 8.6999998092651367,
              17.139999389648438 -10.659999847412109 8.6999998092651367,
              13.340000152587891 -10.659999847412109 8.6999998092651367,
              17.139999389648438 -9.6599998474121094 8.6999998092651367,
              13.340000152587891 -9.6599998474121094 8.6999998092651367,
              17.139999389648438 -8.119999885559082 8.6999998092651367,
              13.340000152587891 -8.119999885559082 8.6999998092651367,
              17.139999389648438 -7.119999885559082 8.6999998092651367,
              13.340000152587891 -7.119999885559082 8.6999998092651367,
              17.139999389648438 -5.5799999237060547 8.6999998092651367,
              13.340000152587891 -5.5799999237060547 8.6999998092651367,
              17.139999389648438 -4.5799999237060547 8.6999998092651367,
              13.340000152587891 -4.5799999237060547 8.6999998092651367,
              17.139999389648438 -3.0399999618530273 8.6999998092651367,
              13.340000152587891 -3.0399999618530273 8.6999998092651367,
              17.139999389648438 -2.0399999618530273 8.6999998092651367,
              13.340000152587891 -2.0399999618530273 8.6999998092651367,
              17.139999389648438 -0.5 8.6999998092651367,
              13.340000152587891 -0.5 8.6999998092651367,
              17.139999389648438 0.5 8.6999998092651367,
              13.340000152587891 0.5 8.6999998092651367,
              -3.8299999237060547 -44.939998626708984 10.199999809265137,
              -3.8299999237060547 9.5600004196166992 10.199999809265137,
              -3.8299999237060547 9.5600004196166992 0,
              -3.8299999237060547 9.5600004196166992 10.199999809265137,
              -3.8299999237060547 -44.939998626708984 0,
              -3.8299999237060547 -44.939998626708984 10.199999809265137,
              -3.8299999237060547 -44.939998626708984 0,
              -3.8299999237060547 9.5600004196166992 0,
              -3.8299999237060547 9.5600004196166992 10.199999809265137,
              -2.8299999237060547 10.560000419616699 10.199999809265137,
              -3.8299999237060547 -44.939998626708984 10.199999809265137,
              19.069999694824219 -44.939998626708984 10.199999809265137,
              -2.8299999237060547 10.560000419616699 10.199999809265137,
              19.069999694824219 10.560000419616699 10.199999809265137,
              19.069999694824219 -44.939998626708984 10.199999809265137,
              19.069999694824219 10.560000419616699 10.199999809265137,
              1.8999999761581421 -38.599998474121094 10.199999809265137,
              -1.8999999761581421 -38.599998474121094 10.199999809265137,
              1.8999999761581421 -38.599998474121094 10.199999809265137,
              1.8999999761581421 -37.599998474121094 10.199999809265137,
              -1.8999999761581421 -38.599998474121094 10.199999809265137,
              -1.8999999761581421 -37.599998474121094 10.199999809265137,
              1.8999999761581421 -37.599998474121094 10.199999809265137,
              -1.8999999761581421 -37.599998474121094 10.199999809265137,
              1.8999999761581421 -36.060001373291016 10.199999809265137,
              -1.8999999761581421 -36.060001373291016 10.199999809265137,
              1.8999999761581421 -36.060001373291016 10.199999809265137,
              1.8999999761581421 -35.060001373291016 10.199999809265137,
              -1.8999999761581421 -36.060001373291016 10.199999809265137,
              -1.8999999761581421 -35.060001373291016 10.199999809265137,
              1.8999999761581421 -35.060001373291016 10.199999809265137,
              -1.8999999761581421 -35.060001373291016 10.199999809265137,
              1.8999999761581421 -33.520000457763672 10.199999809265137,
              -1.8999999761581421 -33.520000457763672 10.199999809265137,
              1.8999999761581421 -33.520000457763672 10.199999809265137,
              1.8999999761581421 -32.520000457763672 10.199999809265137,
              -1.8999999761581421 -33.520000457763672 10.199999809265137,
              -1.8999999761581421 -32.520000457763672 10.199999809265137,
              1.8999999761581421 -32.520000457763672 10.199999809265137,
              -1.8999999761581421 -32.520000457763672 10.199999809265137,
              1.8999999761581421 -30.979999542236328 10.199999809265137,
              -1.8999999761581421 -30.979999542236328 10.199999809265137,
              1.8999999761581421 -30.979999542236328 10.199999809265137,
              1.8999999761581421 -29.979999542236328 10.199999809265137,
              -1.8999999761581421 -30.979999542236328 10.199999809265137,
              -1.8999999761581421 -29.979999542236328 10.199999809265137,
              1.8999999761581421 -29.979999542236328 10.199999809265137,
              -1.8999999761581421 -29.979999542236328 10.199999809265137,
              1.8999999761581421 -28.440000534057617 10.199999809265137,
              -1.8999999761581421 -28.440000534057617 10.199999809265137,
              1.8999999761581421 -28.440000534057617 10.199999809265137,
              1.8999999761581421 -27.440000534057617 10.199999809265137,
              -1.8999999761581421 -28.440000534057617 10.199999809265137,
              -1.8999999761581421 -27.440000534057617 10.199999809265137,
              1.8999999761581421 -27.440000534057617 10.199999809265137,
              -1.8999999761581421 -27.440000534057617 10.199999809265137,
              1.8999999761581421 -25.899999618530273 10.199999809265137,
              -1.8999999761581421 -25.899999618530273 10.199999809265137,
              1.8999999761581421 -25.899999618530273 10.199999809265137,
              1.8999999761581421 -24.899999618530273 10.199999809265137,
              -1.8999999761581421 -25.899999618530273 10.199999809265137,
              -1.8999999761581421 -24.899999618530273 10.199999809265137,
              1.8999999761581421 -24.899999618530273 10.199999809265137,
              -1.8999999761581421 -24.899999618530273 10.199999809265137,
              1.8999999761581421 -23.360000610351562 10.199999809265137,
              -1.8999999761581421 -23.360000610351562 10.199999809265137,
              1.8999999761581421 -23.360000610351562 10.199999809265137,
              1.8999999761581421 -22.360000610351562 10.199999809265137,
              -1.8999999761581421 -23.360000610351562 10.199999809265137,
              -1.8999999761581421 -22.360000610351562 10.199999809265137,
              1.8999999761581421 -22.360000610351562 10.199999809265137,
              -1.8999999761581421 -22.360000610351562 10.199999809265137,
              1.8999999761581421 -20.819999694824219 10.199999809265137,
              -1.8999999761581421 -20.819999694824219 10.199999809265137,
              1.8999999761581421 -20.819999694824219 10.199999809265137,
              1.8999999761581421 -19.819999694824219 10.199999809265137,
              -1.8999999761581421 -20.819999694824219 10.199999809265137,
              -1.8999999761581421 -19.819999694824219 10.199999809265137,
              1.8999999761581421 -19.819999694824219 10.199999809265137,
              -1.8999999761581421 -19.819999694824219 10.199999809265137,
              17.139999389648438 -38.599998474121094 10.199999809265137,
              13.340000152587891 -38.599998474121094 10.199999809265137,
              17.139999389648438 -38.599998474121094 10.199999809265137,
              17.139999389648438 -37.599998474121094 10.199999809265137,
              17.139999389648438 -37.599998474121094 10.199999809265137,
              13.340000152587891 -37.599998474121094 10.199999809265137,
              13.340000152587891 -38.599998474121094 10.199999809265137,
              13.340000152587891 -37.599998474121094 10.199999809265137,
              17.139999389648438 -36.060001373291016 10.199999809265137,
              13.340000152587891 -36.060001373291016 10.199999809265137,
              17.139999389648438 -36.060001373291016 10.199999809265137,
              17.139999389648438 -35.060001373291016 10.199999809265137,
              13.340000152587891 -36.060001373291016 10.199999809265137,
              13.340000152587891 -35.060001373291016 10.199999809265137,
              17.139999389648438 -35.060001373291016 10.199999809265137,
              13.340000152587891 -35.060001373291016 10.199999809265137,
              17.139999389648438 -33.520000457763672 10.199999809265137,
              13.340000152587891 -33.520000457763672 10.199999809265137,
              17.139999389648438 -33.520000457763672 10.199999809265137,
              17.139999389648438 -32.520000457763672 10.199999809265137,
              13.340000152587891 -33.520000457763672 10.199999809265137,
              13.340000152587891 -32.520000457763672 10.199999809265137,
              17.139999389648438 -32.520000457763672 10.199999809265137,
              13.340000152587891 -32.520000457763672 10.199999809265137,
              17.139999389648438 -30.979999542236328 10.199999809265137,
              13.340000152587891 -30.979999542236328 10.199999809265137,
              17.139999389648438 -30.979999542236328 10.199999809265137,
              17.139999389648438 -29.979999542236328 10.199999809265137,
              13.340000152587891 -30.979999542236328 10.199999809265137,
              13.340000152587891 -29.979999542236328 10.199999809265137,
              17.139999389648438 -29.979999542236328 10.199999809265137,
              13.340000152587891 -29.979999542236328 10.199999809265137,
              17.139999389648438 -28.440000534057617 10.199999809265137,
              13.340000152587891 -28.440000534057617 10.199999809265137,
              17.139999389648438 -28.440000534057617 10.199999809265137,
              17.139999389648438 -27.440000534057617 10.199999809265137,
              13.340000152587891 -28.440000534057617 10.199999809265137,
              13.340000152587891 -27.440000534057617 10.199999809265137,
              17.139999389648438 -27.440000534057617 10.199999809265137,
              13.340000152587891 -27.440000534057617 10.199999809265137,
              17.139999389648438 -25.899999618530273 10.199999809265137,
              13.340000152587891 -25.899999618530273 10.199999809265137,
              17.139999389648438 -25.899999618530273 10.199999809265137,
              17.139999389648438 -24.899999618530273 10.199999809265137,
              13.340000152587891 -25.899999618530273 10.199999809265137,
              13.340000152587891 -24.899999618530273 10.199999809265137,
              17.139999389648438 -24.899999618530273 10.199999809265137,
              13.340000152587891 -24.899999618530273 10.199999809265137,
              17.139999389648438 -23.360000610351562 10.199999809265137,
              13.340000152587891 -23.360000610351562 10.199999809265137,
              17.139999389648438 -23.360000610351562 10.199999809265137,
              17.139999389648438 -22.360000610351562 10.199999809265137,
              13.340000152587891 -23.360000610351562 10.199999809265137,
              13.340000152587891 -22.360000610351562 10.199999809265137,
              17.139999389648438 -22.360000610351562 10.199999809265137,
              13.340000152587891 -22.360000610351562 10.199999809265137,
              17.139999389648438 -20.819999694824219 10.199999809265137,
              13.340000152587891 -20.819999694824219 10.199999809265137,
              17.139999389648438 -20.819999694824219 10.199999809265137,
              17.139999389648438 -19.819999694824219 10.199999809265137,
              13.340000152587891 -20.819999694824219 10.199999809265137,
              13.340000152587891 -19.819999694824219 10.199999809265137,
              17.139999389648438 -19.819999694824219 10.199999809265137,
              13.340000152587891 -19.819999694824219 10.199999809265137,
              1.8999999761581421 -18.280000686645508 10.199999809265137,
              -1.8999999761581421 -18.280000686645508 10.199999809265137,
              1.8999999761581421 -18.280000686645508 10.199999809265137,
              1.8999999761581421 -17.280000686645508 10.199999809265137,
              -1.8999999761581421 -18.280000686645508 10.199999809265137,
              -1.8999999761581421 -17.280000686645508 10.199999809265137,
              1.8999999761581421 -17.280000686645508 10.199999809265137,
              -1.8999999761581421 -17.280000686645508 10.199999809265137,
              1.8999999761581421 -15.739999771118164 10.199999809265137,
              -1.8999999761581421 -15.739999771118164 10.199999809265137,
              1.8999999761581421 -15.739999771118164 10.199999809265137,
              1.8999999761581421 -14.739999771118164 10.199999809265137,
              -1.8999999761581421 -15.739999771118164 10.199999809265137,
              -1.8999999761581421 -14.739999771118164 10.199999809265137,
              1.8999999761581421 -14.739999771118164 10.199999809265137,
              -1.8999999761581421 -14.739999771118164 10.199999809265137,
              1.8999999761581421 -13.199999809265137 10.199999809265137,
              -1.8999999761581421 -13.199999809265137 10.199999809265137,
              1.8999999761581421 -13.199999809265137 10.199999809265137,
              1.8999999761581421 -12.199999809265137 10.199999809265137,
              -1.8999999761581421 -13.199999809265137 10.199999809265137,
              -1.8999999761581421 -12.199999809265137 10.199999809265137,
              1.8999999761581421 -12.199999809265137 10.199999809265137,
              -1.8999999761581421 -12.199999809265137 10.199999809265137,
              1.8999999761581421 -10.659999847412109 10.199999809265137,
              -1.8999999761581421 -10.659999847412109 10.199999809265137,
              1.8999999761581421 -10.659999847412109 10.199999809265137,
              1.8999999761581421 -9.6599998474121094 10.199999809265137,
              -1.8999999761581421 -10.659999847412109 10.199999809265137,
              -1.8999999761581421 -9.6599998474121094 10.199999809265137,
              1.8999999761581421 -9.6599998474121094 10.199999809265137,
              -1.8999999761581421 -9.6599998474121094 10.199999809265137,
              1.8999999761581421 -8.119999885559082 10.199999809265137,
              -1.8999999761581421 -8.119999885559082 10.199999809265137,
              1.8999999761581421 -8.119999885559082 10.199999809265137,
              1.8999999761581421 -7.119999885559082 10.199999809265137,
              -1.8999999761581421 -8.119999885559082 10.199999809265137,
              -1.8999999761581421 -7.119999885559082 10.199999809265137,
              1.8999999761581421 -7.119999885559082 10.199999809265137,
              -1.8999999761581421 -7.119999885559082 10.199999809265137,
              1.8999999761581421 -5.5799999237060547 10.199999809265137,
              -1.8999999761581421 -5.5799999237060547 10.199999809265137,
              1.8999999761581421 -5.5799999237060547 10.199999809265137,
              1.8999999761581421 -4.5799999237060547 10.199999809265137,
              -1.8999999761581421 -5.5799999237060547 10.199999809265137,
              -1.8999999761581421 -4.5799999237060547 10.199999809265137,
              1.8999999761581421 -4.5799999237060547 10.199999809265137,
              -1.8999999761581421 -4.5799999237060547 10.199999809265137,
              1.8999999761581421 -3.0399999618530273 10.199999809265137,
              -1.8999999761581421 -3.0399999618530273 10.199999809265137,
              1.8999999761581421 -3.0399999618530273 10.199999809265137,
              1.8999999761581421 -2.0399999618530273 10.199999809265137,
              -1.8999999761581421 -3.0399999618530273 10.199999809265137,
              -1.8999999761581421 -2.0399999618530273 10.199999809265137,
              1.8999999761581421 -2.0399999618530273 10.199999809265137,
              -1.8999999761581421 -2.0399999618530273 10.199999809265137,
              1.8999999761581421 -0.5 10.199999809265137,
              -1.8999999761581421 -0.5 10.199999809265137,
              1.8999999761581421 -0.5 10.199999809265137,
              1.8999999761581421 0.5 10.199999809265137,
              -1.8999999761581421 -0.5 10.199999809265137,
              -1.8999999761581421 0.5 10.199999809265137,
              1.8999999761581421 0.5 10.199999809265137,
              -1.8999999761581421 0.5 10.199999809265137,
              17.139999389648438 -18.280000686645508 10.199999809265137,
              13.340000152587891 -18.280000686645508 10.199999809265137,
              17.139999389648438 -18.280000686645508 10.199999809265137,
              17.139999389648438 -17.280000686645508 10.199999809265137,
              13.340000152587891 -18.280000686645508 10.199999809265137,
              13.340000152587891 -17.280000686645508 10.199999809265137,
              17.139999389648438 -17.280000686645508 10.199999809265137,
              13.340000152587891 -17.280000686645508 10.199999809265137,
              17.139999389648438 -15.739999771118164 10.199999809265137,
              13.340000152587891 -15.739999771118164 10.199999809265137,
              17.139999389648438 -15.739999771118164 10.199999809265137,
              17.139999389648438 -14.739999771118164 10.199999809265137,
              13.340000152587891 -15.739999771118164 10.199999809265137,
              13.340000152587891 -14.739999771118164 10.199999809265137,
              17.139999389648438 -14.739999771118164 10.199999809265137,
              13.340000152587891 -14.739999771118164 10.199999809265137,
              17.139999389648438 -13.199999809265137 10.199999809265137,
              13.340000152587891 -13.199999809265137 10.199999809265137,
              17.139999389648438 -13.199999809265137 10.199999809265137,
              17.139999389648438 -12.199999809265137 10.199999809265137,
              13.340000152587891 -13.199999809265137 10.199999809265137,
              13.340000152587891 -12.199999809265137 10.199999809265137,
              17.139999389648438 -12.199999809265137 10.199999809265137,
              13.340000152587891 -12.199999809265137 10.199999809265137,
              17.139999389648438 -10.659999847412109 10.199999809265137,
              13.340000152587891 -10.659999847412109 10.199999809265137,
              17.139999389648438 -10.659999847412109 10.199999809265137,
              17.139999389648438 -9.6599998474121094 10.199999809265137,
              13.340000152587891 -10.659999847412109 10.199999809265137,
              13.340000152587891 -9.6599998474121094 10.199999809265137,
              17.139999389648438 -9.6599998474121094 10.199999809265137,
              13.340000152587891 -9.6599998474121094 10.199999809265137,
              17.139999389648438 -8.119999885559082 10.199999809265137,
              13.340000152587891 -8.119999885559082 10.199999809265137,
              17.139999389648438 -8.119999885559082 10.199999809265137,
              17.139999389648438 -7.119999885559082 10.199999809265137,
              13.340000152587891 -8.119999885559082 10.199999809265137,
              13.340000152587891 -7.119999885559082 10.199999809265137,
              17.139999389648438 -7.119999885559082 10.199999809265137,
              13.340000152587891 -7.119999885559082 10.199999809265137,
              17.139999389648438 -5.5799999237060547 10.199999809265137,
              13.340000152587891 -5.5799999237060547 10.199999809265137,
              17.139999389648438 -5.5799999237060547 10.199999809265137,
              17.139999389648438 -4.5799999237060547 10.199999809265137,
              13.340000152587891 -5.5799999237060547 10.199999809265137,
              13.340000152587891 -4.5799999237060547 10.199999809265137,
              17.139999389648438 -4.5799999237060547 10.199999809265137,
              13.340000152587891 -4.5799999237060547 10.199999809265137,
              17.139999389648438 -3.0399999618530273 10.199999809265137,
              13.340000152587891 -3.0399999618530273 10.199999809265137,
              17.139999389648438 -3.0399999618530273 10.199999809265137,
              17.139999389648438 -2.0399999618530273 10.199999809265137,
              13.340000152587891 -3.0399999618530273 10.199999809265137,
              13.340000152587891 -2.0399999618530273 10.199999809265137,
              17.139999389648438 -2.0399999618530273 10.199999809265137,
              13.340000152587891 -2.0399999618530273 10.199999809265137,
              17.139999389648438 -0.5 10.199999809265137,
              13.340000152587891 -0.5 10.199999809265137,
              17.139999389648438 -0.5 10.199999809265137,
              17.139999389648438 0.5 10.199999809265137,
              13.340000152587891 -0.5 10.199999809265137,
              13.340000152587891 0.5 10.199999809265137,
              17.139999389648438 0.5 10.199999809265137,
              13.340000152587891 0.5 10.199999809265137,
              -3.8299999237060547 9.5600004196166992 0,
              -2.8299999237060547 10.560000419616699 0,
              -2.8299999237060547 10.560000419616699 0,
              -2.8299999237060547 10.560000419616699 10.199999809265137,
              -3.8299999237060547 -44.939998626708984 0,
              19.069999694824219 -44.939998626708984 0,
              19.069999694824219 -44.939998626708984 0,
              19.069999694824219 -44.939998626708984 10.199999809265137,
              -2.8299999237060547 10.560000419616699 0,
              19.069999694824219 10.560000419616699 0,
              19.069999694824219 -44.939998626708984 0,
              19.069999694824219 10.560000419616699 0,
              19.069999694824219 10.560000419616699 0,
              19.069999694824219 10.560000419616699 10.199999809265137,
              1.8999999761581421 -38.599998474121094 8.6999998092651367,
              1.8999999761581421 -38.599998474121094 10.199999809265137,
              -1.8999999761581421 -38.599998474121094 8.6999998092651367,
              -1.8999999761581421 -38.599998474121094 10.199999809265137,
              -1.8999999761581421 -38.599998474121094 8.6999998092651367,
              1.8999999761581421 -38.599998474121094 8.6999998092651367,
              1.8999999761581421 -37.599998474121094 8.6999998092651367,
              1.8999999761581421 -37.599998474121094 10.199999809265137,
              1.8999999761581421 -38.599998474121094 8.6999998092651367,
              1.8999999761581421 -37.599998474121094 8.6999998092651367,
              -1.8999999761581421 -37.599998474121094 8.6999998092651367,
              -1.8999999761581421 -37.599998474121094 10.199999809265137,
              -1.8999999761581421 -38.599998474121094 8.6999998092651367,
              -1.8999999761581421 -37.599998474121094 8.6999998092651367,
              -1.8999999761581421 -37.599998474121094 8.6999998092651367,
              1.8999999761581421 -37.599998474121094 8.6999998092651367,
              1.8999999761581421 -36.060001373291016 8.6999998092651367,
              1.8999999761581421 -36.060001373291016 10.199999809265137,
              -1.8999999761581421 -36.060001373291016 8.6999998092651367,
              -1.8999999761581421 -36.060001373291016 10.199999809265137,
              -1.8999999761581421 -36.060001373291016 8.6999998092651367,
              1.8999999761581421 -36.060001373291016 8.6999998092651367,
              1.8999999761581421 -35.060001373291016 8.6999998092651367,
              1.8999999761581421 -35.060001373291016 10.199999809265137,
              1.8999999761581421 -36.060001373291016 8.6999998092651367,
              1.8999999761581421 -35.060001373291016 8.6999998092651367,
              -1.8999999761581421 -35.060001373291016 8.6999998092651367,
              -1.8999999761581421 -35.060001373291016 10.199999809265137,
              -1.8999999761581421 -36.060001373291016 8.6999998092651367,
              -1.8999999761581421 -35.060001373291016 8.6999998092651367,
              -1.8999999761581421 -35.060001373291016 8.6999998092651367,
              1.8999999761581421 -35.060001373291016 8.6999998092651367,
              1.8999999761581421 -33.520000457763672 8.6999998092651367,
              1.8999999761581421 -33.520000457763672 10.199999809265137,
              -1.8999999761581421 -33.520000457763672 8.6999998092651367,
              -1.8999999761581421 -33.520000457763672 10.199999809265137,
              -1.8999999761581421 -33.520000457763672 8.6999998092651367,
              1.8999999761581421 -33.520000457763672 8.6999998092651367,
              1.8999999761581421 -32.520000457763672 8.6999998092651367,
              1.8999999761581421 -32.520000457763672 10.199999809265137,
              1.8999999761581421 -33.520000457763672 8.6999998092651367,
              1.8999999761581421 -32.520000457763672 8.6999998092651367,
              -1.8999999761581421 -32.520000457763672 8.6999998092651367,
              -1.8999999761581421 -32.520000457763672 10.199999809265137,
              -1.8999999761581421 -33.520000457763672 8.6999998092651367,
              -1.8999999761581421 -32.520000457763672 8.6999998092651367,
              -1.8999999761581421 -32.520000457763672 8.6999998092651367,
              1.8999999761581421 -32.520000457763672 8.6999998092651367,
              1.8999999761581421 -30.979999542236328 8.6999998092651367,
              1.8999999761581421 -30.979999542236328 10.199999809265137,
              -1.8999999761581421 -30.979999542236328 8.6999998092651367,
              -1.8999999761581421 -30.979999542236328 10.199999809265137,
              -1.8999999761581421 -30.979999542236328 8.6999998092651367,
              1.8999999761581421 -30.979999542236328 8.6999998092651367,
              1.8999999761581421 -29.979999542236328 8.6999998092651367,
              1.8999999761581421 -29.979999542236328 10.199999809265137,
              1.8999999761581421 -30.979999542236328 8.6999998092651367,
              1.8999999761581421 -29.979999542236328 8.6999998092651367,
              -1.8999999761581421 -29.979999542236328 8.6999998092651367,
              -1.8999999761581421 -29.979999542236328 10.199999809265137,
              -1.8999999761581421 -30.979999542236328 8.6999998092651367,
              -1.8999999761581421 -29.979999542236328 8.6999998092651367,
              -1.8999999761581421 -29.979999542236328 8.6999998092651367,
              1.8999999761581421 -29.979999542236328 8.6999998092651367,
              1.8999999761581421 -28.440000534057617 8.6999998092651367,
              1.8999999761581421 -28.440000534057617 10.199999809265137,
              -1.8999999761581421 -28.440000534057617 8.6999998092651367,
              -1.8999999761581421 -28.440000534057617 10.199999809265137,
              -1.8999999761581421 -28.440000534057617 8.6999998092651367,
              1.8999999761581421 -28.440000534057617 8.6999998092651367,
              1.8999999761581421 -27.440000534057617 8.6999998092651367,
              1.8999999761581421 -27.440000534057617 10.199999809265137,
              1.8999999761581421 -28.440000534057617 8.6999998092651367,
              1.8999999761581421 -27.440000534057617 8.6999998092651367,
              -1.8999999761581421 -27.440000534057617 8.6999998092651367,
              -1.8999999761581421 -27.440000534057617 10.199999809265137,
              -1.8999999761581421 -28.440000534057617 8.6999998092651367,
              -1.8999999761581421 -27.440000534057617 8.6999998092651367,
              -1.8999999761581421 -27.440000534057617 8.6999998092651367,
              1.8999999761581421 -27.440000534057617 8.6999998092651367,
              1.8999999761581421 -25.899999618530273 8.6999998092651367,
              1.8999999761581421 -25.899999618530273 10.199999809265137,
              -1.8999999761581421 -25.899999618530273 8.6999998092651367,
              -1.8999999761581421 -25.899999618530273 10.199999809265137,
              -1.8999999761581421 -25.899999618530273 8.6999998092651367,
              1.8999999761581421 -25.899999618530273 8.6999998092651367,
              1.8999999761581421 -24.899999618530273 8.6999998092651367,
              1.8999999761581421 -24.899999618530273 10.199999809265137,
              1.8999999761581421 -25.899999618530273 8.6999998092651367,
              1.8999999761581421 -24.899999618530273 8.6999998092651367,
              -1.8999999761581421 -24.899999618530273 8.6999998092651367,
              -1.8999999761581421 -24.899999618530273 10.199999809265137,
              -1.8999999761581421 -25.899999618530273 8.6999998092651367,
              -1.8999999761581421 -24.899999618530273 8.6999998092651367,
              -1.8999999761581421 -24.899999618530273 8.6999998092651367,
              1.8999999761581421 -24.899999618530273 8.6999998092651367,
              1.8999999761581421 -23.360000610351562 8.6999998092651367,
              1.8999999761581421 -23.360000610351562 10.199999809265137,
              -1.8999999761581421 -23.360000610351562 8.6999998092651367,
              -1.8999999761581421 -23.360000610351562 10.199999809265137,
              -1.8999999761581421 -23.360000610351562 8.6999998092651367,
              1.8999999761581421 -23.360000610351562 8.6999998092651367,
              1.8999999761581421 -22.360000610351562 8.6999998092651367,
              1.8999999761581421 -22.360000610351562 10.199999809265137,
              1.8999999761581421 -23.360000610351562 8.6999998092651367,
              1.8999999761581421 -22.360000610351562 8.6999998092651367,
              -1.8999999761581421 -22.360000610351562 8.6999998092651367,
              -1.8999999761581421 -22.360000610351562 10.199999809265137,
              -1.8999999761581421 -23.360000610351562 8.6999998092651367,
              -1.8999999761581421 -22.360000610351562 8.6999998092651367,
              -1.8999999761581421 -22.360000610351562 8.6999998092651367,
              1.8999999761581421 -22.360000610351562 8.6999998092651367,
              1.8999999761581421 -20.819999694824219 8.6999998092651367,
              1.8999999761581421 -20.819999694824219 10.199999809265137,
              -1.8999999761581421 -20.819999694824219 8.6999998092651367,
              -1.8999999761581421 -20.819999694824219 10.199999809265137,
              -1.8999999761581421 -20.819999694824219 8.6999998092651367,
              1.8999999761581421 -20.819999694824219 8.6999998092651367,
              1.8999999761581421 -19.819999694824219 8.6999998092651367,
              1.8999999761581421 -19.819999694824219 10.199999809265137,
              1.8999999761581421 -20.819999694824219 8.6999998092651367,
              1.8999999761581421 -19.819999694824219 8.6999998092651367,
              -1.8999999761581421 -19.819999694824219 8.6999998092651367,
              -1.8999999761581421 -19.819999694824219 10.199999809265137,
              -1.8999999761581421 -20.819999694824219 8.6999998092651367,
              -1.8999999761581421 -19.819999694824219 8.6999998092651367,
              -1.8999999761581421 -19.819999694824219 8.6999998092651367,
              1.8999999761581421 -19.819999694824219 8.6999998092651367,
              17.139999389648438 -38.599998474121094 8.6999998092651367,
              17.139999389648438 -38.599998474121094 10.199999809265137,
              13.340000152587891 -38.599998474121094 8.6999998092651367,
              13.340000152587891 -38.599998474121094 10.199999809265137,
              13.340000152587891 -38.599998474121094 8.6999998092651367,
              17.139999389648438 -38.599998474121094 8.6999998092651367,
              17.139999389648438 -37.599998474121094 8.6999998092651367,
              17.139999389648438 -37.599998474121094 10.199999809265137,
              17.139999389648438 -38.599998474121094 8.6999998092651367,
              17.139999389648438 -37.599998474121094 8.6999998092651367,
              13.340000152587891 -37.599998474121094 8.6999998092651367,
              13.340000152587891 -37.599998474121094 10.199999809265137,
              13.340000152587891 -37.599998474121094 8.6999998092651367,
              17.139999389648438 -37.599998474121094 8.6999998092651367,
              13.340000152587891 -38.599998474121094 8.6999998092651367,
              13.340000152587891 -37.599998474121094 8.6999998092651367,
              17.139999389648438 -36.060001373291016 8.6999998092651367,
              17.139999389648438 -36.060001373291016 10.199999809265137,
              13.340000152587891 -36.060001373291016 8.6999998092651367,
              13.340000152587891 -36.060001373291016 10.199999809265137,
              13.340000152587891 -36.060001373291016 8.6999998092651367,
              17.139999389648438 -36.060001373291016 8.6999998092651367,
              17.139999389648438 -35.060001373291016 8.6999998092651367,
              17.139999389648438 -35.060001373291016 10.199999809265137,
              17.139999389648438 -36.060001373291016 8.6999998092651367,
              17.139999389648438 -35.060001373291016 8.6999998092651367,
              13.340000152587891 -35.060001373291016 8.6999998092651367,
              13.340000152587891 -35.060001373291016 10.199999809265137,
              13.340000152587891 -36.060001373291016 8.6999998092651367,
              13.340000152587891 -35.060001373291016 8.6999998092651367,
              13.340000152587891 -35.060001373291016 8.6999998092651367,
              17.139999389648438 -35.060001373291016 8.6999998092651367,
              17.139999389648438 -33.520000457763672 8.6999998092651367,
              17.139999389648438 -33.520000457763672 10.199999809265137,
              13.340000152587891 -33.520000457763672 8.6999998092651367,
              13.340000152587891 -33.520000457763672 10.199999809265137,
              13.340000152587891 -33.520000457763672 8.6999998092651367,
              17.139999389648438 -33.520000457763672 8.6999998092651367,
              17.139999389648438 -32.520000457763672 8.6999998092651367,
              17.139999389648438 -32.520000457763672 10.199999809265137,
              17.139999389648438 -33.520000457763672 8.6999998092651367,
              17.139999389648438 -32.520000457763672 8.6999998092651367,
              13.340000152587891 -32.520000457763672 8.6999998092651367,
              13.340000152587891 -32.520000457763672 10.199999809265137,
              13.340000152587891 -33.520000457763672 8.6999998092651367,
              13.340000152587891 -32.520000457763672 8.6999998092651367,
              13.340000152587891 -32.520000457763672 8.6999998092651367,
              17.139999389648438 -32.520000457763672 8.6999998092651367,
              17.139999389648438 -30.979999542236328 8.6999998092651367,
              17.139999389648438 -30.979999542236328 10.199999809265137,
              13.340000152587891 -30.979999542236328 8.6999998092651367,
              13.340000152587891 -30.979999542236328 10.199999809265137,
              13.340000152587891 -30.979999542236328 8.6999998092651367,
              17.139999389648438 -30.979999542236328 8.6999998092651367,
              17.139999389648438 -29.979999542236328 8.6999998092651367,
              17.139999389648438 -29.979999542236328 10.199999809265137,
              17.139999389648438 -30.979999542236328 8.6999998092651367,
              17.139999389648438 -29.979999542236328 8.6999998092651367,
              13.340000152587891 -29.979999542236328 8.6999998092651367,
              13.340000152587891 -29.979999542236328 10.199999809265137,
              13.340000152587891 -30.979999542236328 8.6999998092651367,
              13.340000152587891 -29.979999542236328 8.6999998092651367,
              13.340000152587891 -29.979999542236328 8.6999998092651367,
              17.139999389648438 -29.979999542236328 8.6999998092651367,
              17.139999389648438 -28.440000534057617 8.6999998092651367,
              17.139999389648438 -28.440000534057617 10.199999809265137,
              13.340000152587891 -28.440000534057617 8.6999998092651367,
              13.340000152587891 -28.440000534057617 10.199999809265137,
              13.340000152587891 -28.440000534057617 8.6999998092651367,
              17.139999389648438 -28.440000534057617 8.6999998092651367,
              17.139999389648438 -27.440000534057617 8.6999998092651367,
              17.139999389648438 -27.440000534057617 10.199999809265137,
              17.139999389648438 -28.440000534057617 8.6999998092651367,
              17.139999389648438 -27.440000534057617 8.6999998092651367,
              13.340000152587891 -27.440000534057617 8.6999998092651367,
              13.340000152587891 -27.440000534057617 10.199999809265137,
              13.340000152587891 -28.440000534057617 8.6999998092651367,
              13.340000152587891 -27.440000534057617 8.6999998092651367,
              13.340000152587891 -27.440000534057617 8.6999998092651367,
              17.139999389648438 -27.440000534057617 8.6999998092651367,
              17.139999389648438 -25.899999618530273 8.6999998092651367,
              17.139999389648438 -25.899999618530273 10.199999809265137,
              13.340000152587891 -25.899999618530273 8.6999998092651367,
              13.340000152587891 -25.899999618530273 10.199999809265137,
              13.340000152587891 -25.899999618530273 8.6999998092651367,
              17.139999389648438 -25.899999618530273 8.6999998092651367,
              17.139999389648438 -24.899999618530273 8.6999998092651367,
              17.139999389648438 -24.899999618530273 10.199999809265137,
              17.139999389648438 -25.899999618530273 8.6999998092651367,
              17.139999389648438 -24.899999618530273 8.6999998092651367,
              13.340000152587891 -24.899999618530273 8.6999998092651367,
              13.340000152587891 -24.899999618530273 10.199999809265137,
              13.340000152587891 -25.899999618530273 8.6999998092651367,
              13.340000152587891 -24.899999618530273 8.6999998092651367,
              13.340000152587891 -24.899999618530273 8.6999998092651367,
              17.139999389648438 -24.899999618530273 8.6999998092651367,
              17.139999389648438 -23.360000610351562 8.6999998092651367,
              17.139999389648438 -23.360000610351562 10.199999809265137,
              13.340000152587891 -23.360000610351562 8.6999998092651367,
              13.340000152587891 -23.360000610351562 10.199999809265137,
              13.340000152587891 -23.360000610351562 8.6999998092651367,
              17.139999389648438 -23.360000610351562 8.6999998092651367,
              17.139999389648438 -22.360000610351562 8.6999998092651367,
              17.139999389648438 -22.360000610351562 10.199999809265137,
              17.139999389648438 -23.360000610351562 8.6999998092651367,
              17.139999389648438 -22.360000610351562 8.6999998092651367,
              13.340000152587891 -22.360000610351562 8.6999998092651367,
              13.340000152587891 -22.360000610351562 10.199999809265137,
              13.340000152587891 -23.360000610351562 8.6999998092651367,
              13.340000152587891 -22.360000610351562 8.6999998092651367,
              13.340000152587891 -22.360000610351562 8.6999998092651367,
              17.139999389648438 -22.360000610351562 8.6999998092651367,
              17.139999389648438 -20.819999694824219 8.6999998092651367,
              17.139999389648438 -20.819999694824219 10.199999809265137,
              13.340000152587891 -20.819999694824219 8.6999998092651367,
              13.340000152587891 -20.819999694824219 10.199999809265137,
              13.340000152587891 -20.819999694824219 8.6999998092651367,
              17.139999389648438 -20.819999694824219 8.6999998092651367,
              17.139999389648438 -19.819999694824219 8.6999998092651367,
              17.139999389648438 -19.819999694824219 10.199999809265137,
              17.139999389648438 -20.819999694824219 8.6999998092651367,
              17.139999389648438 -19.819999694824219 8.6999998092651367,
              13.340000152587891 -19.819999694824219 8.6999998092651367,
              13.340000152587891 -19.819999694824219 10.199999809265137,
              13.340000152587891 -20.819999694824219 8.6999998092651367,
              13.340000152587891 -19.819999694824219 8.6999998092651367,
              13.340000152587891 -19.819999694824219 8.6999998092651367,
              17.139999389648438 -19.819999694824219 8.6999998092651367,
              1.8999999761581421 -18.280000686645508 8.6999998092651367,
              1.8999999761581421 -18.280000686645508 10.199999809265137,
              -1.8999999761581421 -18.280000686645508 8.6999998092651367,
              -1.8999999761581421 -18.280000686645508 10.199999809265137,
              -1.8999999761581421 -18.280000686645508 8.6999998092651367,
              1.8999999761581421 -18.280000686645508 8.6999998092651367,
              1.8999999761581421 -17.280000686645508 8.6999998092651367,
              1.8999999761581421 -17.280000686645508 10.199999809265137,
              1.8999999761581421 -18.280000686645508 8.6999998092651367,
              1.8999999761581421 -17.280000686645508 8.6999998092651367,
              -1.8999999761581421 -17.280000686645508 8.6999998092651367,
              -1.8999999761581421 -17.280000686645508 10.199999809265137,
              -1.8999999761581421 -18.280000686645508 8.6999998092651367,
              -1.8999999761581421 -17.280000686645508 8.6999998092651367,
              -1.8999999761581421 -17.280000686645508 8.6999998092651367,
              1.8999999761581421 -17.280000686645508 8.6999998092651367,
              1.8999999761581421 -15.739999771118164 8.6999998092651367,
              1.8999999761581421 -15.739999771118164 10.199999809265137,
              -1.8999999761581421 -15.739999771118164 8.6999998092651367,
              -1.8999999761581421 -15.739999771118164 10.199999809265137,
              -1.8999999761581421 -15.739999771118164 8.6999998092651367,
              1.8999999761581421 -15.739999771118164 8.6999998092651367,
              1.8999999761581421 -14.739999771118164 8.6999998092651367,
              1.8999999761581421 -14.739999771118164 10.199999809265137,
              1.8999999761581421 -15.739999771118164 8.6999998092651367,
              1.8999999761581421 -14.739999771118164 8.6999998092651367,
              -1.8999999761581421 -14.739999771118164 8.6999998092651367,
              -1.8999999761581421 -14.739999771118164 10.199999809265137,
              -1.8999999761581421 -15.739999771118164 8.6999998092651367,
              -1.8999999761581421 -14.739999771118164 8.6999998092651367,
              -1.8999999761581421 -14.739999771118164 8.6999998092651367,
              1.8999999761581421 -14.739999771118164 8.6999998092651367,
              1.8999999761581421 -13.199999809265137 8.6999998092651367,
              1.8999999761581421 -13.199999809265137 10.199999809265137,
              -1.8999999761581421 -13.199999809265137 8.6999998092651367,
              -1.8999999761581421 -13.199999809265137 10.199999809265137,
              -1.8999999761581421 -13.199999809265137 8.6999998092651367,
              1.8999999761581421 -13.199999809265137 8.6999998092651367,
              1.8999999761581421 -12.199999809265137 8.6999998092651367,
              1.8999999761581421 -12.199999809265137 10.199999809265137,
              1.8999999761581421 -13.199999809265137 8.6999998092651367,
              1.8999999761581421 -12.199999809265137 8.6999998092651367,
              -1.8999999761581421 -12.199999809265137 8.6999998092651367,
              -1.8999999761581421 -12.199999809265137 10.199999809265137,
              -1.8999999761581421 -13.199999809265137 8.6999998092651367,
              -1.8999999761581421 -12.199999809265137 8.6999998092651367,
              -1.8999999761581421 -12.199999809265137 8.6999998092651367,
              1.8999999761581421 -12.199999809265137 8.6999998092651367,
              1.8999999761581421 -10.659999847412109 8.6999998092651367,
              1.8999999761581421 -10.659999847412109 10.199999809265137,
              -1.8999999761581421 -10.659999847412109 8.6999998092651367,
              -1.8999999761581421 -10.659999847412109 10.199999809265137,
              -1.8999999761581421 -10.659999847412109 8.6999998092651367,
              1.8999999761581421 -10.659999847412109 8.6999998092651367,
              1.8999999761581421 -9.6599998474121094 8.6999998092651367,
              1.8999999761581421 -9.6599998474121094 10.199999809265137,
              1.8999999761581421 -10.659999847412109 8.6999998092651367,
              1.8999999761581421 -9.6599998474121094 8.6999998092651367,
              -1.8999999761581421 -9.6599998474121094 8.6999998092651367,
              -1.8999999761581421 -9.6599998474121094 10.199999809265137,
              -1.8999999761581421 -10.659999847412109 8.6999998092651367,
              -1.8999999761581421 -9.6599998474121094 8.6999998092651367,
              -1.8999999761581421 -9.6599998474121094 8.6999998092651367,
              1.8999999761581421 -9.6599998474121094 8.6999998092651367,
              1.8999999761581421 -8.119999885559082 8.6999998092651367,
              1.8999999761581421 -8.119999885559082 10.199999809265137,
              -1.8999999761581421 -8.119999885559082 8.6999998092651367,
              -1.8999999761581421 -8.119999885559082 10.199999809265137,
              -1.8999999761581421 -8.119999885559082 8.6999998092651367,
              1.8999999761581421 -8.119999885559082 8.6999998092651367,
              1.8999999761581421 -7.119999885559082 8.6999998092651367,
              1.8999999761581421 -7.119999885559082 10.199999809265137,
              1.8999999761581421 -8.119999885559082 8.6999998092651367,
              1.8999999761581421 -7.119999885559082 8.6999998092651367,
              -1.8999999761581421 -7.119999885559082 8.6999998092651367,
              -1.8999999761581421 -7.119999885559082 10.199999809265137,
              -1.8999999761581421 -8.119999885559082 8.6999998092651367,
              -1.8999999761581421 -7.119999885559082 8.6999998092651367,
              -1.8999999761581421 -7.119999885559082 8.6999998092651367,
              1.8999999761581421 -7.119999885559082 8.6999998092651367,
              1.8999999761581421 -5.5799999237060547 8.6999998092651367,
              1.8999999761581421 -5.5799999237060547 10.199999809265137,
              -1.8999999761581421 -5.5799999237060547 8.6999998092651367,
              -1.8999999761581421 -5.5799999237060547 10.199999809265137,
              -1.8999999761581421 -5.5799999237060547 8.6999998092651367,
              1.8999999761581421 -5.5799999237060547 8.6999998092651367,
              1.8999999761581421 -4.5799999237060547 8.6999998092651367,
              1.8999999761581421 -4.5799999237060547 10.199999809265137,
              1.8999999761581421 -5.5799999237060547 8.6999998092651367,
              1.8999999761581421 -4.5799999237060547 8.6999998092651367,
              -1.8999999761581421 -4.5799999237060547 8.6999998092651367,
              -1.8999999761581421 -4.5799999237060547 10.199999809265137,
              -1.8999999761581421 -5.5799999237060547 8.6999998092651367,
              -1.8999999761581421 -4.5799999237060547 8.6999998092651367,
              -1.8999999761581421 -4.5799999237060547 8.6999998092651367,
              1.8999999761581421 -4.5799999237060547 8.6999998092651367,
              1.8999999761581421 -3.0399999618530273 8.6999998092651367,
              1.8999999761581421 -3.0399999618530273 10.199999809265137,
              -1.8999999761581421 -3.0399999618530273 8.6999998092651367,
              -1.8999999761581421 -3.0399999618530273 10.199999809265137,
              -1.8999999761581421 -3.0399999618530273 8.6999998092651367,
              1.8999999761581421 -3.0399999618530273 8.6999998092651367,
              1.8999999761581421 -2.0399999618530273 8.6999998092651367,
              1.8999999761581421 -2.0399999618530273 10.199999809265137,
              1.8999999761581421 -3.0399999618530273 8.6999998092651367,
              1.8999999761581421 -2.0399999618530273 8.6999998092651367,
              -1.8999999761581421 -2.0399999618530273 8.6999998092651367,
              -1.8999999761581421 -2.0399999618530273 10.199999809265137,
              -1.8999999761581421 -3.0399999618530273 8.6999998092651367,
              -1.8999999761581421 -2.0399999618530273 8.6999998092651367,
              -1.8999999761581421 -2.0399999618530273 8.6999998092651367,
              1.8999999761581421 -2.0399999618530273 8.6999998092651367,
              1.8999999761581421 -0.5 8.6999998092651367,
              1.8999999761581421 -0.5 10.199999809265137,
              -1.8999999761581421 -0.5 8.6999998092651367,
              -1.8999999761581421 -0.5 10.199999809265137,
              -1.8999999761581421 -0.5 8.6999998092651367,
              1.8999999761581421 -0.5 8.6999998092651367,
              1.8999999761581421 0.5 8.6999998092651367,
              1.8999999761581421 0.5 10.199999809265137,
              1.8999999761581421 -0.5 8.6999998092651367,
              1.8999999761581421 0.5 8.6999998092651367,
              -1.8999999761581421 0.5 8.6999998092651367,
              -1.8999999761581421 0.5 10.199999809265137,
              -1.8999999761581421 -0.5 8.6999998092651367,
              -1.8999999761581421 0.5 8.6999998092651367,
              -1.8999999761581421 0.5 8.6999998092651367,
              1.8999999761581421 0.5 8.6999998092651367,
              17.139999389648438 -18.280000686645508 8.6999998092651367,
              17.139999389648438 -18.280000686645508 10.199999809265137,
              13.340000152587891 -18.280000686645508 8.6999998092651367,
              13.340000152587891 -18.280000686645508 10.199999809265137,
              13.340000152587891 -18.280000686645508 8.6999998092651367,
              17.139999389648438 -18.280000686645508 8.6999998092651367,
              17.139999389648438 -17.280000686645508 8.6999998092651367,
              17.139999389648438 -17.280000686645508 10.199999809265137,
              17.139999389648438 -18.280000686645508 8.6999998092651367,
              17.139999389648438 -17.280000686645508 8.6999998092651367,
              13.340000152587891 -17.280000686645508 8.6999998092651367,
              13.340000152587891 -17.280000686645508 10.199999809265137,
              13.340000152587891 -18.280000686645508 8.6999998092651367,
              13.340000152587891 -17.280000686645508 8.6999998092651367,
              13.340000152587891 -17.280000686645508 8.6999998092651367,
              17.139999389648438 -17.280000686645508 8.6999998092651367,
              17.139999389648438 -15.739999771118164 8.6999998092651367,
              17.139999389648438 -15.739999771118164 10.199999809265137,
              13.340000152587891 -15.739999771118164 8.6999998092651367,
              13.340000152587891 -15.739999771118164 10.199999809265137,
              13.340000152587891 -15.739999771118164 8.6999998092651367,
              17.139999389648438 -15.739999771118164 8.6999998092651367,
              17.139999389648438 -14.739999771118164 8.6999998092651367,
              17.139999389648438 -14.739999771118164 10.199999809265137,
              17.139999389648438 -15.739999771118164 8.6999998092651367,
              17.139999389648438 -14.739999771118164 8.6999998092651367,
              13.340000152587891 -14.739999771118164 8.6999998092651367,
              13.340000152587891 -14.739999771118164 10.199999809265137,
              13.340000152587891 -15.739999771118164 8.6999998092651367,
              13.340000152587891 -14.739999771118164 8.6999998092651367,
              13.340000152587891 -14.739999771118164 8.6999998092651367,
              17.139999389648438 -14.739999771118164 8.6999998092651367,
              17.139999389648438 -13.199999809265137 8.6999998092651367,
              17.139999389648438 -13.199999809265137 10.199999809265137,
              13.340000152587891 -13.199999809265137 8.6999998092651367,
              13.340000152587891 -13.199999809265137 10.199999809265137,
              13.340000152587891 -13.199999809265137 8.6999998092651367,
              17.139999389648438 -13.199999809265137 8.6999998092651367,
              17.139999389648438 -12.199999809265137 8.6999998092651367,
              17.139999389648438 -12.199999809265137 10.199999809265137,
              17.139999389648438 -13.199999809265137 8.6999998092651367,
              17.139999389648438 -12.199999809265137 8.6999998092651367,
              13.340000152587891 -12.199999809265137 8.6999998092651367,
              13.340000152587891 -12.199999809265137 10.199999809265137,
              13.340000152587891 -13.199999809265137 8.6999998092651367,
              13.340000152587891 -12.199999809265137 8.6999998092651367,
              13.340000152587891 -12.199999809265137 8.6999998092651367,
              17.139999389648438 -12.199999809265137 8.6999998092651367,
              17.139999389648438 -10.659999847412109 8.6999998092651367,
              17.139999389648438 -10.659999847412109 10.199999809265137,
              13.340000152587891 -10.659999847412109 8.6999998092651367,
              13.340000152587891 -10.659999847412109 10.199999809265137,
              13.340000152587891 -10.659999847412109 8.6999998092651367,
              17.139999389648438 -10.659999847412109 8.6999998092651367,
              17.139999389648438 -9.6599998474121094 8.6999998092651367,
              17.139999389648438 -9.6599998474121094 10.199999809265137,
              17.139999389648438 -10.659999847412109 8.6999998092651367,
              17.139999389648438 -9.6599998474121094 8.6999998092651367,
              13.340000152587891 -9.6599998474121094 8.6999998092651367,
              13.340000152587891 -9.6599998474121094 10.199999809265137,
              13.340000152587891 -10.659999847412109 8.6999998092651367,
              13.340000152587891 -9.6599998474121094 8.6999998092651367,
              13.340000152587891 -9.6599998474121094 8.6999998092651367,
              17.139999389648438 -9.6599998474121094 8.6999998092651367,
              17.139999389648438 -8.119999885559082 8.6999998092651367,
              17.139999389648438 -8.119999885559082 10.199999809265137,
              13.340000152587891 -8.119999885559082 8.6999998092651367,
              13.340000152587891 -8.119999885559082 10.199999809265137,
              13.340000152587891 -8.119999885559082 8.6999998092651367,
              17.139999389648438 -8.119999885559082 8.6999998092651367,
              17.139999389648438 -7.119999885559082 8.6999998092651367,
              17.139999389648438 -7.119999885559082 10.199999809265137,
              17.139999389648438 -8.119999885559082 8.6999998092651367,
              17.139999389648438 -7.119999885559082 8.6999998092651367,
              13.340000152587891 -7.119999885559082 8.6999998092651367,
              13.340000152587891 -7.119999885559082 10.199999809265137,
              13.340000152587891 -8.119999885559082 8.6999998092651367,
              13.340000152587891 -7.119999885559082 8.6999998092651367,
              13.340000152587891 -7.119999885559082 8.6999998092651367,
              17.139999389648438 -7.119999885559082 8.6999998092651367,
              17.139999389648438 -5.5799999237060547 8.6999998092651367,
              17.139999389648438 -5.5799999237060547 10.199999809265137,
              13.340000152587891 -5.5799999237060547 8.6999998092651367,
              13.340000152587891 -5.5799999237060547 10.199999809265137,
              13.340000152587891 -5.5799999237060547 8.6999998092651367,
              17.139999389648438 -5.5799999237060547 8.6999998092651367,
              17.139999389648438 -4.5799999237060547 8.6999998092651367,
              17.139999389648438 -4.5799999237060547 10.199999809265137,
              17.139999389648438 -5.5799999237060547 8.6999998092651367,
              17.139999389648438 -4.5799999237060547 8.6999998092651367,
              13.340000152587891 -4.5799999237060547 8.6999998092651367,
              13.340000152587891 -4.5799999237060547 10.199999809265137,
              13.340000152587891 -5.5799999237060547 8.6999998092651367,
              13.340000152587891 -4.5799999237060547 8.6999998092651367,
              13.340000152587891 -4.5799999237060547 8.6999998092651367,
              17.139999389648438 -4.5799999237060547 8.6999998092651367,
              17.139999389648438 -3.0399999618530273 8.6999998092651367,
              17.139999389648438 -3.0399999618530273 10.199999809265137,
              13.340000152587891 -3.0399999618530273 8.6999998092651367,
              13.340000152587891 -3.0399999618530273 10.199999809265137,
              13.340000152587891 -3.0399999618530273 8.6999998092651367,
              17.139999389648438 -3.0399999618530273 8.6999998092651367,
              17.139999389648438 -2.0399999618530273 8.6999998092651367,
              17.139999389648438 -2.0399999618530273 10.199999809265137,
              17.139999389648438 -3.0399999618530273 8.6999998092651367,
              17.139999389648438 -2.0399999618530273 8.6999998092651367,
              13.340000152587891 -2.0399999618530273 8.6999998092651367,
              13.340000152587891 -2.0399999618530273 10.199999809265137,
              13.340000152587891 -3.0399999618530273 8.6999998092651367,
              13.340000152587891 -2.0399999618530273 8.6999998092651367,
              13.340000152587891 -2.0399999618530273 8.6999998092651367,
              17.139999389648438 -2.0399999618530273 8.6999998092651367,
              17.139999389648438 -0.5 8.6999998092651367,
              17.139999389648438 -0.5 10.199999809265137,
              13.340000152587891 -0.5 8.6999998092651367,
              13.340000152587891 -0.5 10.199999809265137,
              13.340000152587891 -0.5 8.6999998092651367,
              17.139999389648438 -0.5 8.6999998092651367,
              17.139999389648438 0.5 8.6999998092651367,
              17.139999389648438 0.5 10.199999809265137,
              17.139999389648438 -0.5 8.6999998092651367,
              17.139999389648438 0.5 8.6999998092651367,
              13.340000152587891 0.5 8.6999998092651367,
              13.340000152587891 0.5 10.199999809265137,
              13.340000152587891 -0.5 8.6999998092651367,
              13.340000152587891 0.5 8.6999998092651367,
              13.340000152587891 0.5 8.6999998092651367,
              17.139999389648438 0.5 8.6999998092651367,
              -3.8299999237060547 -44.939998626708984 10.199999809265137,
              -3.8299999237060547 9.5600004196166992 10.199999809265137,
              -3.8299999237060547 9.5600004196166992 0,
              -3.8299999237060547 9.5600004196166992 10.199999809265137,
              -3.8299999237060547 -44.939998626708984 0,
              -3.8299999237060547 -44.939998626708984 10.199999809265137,
              -3.8299999237060547 -44.939998626708984 0,
              -3.8299999237060547 9.5600004196166992 0,
              -3.8299999237060547 -44.939998626708984 10.199999809265137,
              -3.8299999237060547 9.5600004196166992 10.199999809265137,
              -3.8299999237060547 9.5600004196166992 10.199999809265137,
              -2.8299999237060547 10.560000419616699 10.199999809265137,
              -3.8299999237060547 -44.939998626708984 10.199999809265137,
              19.069999694824219 -44.939998626708984 10.199999809265137,
              -2.8299999237060547 10.560000419616699 10.199999809265137,
              19.069999694824219 10.560000419616699 10.199999809265137,
              19.069999694824219 -44.939998626708984 10.199999809265137,
              19.069999694824219 10.560000419616699 10.199999809265137,
              1.8999999761581421 -38.599998474121094 10.199999809265137,
              -1.8999999761581421 -38.599998474121094 10.199999809265137,
              1.8999999761581421 -38.599998474121094 10.199999809265137,
              1.8999999761581421 -37.599998474121094 10.199999809265137,
              -1.8999999761581421 -38.599998474121094 10.199999809265137,
              -1.8999999761581421 -37.599998474121094 10.199999809265137,
              1.8999999761581421 -37.599998474121094 10.199999809265137,
              -1.8999999761581421 -37.599998474121094 10.199999809265137,
              1.8999999761581421 -36.060001373291016 10.199999809265137,
              -1.8999999761581421 -36.060001373291016 10.199999809265137,
              1.8999999761581421 -36.060001373291016 10.199999809265137,
              1.8999999761581421 -35.060001373291016 10.199999809265137,
              -1.8999999761581421 -36.060001373291016 10.199999809265137,
              -1.8999999761581421 -35.060001373291016 10.199999809265137,
              1.8999999761581421 -35.060001373291016 10.199999809265137,
              -1.8999999761581421 -35.060001373291016 10.199999809265137,
              1.8999999761581421 -33.520000457763672 10.199999809265137,
              -1.8999999761581421 -33.520000457763672 10.199999809265137,
              1.8999999761581421 -33.520000457763672 10.199999809265137,
              1.8999999761581421 -32.520000457763672 10.199999809265137,
              -1.8999999761581421 -33.520000457763672 10.199999809265137,
              -1.8999999761581421 -32.520000457763672 10.199999809265137,
              1.8999999761581421 -32.520000457763672 10.199999809265137,
              -1.8999999761581421 -32.520000457763672 10.199999809265137,
              1.8999999761581421 -30.979999542236328 10.199999809265137,
              -1.8999999761581421 -30.979999542236328 10.199999809265137,
              1.8999999761581421 -30.979999542236328 10.199999809265137,
              1.8999999761581421 -29.979999542236328 10.199999809265137,
              -1.8999999761581421 -30.979999542236328 10.199999809265137,
              -1.8999999761581421 -29.979999542236328 10.199999809265137,
              1.8999999761581421 -29.979999542236328 10.199999809265137,
              -1.8999999761581421 -29.979999542236328 10.199999809265137,
              1.8999999761581421 -28.440000534057617 10.199999809265137,
              -1.8999999761581421 -28.440000534057617 10.199999809265137,
              1.8999999761581421 -28.440000534057617 10.199999809265137,
              1.8999999761581421 -27.440000534057617 10.199999809265137,
              -1.8999999761581421 -28.440000534057617 10.199999809265137,
              -1.8999999761581421 -27.440000534057617 10.199999809265137,
              1.8999999761581421 -27.440000534057617 10.199999809265137,
              -1.8999999761581421 -27.440000534057617 10.199999809265137,
              1.8999999761581421 -25.899999618530273 10.199999809265137,
              -1.8999999761581421 -25.899999618530273 10.199999809265137,
              1.8999999761581421 -25.899999618530273 10.199999809265137,
              1.8999999761581421 -24.899999618530273 10.199999809265137,
              -1.8999999761581421 -25.899999618530273 10.199999809265137,
              -1.8999999761581421 -24.899999618530273 10.199999809265137,
              1.8999999761581421 -24.899999618530273 10.199999809265137,
              -1.8999999761581421 -24.899999618530273 10.199999809265137,
              1.8999999761581421 -23.360000610351562 10.199999809265137,
              -1.8999999761581421 -23.360000610351562 10.199999809265137,
              1.8999999761581421 -23.360000610351562 10.199999809265137,
              1.8999999761581421 -22.360000610351562 10.199999809265137,
              -1.8999999761581421 -23.360000610351562 10.199999809265137,
              -1.8999999761581421 -22.360000610351562 10.199999809265137,
              1.8999999761581421 -22.360000610351562 10.199999809265137,
              -1.8999999761581421 -22.360000610351562 10.199999809265137,
              1.8999999761581421 -20.819999694824219 10.199999809265137,
              -1.8999999761581421 -20.819999694824219 10.199999809265137,
              1.8999999761581421 -20.819999694824219 10.199999809265137,
              1.8999999761581421 -19.819999694824219 10.199999809265137,
              -1.8999999761581421 -20.819999694824219 10.199999809265137,
              -1.8999999761581421 -19.819999694824219 10.199999809265137,
              1.8999999761581421 -19.819999694824219 10.199999809265137,
              -1.8999999761581421 -19.819999694824219 10.199999809265137,
              17.139999389648438 -38.599998474121094 10.199999809265137,
              13.340000152587891 -38.599998474121094 10.199999809265137,
              17.139999389648438 -38.599998474121094 10.199999809265137,
              17.139999389648438 -37.599998474121094 10.199999809265137,
              17.139999389648438 -37.599998474121094 10.199999809265137,
              13.340000152587891 -37.599998474121094 10.199999809265137,
              13.340000152587891 -38.599998474121094 10.199999809265137,
              13.340000152587891 -37.599998474121094 10.199999809265137,
              17.139999389648438 -36.060001373291016 10.199999809265137,
              13.340000152587891 -36.060001373291016 10.199999809265137,
              17.139999389648438 -36.060001373291016 10.199999809265137,
              17.139999389648438 -35.060001373291016 10.199999809265137,
              13.340000152587891 -36.060001373291016 10.199999809265137,
              13.340000152587891 -35.060001373291016 10.199999809265137,
              17.139999389648438 -35.060001373291016 10.199999809265137,
              13.340000152587891 -35.060001373291016 10.199999809265137,
              17.139999389648438 -33.520000457763672 10.199999809265137,
              13.340000152587891 -33.520000457763672 10.199999809265137,
              17.139999389648438 -33.520000457763672 10.199999809265137,
              17.139999389648438 -32.520000457763672 10.199999809265137,
              13.340000152587891 -33.520000457763672 10.199999809265137,
              13.340000152587891 -32.520000457763672 10.199999809265137,
              17.139999389648438 -32.520000457763672 10.199999809265137,
              13.340000152587891 -32.520000457763672 10.199999809265137,
              17.139999389648438 -30.979999542236328 10.199999809265137,
              13.340000152587891 -30.979999542236328 10.199999809265137,
              17.139999389648438 -30.979999542236328 10.199999809265137,
              17.139999389648438 -29.979999542236328 10.199999809265137,
              13.340000152587891 -30.979999542236328 10.199999809265137,
              13.340000152587891 -29.979999542236328 10.199999809265137,
              17.139999389648438 -29.979999542236328 10.199999809265137,
              13.340000152587891 -29.979999542236328 10.199999809265137,
              17.139999389648438 -28.440000534057617 10.199999809265137,
              13.340000152587891 -28.440000534057617 10.199999809265137,
              17.139999389648438 -28.440000534057617 10.199999809265137,
              17.139999389648438 -27.440000534057617 10.199999809265137,
              13.340000152587891 -28.440000534057617 10.199999809265137,
              13.340000152587891 -27.440000534057617 10.199999809265137,
              17.139999389648438 -27.440000534057617 10.199999809265137,
              13.340000152587891 -27.440000534057617 10.199999809265137,
              17.139999389648438 -25.899999618530273 10.199999809265137,
              13.340000152587891 -25.899999618530273 10.199999809265137,
              17.139999389648438 -25.899999618530273 10.199999809265137,
              17.139999389648438 -24.899999618530273 10.199999809265137,
              13.340000152587891 -25.899999618530273 10.199999809265137,
              13.340000152587891 -24.899999618530273 10.199999809265137,
              17.139999389648438 -24.899999618530273 10.199999809265137,
              13.340000152587891 -24.899999618530273 10.199999809265137,
              17.139999389648438 -23.360000610351562 10.199999809265137,
              13.340000152587891 -23.360000610351562 10.199999809265137,
              17.139999389648438 -23.360000610351562 10.199999809265137,
              17.139999389648438 -22.360000610351562 10.199999809265137,
              13.340000152587891 -23.360000610351562 10.199999809265137,
              13.340000152587891 -22.360000610351562 10.199999809265137,
              17.139999389648438 -22.360000610351562 10.199999809265137,
              13.340000152587891 -22.360000610351562 10.199999809265137,
              17.139999389648438 -20.819999694824219 10.199999809265137,
              13.340000152587891 -20.819999694824219 10.199999809265137,
              17.139999389648438 -20.819999694824219 10.199999809265137,
              17.139999389648438 -19.819999694824219 10.199999809265137,
              13.340000152587891 -20.819999694824219 10.199999809265137,
              13.340000152587891 -19.819999694824219 10.199999809265137,
              17.139999389648438 -19.819999694824219 10.199999809265137,
              13.340000152587891 -19.819999694824219 10.199999809265137,
              1.8999999761581421 -18.280000686645508 10.199999809265137,
              -1.8999999761581421 -18.280000686645508 10.199999809265137,
              1.8999999761581421 -18.280000686645508 10.199999809265137,
              1.8999999761581421 -17.280000686645508 10.199999809265137,
              -1.8999999761581421 -18.280000686645508 10.199999809265137,
              -1.8999999761581421 -17.280000686645508 10.199999809265137,
              1.8999999761581421 -17.280000686645508 10.199999809265137,
              -1.8999999761581421 -17.280000686645508 10.199999809265137,
              1.8999999761581421 -15.739999771118164 10.199999809265137,
              -1.8999999761581421 -15.739999771118164 10.199999809265137,
              1.8999999761581421 -15.739999771118164 10.199999809265137,
              1.8999999761581421 -14.739999771118164 10.199999809265137,
              -1.8999999761581421 -15.739999771118164 10.199999809265137,
              -1.8999999761581421 -14.739999771118164 10.199999809265137,
              1.8999999761581421 -14.739999771118164 10.199999809265137,
              -1.8999999761581421 -14.739999771118164 10.199999809265137,
              1.8999999761581421 -13.199999809265137 10.199999809265137,
              -1.8999999761581421 -13.199999809265137 10.199999809265137,
              1.8999999761581421 -13.199999809265137 10.199999809265137,
              1.8999999761581421 -12.199999809265137 10.199999809265137,
              -1.8999999761581421 -13.199999809265137 10.199999809265137,
              -1.8999999761581421 -12.199999809265137 10.199999809265137,
              1.8999999761581421 -12.199999809265137 10.199999809265137,
              -1.8999999761581421 -12.199999809265137 10.199999809265137,
              1.8999999761581421 -10.659999847412109 10.199999809265137,
              -1.8999999761581421 -10.659999847412109 10.199999809265137,
              1.8999999761581421 -10.659999847412109 10.199999809265137,
              1.8999999761581421 -9.6599998474121094 10.199999809265137,
              -1.8999999761581421 -10.659999847412109 10.199999809265137,
              -1.8999999761581421 -9.6599998474121094 10.199999809265137,
              1.8999999761581421 -9.6599998474121094 10.199999809265137,
              -1.8999999761581421 -9.6599998474121094 10.199999809265137,
              1.8999999761581421 -8.119999885559082 10.199999809265137,
              -1.8999999761581421 -8.119999885559082 10.199999809265137,
              1.8999999761581421 -8.119999885559082 10.199999809265137,
              1.8999999761581421 -7.119999885559082 10.199999809265137,
              -1.8999999761581421 -8.119999885559082 10.199999809265137,
              -1.8999999761581421 -7.119999885559082 10.199999809265137,
              1.8999999761581421 -7.119999885559082 10.199999809265137,
              -1.8999999761581421 -7.119999885559082 10.199999809265137,
              1.8999999761581421 -5.5799999237060547 10.199999809265137,
              -1.8999999761581421 -5.5799999237060547 10.199999809265137,
              1.8999999761581421 -5.5799999237060547 10.199999809265137,
              1.8999999761581421 -4.5799999237060547 10.199999809265137,
              -1.8999999761581421 -5.5799999237060547 10.199999809265137,
              -1.8999999761581421 -4.5799999237060547 10.199999809265137,
              1.8999999761581421 -4.5799999237060547 10.199999809265137,
              -1.8999999761581421 -4.5799999237060547 10.199999809265137,
              1.8999999761581421 -3.0399999618530273 10.199999809265137,
              -1.8999999761581421 -3.0399999618530273 10.199999809265137,
              1.8999999761581421 -3.0399999618530273 10.199999809265137,
              1.8999999761581421 -2.0399999618530273 10.199999809265137,
              -1.8999999761581421 -3.0399999618530273 10.199999809265137,
              -1.8999999761581421 -2.0399999618530273 10.199999809265137,
              1.8999999761581421 -2.0399999618530273 10.199999809265137,
              -1.8999999761581421 -2.0399999618530273 10.199999809265137,
              1.8999999761581421 -0.5 10.199999809265137,
              -1.8999999761581421 -0.5 10.199999809265137,
              1.8999999761581421 -0.5 10.199999809265137,
              1.8999999761581421 0.5 10.199999809265137,
              -1.8999999761581421 -0.5 10.199999809265137,
              -1.8999999761581421 0.5 10.199999809265137,
              1.8999999761581421 0.5 10.199999809265137,
              -1.8999999761581421 0.5 10.199999809265137,
              17.139999389648438 -18.280000686645508 10.199999809265137,
              13.340000152587891 -18.280000686645508 10.199999809265137,
              17.139999389648438 -18.280000686645508 10.199999809265137,
              17.139999389648438 -17.280000686645508 10.199999809265137,
              13.340000152587891 -18.280000686645508 10.199999809265137,
              13.340000152587891 -17.280000686645508 10.199999809265137,
              17.139999389648438 -17.280000686645508 10.199999809265137,
              13.340000152587891 -17.280000686645508 10.199999809265137,
              17.139999389648438 -15.739999771118164 10.199999809265137,
              13.340000152587891 -15.739999771118164 10.199999809265137,
              17.139999389648438 -15.739999771118164 10.199999809265137,
              17.139999389648438 -14.739999771118164 10.199999809265137,
              13.340000152587891 -15.739999771118164 10.199999809265137,
              13.340000152587891 -14.739999771118164 10.199999809265137,
              17.139999389648438 -14.739999771118164 10.199999809265137,
              13.340000152587891 -14.739999771118164 10.199999809265137,
              17.139999389648438 -13.199999809265137 10.199999809265137,
              13.340000152587891 -13.199999809265137 10.199999809265137,
              17.139999389648438 -13.199999809265137 10.199999809265137,
              17.139999389648438 -12.199999809265137 10.199999809265137,
              13.340000152587891 -13.199999809265137 10.199999809265137,
              13.340000152587891 -12.199999809265137 10.199999809265137,
              17.139999389648438 -12.199999809265137 10.199999809265137,
              13.340000152587891 -12.199999809265137 10.199999809265137,
              17.139999389648438 -10.659999847412109 10.199999809265137,
              13.340000152587891 -10.659999847412109 10.199999809265137,
              17.139999389648438 -10.659999847412109 10.199999809265137,
              17.139999389648438 -9.6599998474121094 10.199999809265137,
              13.340000152587891 -10.659999847412109 10.199999809265137,
              13.340000152587891 -9.6599998474121094 10.199999809265137,
              17.139999389648438 -9.6599998474121094 10.199999809265137,
              13.340000152587891 -9.6599998474121094 10.199999809265137,
              17.139999389648438 -8.119999885559082 10.199999809265137,
              13.340000152587891 -8.119999885559082 10.199999809265137,
              17.139999389648438 -8.119999885559082 10.199999809265137,
              17.139999389648438 -7.119999885559082 10.199999809265137,
              13.340000152587891 -8.119999885559082 10.199999809265137,
              13.340000152587891 -7.119999885559082 10.199999809265137,
              17.139999389648438 -7.119999885559082 10.199999809265137,
              13.340000152587891 -7.119999885559082 10.199999809265137,
              17.139999389648438 -5.5799999237060547 10.199999809265137,
              13.340000152587891 -5.5799999237060547 10.199999809265137,
              17.139999389648438 -5.5799999237060547 10.199999809265137,
              17.139999389648438 -4.5799999237060547 10.199999809265137,
              13.340000152587891 -5.5799999237060547 10.199999809265137,
              13.340000152587891 -4.5799999237060547 10.199999809265137,
              17.139999389648438 -4.5799999237060547 10.199999809265137,
              13.340000152587891 -4.5799999237060547 10.199999809265137,
              17.139999389648438 -3.0399999618530273 10.199999809265137,
              13.340000152587891 -3.0399999618530273 10.199999809265137,
              17.139999389648438 -3.0399999618530273 10.199999809265137,
              17.139999389648438 -2.0399999618530273 10.199999809265137,
              13.340000152587891 -3.0399999618530273 10.199999809265137,
              13.340000152587891 -2.0399999618530273 10.199999809265137,
              17.139999389648438 -2.0399999618530273 10.199999809265137,
              13.340000152587891 -2.0399999618530273 10.199999809265137,
              17.139999389648438 -0.5 10.199999809265137,
              13.340000152587891 -0.5 10.199999809265137,
              17.139999389648438 -0.5 10.199999809265137,
              17.139999389648438 0.5 10.199999809265137,
              13.340000152587891 -0.5 10.199999809265137,
              13.340000152587891 0.5 10.199999809265137,
              17.139999389648438 0.5 10.199999809265137,
              13.340000152587891 0.5 10.199999809265137,
              -3.8299999237060547 9.5600004196166992 0,
              -2.8299999237060547 10.560000419616699 0,
              -3.8299999237060547 9.5600004196166992 0,
              -3.8299999237060547 9.5600004196166992 10.199999809265137,
              -2.8299999237060547 10.560000419616699 0,
              -2.8299999237060547 10.560000419616699 10.199999809265137,
              -3.8299999237060547 9.5600004196166992 10.199999809265137,
              -2.8299999237060547 10.560000419616699 10.199999809265137,
              -3.8299999237060547 -44.939998626708984 0,
              19.069999694824219 -44.939998626708984 0,
              19.069999694824219 -44.939998626708984 0,
              19.069999694824219 -44.939998626708984 10.199999809265137,
              -3.8299999237060547 -44.939998626708984 10.199999809265137,
              19.069999694824219 -44.939998626708984 10.199999809265137,
              -3.8299999237060547 -44.939998626708984 0,
              -3.8299999237060547 -44.939998626708984 10.199999809265137,
              -3.8299999237060547 -44.939998626708984 0,
              -3.8299999237060547 9.5600004196166992 0,
              -3.8299999237060547 9.5600004196166992 0,
              -2.8299999237060547 10.560000419616699 0,
              -3.8299999237060547 -44.939998626708984 0,
              19.069999694824219 -44.939998626708984 0,
              -2.8299999237060547 10.560000419616699 0,
              19.069999694824219 10.560000419616699 0,
              19.069999694824219 -44.939998626708984 0,
              19.069999694824219 10.560000419616699 0,
              -2.8299999237060547 10.560000419616699 0,
              19.069999694824219 10.560000419616699 0,
              -2.8299999237060547 10.560000419616699 0,
              -2.8299999237060547 10.560000419616699 10.199999809265137,
              19.069999694824219 10.560000419616699 0,
              19.069999694824219 10.560000419616699 10.199999809265137,
              -2.8299999237060547 10.560000419616699 10.199999809265137,
              19.069999694824219 10.560000419616699 10.199999809265137,
              19.069999694824219 -44.939998626708984 0,
              19.069999694824219 -44.939998626708984 10.199999809265137,
              19.069999694824219 -44.939998626708984 10.199999809265137,
              19.069999694824219 10.560000419616699 10.199999809265137,
              19.069999694824219 10.560000419616699 0,
              19.069999694824219 10.560000419616699 10.199999809265137,
              19.069999694824219 -44.939998626708984 0,
              19.069999694824219 10.560000419616699 0,
              1.8999999761581421 -38.599998474121094 8.6999998092651367,
              1.8999999761581421 -38.599998474121094 10.199999809265137,
              1.8999999761581421 -38.599998474121094 10.199999809265137,
              -1.8999999761581421 -38.599998474121094 10.199999809265137,
              -1.8999999761581421 -38.599998474121094 8.6999998092651367,
              -1.8999999761581421 -38.599998474121094 10.199999809265137,
              -1.8999999761581421 -38.599998474121094 8.6999998092651367,
              1.8999999761581421 -38.599998474121094 8.6999998092651367,
              1.8999999761581421 -38.599998474121094 8.6999998092651367,
              1.8999999761581421 -38.599998474121094 10.199999809265137,
              1.8999999761581421 -38.599998474121094 10.199999809265137,
              1.8999999761581421 -37.599998474121094 10.199999809265137,
              1.8999999761581421 -37.599998474121094 8.6999998092651367,
              1.8999999761581421 -37.599998474121094 10.199999809265137,
              1.8999999761581421 -38.599998474121094 8.6999998092651367,
              1.8999999761581421 -37.599998474121094 8.6999998092651367,
              -1.8999999761581421 -38.599998474121094 8.6999998092651367,
              -1.8999999761581421 -38.599998474121094 10.199999809265137,
              -1.8999999761581421 -38.599998474121094 10.199999809265137,
              -1.8999999761581421 -37.599998474121094 10.199999809265137,
              -1.8999999761581421 -37.599998474121094 8.6999998092651367,
              -1.8999999761581421 -37.599998474121094 10.199999809265137,
              -1.8999999761581421 -38.599998474121094 8.6999998092651367,
              -1.8999999761581421 -37.599998474121094 8.6999998092651367,
              1.8999999761581421 -37.599998474121094 8.6999998092651367,
              1.8999999761581421 -37.599998474121094 10.199999809265137,
              1.8999999761581421 -37.599998474121094 10.199999809265137,
              -1.8999999761581421 -37.599998474121094 10.199999809265137,
              -1.8999999761581421 -37.599998474121094 8.6999998092651367,
              -1.8999999761581421 -37.599998474121094 10.199999809265137,
              -1.8999999761581421 -37.599998474121094 8.6999998092651367,
              1.8999999761581421 -37.599998474121094 8.6999998092651367,
              1.8999999761581421 -36.060001373291016 8.6999998092651367,
              1.8999999761581421 -36.060001373291016 10.199999809265137,
              1.8999999761581421 -36.060001373291016 10.199999809265137,
              -1.8999999761581421 -36.060001373291016 10.199999809265137,
              -1.8999999761581421 -36.060001373291016 8.6999998092651367,
              -1.8999999761581421 -36.060001373291016 10.199999809265137,
              -1.8999999761581421 -36.060001373291016 8.6999998092651367,
              1.8999999761581421 -36.060001373291016 8.6999998092651367,
              1.8999999761581421 -36.060001373291016 8.6999998092651367,
              1.8999999761581421 -36.060001373291016 10.199999809265137,
              1.8999999761581421 -36.060001373291016 10.199999809265137,
              1.8999999761581421 -35.060001373291016 10.199999809265137,
              1.8999999761581421 -35.060001373291016 8.6999998092651367,
              1.8999999761581421 -35.060001373291016 10.199999809265137,
              1.8999999761581421 -36.060001373291016 8.6999998092651367,
              1.8999999761581421 -35.060001373291016 8.6999998092651367,
              -1.8999999761581421 -36.060001373291016 8.6999998092651367,
              -1.8999999761581421 -36.060001373291016 10.199999809265137,
              -1.8999999761581421 -36.060001373291016 10.199999809265137,
              -1.8999999761581421 -35.060001373291016 10.199999809265137,
              -1.8999999761581421 -35.060001373291016 8.6999998092651367,
              -1.8999999761581421 -35.060001373291016 10.199999809265137,
              -1.8999999761581421 -36.060001373291016 8.6999998092651367,
              -1.8999999761581421 -35.060001373291016 8.6999998092651367,
              1.8999999761581421 -35.060001373291016 8.6999998092651367,
              1.8999999761581421 -35.060001373291016 10.199999809265137,
              1.8999999761581421 -35.060001373291016 10.199999809265137,
              -1.8999999761581421 -35.060001373291016 10.199999809265137,
              -1.8999999761581421 -35.060001373291016 8.6999998092651367,
              -1.8999999761581421 -35.060001373291016 10.199999809265137,
              -1.8999999761581421 -35.060001373291016 8.6999998092651367,
              1.8999999761581421 -35.060001373291016 8.6999998092651367,
              1.8999999761581421 -33.520000457763672 8.6999998092651367,
              1.8999999761581421 -33.520000457763672 10.199999809265137,
              1.8999999761581421 -33.520000457763672 10.199999809265137,
              -1.8999999761581421 -33.520000457763672 10.199999809265137,
              -1.8999999761581421 -33.520000457763672 8.6999998092651367,
              -1.8999999761581421 -33.520000457763672 10.199999809265137,
              -1.8999999761581421 -33.520000457763672 8.6999998092651367,
              1.8999999761581421 -33.520000457763672 8.6999998092651367,
              1.8999999761581421 -33.520000457763672 8.6999998092651367,
              1.8999999761581421 -33.520000457763672 10.199999809265137,
              1.8999999761581421 -33.520000457763672 10.199999809265137,
              1.8999999761581421 -32.520000457763672 10.199999809265137,
              1.8999999761581421 -32.520000457763672 8.6999998092651367,
              1.8999999761581421 -32.520000457763672 10.199999809265137,
              1.8999999761581421 -33.520000457763672 8.6999998092651367,
              1.8999999761581421 -32.520000457763672 8.6999998092651367,
              -1.8999999761581421 -33.520000457763672 8.6999998092651367,
              -1.8999999761581421 -33.520000457763672 10.199999809265137,
              -1.8999999761581421 -33.520000457763672 10.199999809265137,
              -1.8999999761581421 -32.520000457763672 10.199999809265137,
              -1.8999999761581421 -32.520000457763672 8.6999998092651367,
              -1.8999999761581421 -32.520000457763672 10.199999809265137,
              -1.8999999761581421 -33.520000457763672 8.6999998092651367,
              -1.8999999761581421 -32.520000457763672 8.6999998092651367,
              1.8999999761581421 -32.520000457763672 8.6999998092651367,
              1.8999999761581421 -32.520000457763672 10.199999809265137,
              1.8999999761581421 -32.520000457763672 10.199999809265137,
              -1.8999999761581421 -32.520000457763672 10.199999809265137,
              -1.8999999761581421 -32.520000457763672 8.6999998092651367,
              -1.8999999761581421 -32.520000457763672 10.199999809265137,
              -1.8999999761581421 -32.520000457763672 8.6999998092651367,
              1.8999999761581421 -32.520000457763672 8.6999998092651367,
              1.8999999761581421 -30.979999542236328 8.6999998092651367,
              1.8999999761581421 -30.979999542236328 10.199999809265137,
              1.8999999761581421 -30.979999542236328 10.199999809265137,
              -1.8999999761581421 -30.979999542236328 10.199999809265137,
              -1.8999999761581421 -30.979999542236328 8.6999998092651367,
              -1.8999999761581421 -30.979999542236328 10.199999809265137,
              -1.8999999761581421 -30.979999542236328 8.6999998092651367,
              1.8999999761581421 -30.979999542236328 8.6999998092651367,
              1.8999999761581421 -30.979999542236328 8.6999998092651367,
              1.8999999761581421 -30.979999542236328 10.199999809265137,
              1.8999999761581421 -30.979999542236328 10.199999809265137,
              1.8999999761581421 -29.979999542236328 10.199999809265137,
              1.8999999761581421 -29.979999542236328 8.6999998092651367,
              1.8999999761581421 -29.979999542236328 10.199999809265137,
              1.8999999761581421 -30.979999542236328 8.6999998092651367,
              1.8999999761581421 -29.979999542236328 8.6999998092651367,
              -1.8999999761581421 -30.979999542236328 8.6999998092651367,
              -1.8999999761581421 -30.979999542236328 10.199999809265137,
              -1.8999999761581421 -30.979999542236328 10.199999809265137,
              -1.8999999761581421 -29.979999542236328 10.199999809265137,
              -1.8999999761581421 -29.979999542236328 8.6999998092651367,
              -1.8999999761581421 -29.979999542236328 10.199999809265137,
              -1.8999999761581421 -30.979999542236328 8.6999998092651367,
              -1.8999999761581421 -29.979999542236328 8.6999998092651367,
              1.8999999761581421 -29.979999542236328 8.6999998092651367,
              1.8999999761581421 -29.979999542236328 10.199999809265137,
              1.8999999761581421 -29.979999542236328 10.199999809265137,
              -1.8999999761581421 -29.979999542236328 10.199999809265137,
              -1.8999999761581421 -29.979999542236328 8.6999998092651367,
              -1.8999999761581421 -29.979999542236328 10.199999809265137,
              -1.8999999761581421 -29.979999542236328 8.6999998092651367,
              1.8999999761581421 -29.979999542236328 8.6999998092651367,
              1.8999999761581421 -28.440000534057617 8.6999998092651367,
              1.8999999761581421 -28.440000534057617 10.199999809265137,
              1.8999999761581421 -28.440000534057617 10.199999809265137,
              -1.8999999761581421 -28.440000534057617 10.199999809265137,
              -1.8999999761581421 -28.440000534057617 8.6999998092651367,
              -1.8999999761581421 -28.440000534057617 10.199999809265137,
              -1.8999999761581421 -28.440000534057617 8.6999998092651367,
              1.8999999761581421 -28.440000534057617 8.6999998092651367,
              1.8999999761581421 -28.440000534057617 8.6999998092651367,
              1.8999999761581421 -28.440000534057617 10.199999809265137,
              1.8999999761581421 -28.440000534057617 10.199999809265137,
              1.8999999761581421 -27.440000534057617 10.199999809265137,
              1.8999999761581421 -27.440000534057617 8.6999998092651367,
              1.8999999761581421 -27.440000534057617 10.199999809265137,
              1.8999999761581421 -28.440000534057617 8.6999998092651367,
              1.8999999761581421 -27.440000534057617 8.6999998092651367,
              -1.8999999761581421 -28.440000534057617 8.6999998092651367,
              -1.8999999761581421 -28.440000534057617 10.199999809265137,
              -1.8999999761581421 -28.440000534057617 10.199999809265137,
              -1.8999999761581421 -27.440000534057617 10.199999809265137,
              -1.8999999761581421 -27.440000534057617 8.6999998092651367,
              -1.8999999761581421 -27.440000534057617 10.199999809265137,
              -1.8999999761581421 -28.440000534057617 8.6999998092651367,
              -1.8999999761581421 -27.440000534057617 8.6999998092651367,
              1.8999999761581421 -27.440000534057617 8.6999998092651367,
              1.8999999761581421 -27.440000534057617 10.199999809265137,
              1.8999999761581421 -27.440000534057617 10.199999809265137,
              -1.8999999761581421 -27.440000534057617 10.199999809265137,
              -1.8999999761581421 -27.440000534057617 8.6999998092651367,
              -1.8999999761581421 -27.440000534057617 10.199999809265137,
              -1.8999999761581421 -27.440000534057617 8.6999998092651367,
              1.8999999761581421 -27.440000534057617 8.6999998092651367,
              1.8999999761581421 -25.899999618530273 8.6999998092651367,
              1.8999999761581421 -25.899999618530273 10.199999809265137,
              1.8999999761581421 -25.899999618530273 10.199999809265137,
              -1.8999999761581421 -25.899999618530273 10.199999809265137,
              -1.8999999761581421 -25.899999618530273 8.6999998092651367,
              -1.8999999761581421 -25.899999618530273 10.199999809265137,
              -1.8999999761581421 -25.899999618530273 8.6999998092651367,
              1.8999999761581421 -25.899999618530273 8.6999998092651367,
              1.8999999761581421 -25.899999618530273 8.6999998092651367,
              1.8999999761581421 -25.899999618530273 10.199999809265137,
              1.8999999761581421 -25.899999618530273 10.199999809265137,
              1.8999999761581421 -24.899999618530273 10.199999809265137,
              1.8999999761581421 -24.899999618530273 8.6999998092651367,
              1.8999999761581421 -24.899999618530273 10.199999809265137,
              1.8999999761581421 -25.899999618530273 8.6999998092651367,
              1.8999999761581421 -24.899999618530273 8.6999998092651367,
              -1.8999999761581421 -25.899999618530273 8.6999998092651367,
              -1.8999999761581421 -25.899999618530273 10.199999809265137,
              -1.8999999761581421 -25.899999618530273 10.199999809265137,
              -1.8999999761581421 -24.899999618530273 10.199999809265137,
              -1.8999999761581421 -24.899999618530273 8.6999998092651367,
              -1.8999999761581421 -24.899999618530273 10.199999809265137,
              -1.8999999761581421 -25.899999618530273 8.6999998092651367,
              -1.8999999761581421 -24.899999618530273 8.6999998092651367,
              1.8999999761581421 -24.899999618530273 8.6999998092651367,
              1.8999999761581421 -24.899999618530273 10.199999809265137,
              1.8999999761581421 -24.899999618530273 10.199999809265137,
              -1.8999999761581421 -24.899999618530273 10.199999809265137,
              -1.8999999761581421 -24.899999618530273 8.6999998092651367,
              -1.8999999761581421 -24.899999618530273 10.199999809265137,
              -1.8999999761581421 -24.899999618530273 8.6999998092651367,
              1.8999999761581421 -24.899999618530273 8.6999998092651367,
              1.8999999761581421 -23.360000610351562 8.6999998092651367,
              1.8999999761581421 -23.360000610351562 10.199999809265137,
              1.8999999761581421 -23.360000610351562 10.199999809265137,
              -1.8999999761581421 -23.360000610351562 10.199999809265137,
              -1.8999999761581421 -23.360000610351562 8.6999998092651367,
              -1.8999999761581421 -23.360000610351562 10.199999809265137,
              -1.8999999761581421 -23.360000610351562 8.6999998092651367,
              1.8999999761581421 -23.360000610351562 8.6999998092651367,
              1.8999999761581421 -23.360000610351562 8.6999998092651367,
              1.8999999761581421 -23.360000610351562 10.199999809265137,
              1.8999999761581421 -23.360000610351562 10.199999809265137,
              1.8999999761581421 -22.360000610351562 10.199999809265137,
              1.8999999761581421 -22.360000610351562 8.6999998092651367,
              1.8999999761581421 -22.360000610351562 10.199999809265137,
              1.8999999761581421 -23.360000610351562 8.6999998092651367,
              1.8999999761581421 -22.360000610351562 8.6999998092651367,
              -1.8999999761581421 -23.360000610351562 8.6999998092651367,
              -1.8999999761581421 -23.360000610351562 10.199999809265137,
              -1.8999999761581421 -23.360000610351562 10.199999809265137,
              -1.8999999761581421 -22.360000610351562 10.199999809265137,
              -1.8999999761581421 -22.360000610351562 8.6999998092651367,
              -1.8999999761581421 -22.360000610351562 10.199999809265137,
              -1.8999999761581421 -23.360000610351562 8.6999998092651367,
              -1.8999999761581421 -22.360000610351562 8.6999998092651367,
              1.8999999761581421 -22.360000610351562 8.6999998092651367,
              1.8999999761581421 -22.360000610351562 10.199999809265137,
              1.8999999761581421 -22.360000610351562 10.199999809265137,
              -1.8999999761581421 -22.360000610351562 10.199999809265137,
              -1.8999999761581421 -22.360000610351562 8.6999998092651367,
              -1.8999999761581421 -22.360000610351562 10.199999809265137,
              -1.8999999761581421 -22.360000610351562 8.6999998092651367,
              1.8999999761581421 -22.360000610351562 8.6999998092651367,
              1.8999999761581421 -20.819999694824219 8.6999998092651367,
              1.8999999761581421 -20.819999694824219 10.199999809265137,
              1.8999999761581421 -20.819999694824219 10.199999809265137,
              -1.8999999761581421 -20.819999694824219 10.199999809265137,
              -1.8999999761581421 -20.819999694824219 8.6999998092651367,
              -1.8999999761581421 -20.819999694824219 10.199999809265137,
              -1.8999999761581421 -20.819999694824219 8.6999998092651367,
              1.8999999761581421 -20.819999694824219 8.6999998092651367,
              1.8999999761581421 -20.819999694824219 8.6999998092651367,
              1.8999999761581421 -20.819999694824219 10.199999809265137,
              1.8999999761581421 -20.819999694824219 10.199999809265137,
              1.8999999761581421 -19.819999694824219 10.199999809265137,
              1.8999999761581421 -19.819999694824219 8.6999998092651367,
              1.8999999761581421 -19.819999694824219 10.199999809265137,
              1.8999999761581421 -20.819999694824219 8.6999998092651367,
              1.8999999761581421 -19.819999694824219 8.6999998092651367,
              -1.8999999761581421 -20.819999694824219 8.6999998092651367,
              -1.8999999761581421 -20.819999694824219 10.199999809265137,
              -1.8999999761581421 -20.819999694824219 10.199999809265137,
              -1.8999999761581421 -19.819999694824219 10.199999809265137,
              -1.8999999761581421 -19.819999694824219 8.6999998092651367,
              -1.8999999761581421 -19.819999694824219 10.199999809265137,
              -1.8999999761581421 -20.819999694824219 8.6999998092651367,
              -1.8999999761581421 -19.819999694824219 8.6999998092651367,
              1.8999999761581421 -19.819999694824219 8.6999998092651367,
              1.8999999761581421 -19.819999694824219 10.199999809265137,
              1.8999999761581421 -19.819999694824219 10.199999809265137,
              -1.8999999761581421 -19.819999694824219 10.199999809265137,
              -1.8999999761581421 -19.819999694824219 8.6999998092651367,
              -1.8999999761581421 -19.819999694824219 10.199999809265137,
              -1.8999999761581421 -19.819999694824219 8.6999998092651367,
              1.8999999761581421 -19.819999694824219 8.6999998092651367,
              17.139999389648438 -38.599998474121094 8.6999998092651367,
              17.139999389648438 -38.599998474121094 10.199999809265137,
              17.139999389648438 -38.599998474121094 10.199999809265137,
              13.340000152587891 -38.599998474121094 10.199999809265137,
              13.340000152587891 -38.599998474121094 8.6999998092651367,
              13.340000152587891 -38.599998474121094 10.199999809265137,
              13.340000152587891 -38.599998474121094 8.6999998092651367,
              17.139999389648438 -38.599998474121094 8.6999998092651367,
              17.139999389648438 -38.599998474121094 8.6999998092651367,
              17.139999389648438 -38.599998474121094 10.199999809265137,
              17.139999389648438 -38.599998474121094 10.199999809265137,
              17.139999389648438 -37.599998474121094 10.199999809265137,
              17.139999389648438 -37.599998474121094 8.6999998092651367,
              17.139999389648438 -37.599998474121094 10.199999809265137,
              17.139999389648438 -38.599998474121094 8.6999998092651367,
              17.139999389648438 -37.599998474121094 8.6999998092651367,
              17.139999389648438 -37.599998474121094 8.6999998092651367,
              17.139999389648438 -37.599998474121094 10.199999809265137,
              17.139999389648438 -37.599998474121094 10.199999809265137,
              13.340000152587891 -37.599998474121094 10.199999809265137,
              13.340000152587891 -37.599998474121094 8.6999998092651367,
              13.340000152587891 -37.599998474121094 10.199999809265137,
              13.340000152587891 -37.599998474121094 8.6999998092651367,
              17.139999389648438 -37.599998474121094 8.6999998092651367,
              13.340000152587891 -38.599998474121094 8.6999998092651367,
              13.340000152587891 -38.599998474121094 10.199999809265137,
              13.340000152587891 -38.599998474121094 10.199999809265137,
              13.340000152587891 -37.599998474121094 10.199999809265137,
              13.340000152587891 -37.599998474121094 8.6999998092651367,
              13.340000152587891 -37.599998474121094 10.199999809265137,
              13.340000152587891 -38.599998474121094 8.6999998092651367,
              13.340000152587891 -37.599998474121094 8.6999998092651367,
              17.139999389648438 -36.060001373291016 8.6999998092651367,
              17.139999389648438 -36.060001373291016 10.199999809265137,
              17.139999389648438 -36.060001373291016 10.199999809265137,
              13.340000152587891 -36.060001373291016 10.199999809265137,
              13.340000152587891 -36.060001373291016 8.6999998092651367,
              13.340000152587891 -36.060001373291016 10.199999809265137,
              13.340000152587891 -36.060001373291016 8.6999998092651367,
              17.139999389648438 -36.060001373291016 8.6999998092651367,
              17.139999389648438 -36.060001373291016 8.6999998092651367,
              17.139999389648438 -36.060001373291016 10.199999809265137,
              17.139999389648438 -36.060001373291016 10.199999809265137,
              17.139999389648438 -35.060001373291016 10.199999809265137,
              17.139999389648438 -35.060001373291016 8.6999998092651367,
              17.139999389648438 -35.060001373291016 10.199999809265137,
              17.139999389648438 -36.060001373291016 8.6999998092651367,
              17.139999389648438 -35.060001373291016 8.6999998092651367,
              13.340000152587891 -36.060001373291016 8.6999998092651367,
              13.340000152587891 -36.060001373291016 10.199999809265137,
              13.340000152587891 -36.060001373291016 10.199999809265137,
              13.340000152587891 -35.060001373291016 10.199999809265137,
              13.340000152587891 -35.060001373291016 8.6999998092651367,
              13.340000152587891 -35.060001373291016 10.199999809265137,
              13.340000152587891 -36.060001373291016 8.6999998092651367,
              13.340000152587891 -35.060001373291016 8.6999998092651367,
              17.139999389648438 -35.060001373291016 8.6999998092651367,
              17.139999389648438 -35.060001373291016 10.199999809265137,
              17.139999389648438 -35.060001373291016 10.199999809265137,
              13.340000152587891 -35.060001373291016 10.199999809265137,
              13.340000152587891 -35.060001373291016 8.6999998092651367,
              13.340000152587891 -35.060001373291016 10.199999809265137,
              13.340000152587891 -35.060001373291016 8.6999998092651367,
              17.139999389648438 -35.060001373291016 8.6999998092651367,
              17.139999389648438 -33.520000457763672 8.6999998092651367,
              17.139999389648438 -33.520000457763672 10.199999809265137,
              17.139999389648438 -33.520000457763672 10.199999809265137,
              13.340000152587891 -33.520000457763672 10.199999809265137,
              13.340000152587891 -33.520000457763672 8.6999998092651367,
              13.340000152587891 -33.520000457763672 10.199999809265137,
              13.340000152587891 -33.520000457763672 8.6999998092651367,
              17.139999389648438 -33.520000457763672 8.6999998092651367,
              17.139999389648438 -33.520000457763672 8.6999998092651367,
              17.139999389648438 -33.520000457763672 10.199999809265137,
              17.139999389648438 -33.520000457763672 10.199999809265137,
              17.139999389648438 -32.520000457763672 10.199999809265137,
              17.139999389648438 -32.520000457763672 8.6999998092651367,
              17.139999389648438 -32.520000457763672 10.199999809265137,
              17.139999389648438 -33.520000457763672 8.6999998092651367,
              17.139999389648438 -32.520000457763672 8.6999998092651367,
              13.340000152587891 -33.520000457763672 8.6999998092651367,
              13.340000152587891 -33.520000457763672 10.199999809265137,
              13.340000152587891 -33.520000457763672 10.199999809265137,
              13.340000152587891 -32.520000457763672 10.199999809265137,
              13.340000152587891 -32.520000457763672 8.6999998092651367,
              13.340000152587891 -32.520000457763672 10.199999809265137,
              13.340000152587891 -33.520000457763672 8.6999998092651367,
              13.340000152587891 -32.520000457763672 8.6999998092651367,
              17.139999389648438 -32.520000457763672 8.6999998092651367,
              17.139999389648438 -32.520000457763672 10.199999809265137,
              17.139999389648438 -32.520000457763672 10.199999809265137,
              13.340000152587891 -32.520000457763672 10.199999809265137,
              13.340000152587891 -32.520000457763672 8.6999998092651367,
              13.340000152587891 -32.520000457763672 10.199999809265137,
              13.340000152587891 -32.520000457763672 8.6999998092651367,
              17.139999389648438 -32.520000457763672 8.6999998092651367,
              17.139999389648438 -30.979999542236328 8.6999998092651367,
              17.139999389648438 -30.979999542236328 10.199999809265137,
              17.139999389648438 -30.979999542236328 10.199999809265137,
              13.340000152587891 -30.979999542236328 10.199999809265137,
              13.340000152587891 -30.979999542236328 8.6999998092651367,
              13.340000152587891 -30.979999542236328 10.199999809265137,
              13.340000152587891 -30.979999542236328 8.6999998092651367,
              17.139999389648438 -30.979999542236328 8.6999998092651367,
              17.139999389648438 -30.979999542236328 8.6999998092651367,
              17.139999389648438 -30.979999542236328 10.199999809265137,
              17.139999389648438 -30.979999542236328 10.199999809265137,
              17.139999389648438 -29.979999542236328 10.199999809265137,
              17.139999389648438 -29.979999542236328 8.6999998092651367,
              17.139999389648438 -29.979999542236328 10.199999809265137,
              17.139999389648438 -30.979999542236328 8.6999998092651367,
              17.139999389648438 -29.979999542236328 8.6999998092651367,
              13.340000152587891 -30.979999542236328 8.6999998092651367,
              13.340000152587891 -30.979999542236328 10.199999809265137,
              13.340000152587891 -30.979999542236328 10.199999809265137,
              13.340000152587891 -29.979999542236328 10.199999809265137,
              13.340000152587891 -29.979999542236328 8.6999998092651367,
              13.340000152587891 -29.979999542236328 10.199999809265137,
              13.340000152587891 -30.979999542236328 8.6999998092651367,
              13.340000152587891 -29.979999542236328 8.6999998092651367,
              17.139999389648438 -29.979999542236328 8.6999998092651367,
              17.139999389648438 -29.979999542236328 10.199999809265137,
              17.139999389648438 -29.979999542236328 10.199999809265137,
              13.340000152587891 -29.979999542236328 10.199999809265137,
              13.340000152587891 -29.979999542236328 8.6999998092651367,
              13.340000152587891 -29.979999542236328 10.199999809265137,
              13.340000152587891 -29.979999542236328 8.6999998092651367,
              17.139999389648438 -29.979999542236328 8.6999998092651367,
              17.139999389648438 -28.440000534057617 8.6999998092651367,
              17.139999389648438 -28.440000534057617 10.199999809265137,
              17.139999389648438 -28.440000534057617 10.199999809265137,
              13.340000152587891 -28.440000534057617 10.199999809265137,
              13.340000152587891 -28.440000534057617 8.6999998092651367,
              13.340000152587891 -28.440000534057617 10.199999809265137,
              13.340000152587891 -28.440000534057617 8.6999998092651367,
              17.139999389648438 -28.440000534057617 8.6999998092651367,
              17.139999389648438 -28.440000534057617 8.6999998092651367,
              17.139999389648438 -28.440000534057617 10.199999809265137,
              17.139999389648438 -28.440000534057617 10.199999809265137,
              17.139999389648438 -27.440000534057617 10.199999809265137,
              17.139999389648438 -27.440000534057617 8.6999998092651367,
              17.139999389648438 -27.440000534057617 10.199999809265137,
              17.139999389648438 -28.440000534057617 8.6999998092651367,
              17.139999389648438 -27.440000534057617 8.6999998092651367,
              13.340000152587891 -28.440000534057617 8.6999998092651367,
              13.340000152587891 -28.440000534057617 10.199999809265137,
              13.340000152587891 -28.440000534057617 10.199999809265137,
              13.340000152587891 -27.440000534057617 10.199999809265137,
              13.340000152587891 -27.440000534057617 8.6999998092651367,
              13.340000152587891 -27.440000534057617 10.199999809265137,
              13.340000152587891 -28.440000534057617 8.6999998092651367,
              13.340000152587891 -27.440000534057617 8.6999998092651367,
              17.139999389648438 -27.440000534057617 8.6999998092651367,
              17.139999389648438 -27.440000534057617 10.199999809265137,
              17.139999389648438 -27.440000534057617 10.199999809265137,
              13.340000152587891 -27.440000534057617 10.199999809265137,
              13.340000152587891 -27.440000534057617 8.6999998092651367,
              13.340000152587891 -27.440000534057617 10.199999809265137,
              13.340000152587891 -27.440000534057617 8.6999998092651367,
              17.139999389648438 -27.440000534057617 8.6999998092651367,
              17.139999389648438 -25.899999618530273 8.6999998092651367,
              17.139999389648438 -25.899999618530273 10.199999809265137,
              17.139999389648438 -25.899999618530273 10.199999809265137,
              13.340000152587891 -25.899999618530273 10.199999809265137,
              13.340000152587891 -25.899999618530273 8.6999998092651367,
              13.340000152587891 -25.899999618530273 10.199999809265137,
              13.340000152587891 -25.899999618530273 8.6999998092651367,
              17.139999389648438 -25.899999618530273 8.6999998092651367,
              17.139999389648438 -25.899999618530273 8.6999998092651367,
              17.139999389648438 -25.899999618530273 10.199999809265137,
              17.139999389648438 -25.899999618530273 10.199999809265137,
              17.139999389648438 -24.899999618530273 10.199999809265137,
              17.139999389648438 -24.899999618530273 8.6999998092651367,
              17.139999389648438 -24.899999618530273 10.199999809265137,
              17.139999389648438 -25.899999618530273 8.6999998092651367,
              17.139999389648438 -24.899999618530273 8.6999998092651367,
              13.340000152587891 -25.899999618530273 8.6999998092651367,
              13.340000152587891 -25.899999618530273 10.199999809265137,
              13.340000152587891 -25.899999618530273 10.199999809265137,
              13.340000152587891 -24.899999618530273 10.199999809265137,
              13.340000152587891 -24.899999618530273 8.6999998092651367,
              13.340000152587891 -24.899999618530273 10.199999809265137,
              13.340000152587891 -25.899999618530273 8.6999998092651367,
              13.340000152587891 -24.899999618530273 8.6999998092651367,
              17.139999389648438 -24.899999618530273 8.6999998092651367,
              17.139999389648438 -24.899999618530273 10.199999809265137,
              17.139999389648438 -24.899999618530273 10.199999809265137,
              13.340000152587891 -24.899999618530273 10.199999809265137,
              13.340000152587891 -24.899999618530273 8.6999998092651367,
              13.340000152587891 -24.899999618530273 10.199999809265137,
              13.340000152587891 -24.899999618530273 8.6999998092651367,
              17.139999389648438 -24.899999618530273 8.6999998092651367,
              17.139999389648438 -23.360000610351562 8.6999998092651367,
              17.139999389648438 -23.360000610351562 10.199999809265137,
              17.139999389648438 -23.360000610351562 10.199999809265137,
              13.340000152587891 -23.360000610351562 10.199999809265137,
              13.340000152587891 -23.360000610351562 8.6999998092651367,
              13.340000152587891 -23.360000610351562 10.199999809265137,
              13.340000152587891 -23.360000610351562 8.6999998092651367,
              17.139999389648438 -23.360000610351562 8.6999998092651367,
              17.139999389648438 -23.360000610351562 8.6999998092651367,
              17.139999389648438 -23.360000610351562 10.199999809265137,
              17.139999389648438 -23.360000610351562 10.199999809265137,
              17.139999389648438 -22.360000610351562 10.199999809265137,
              17.139999389648438 -22.360000610351562 8.6999998092651367,
              17.139999389648438 -22.360000610351562 10.199999809265137,
              17.139999389648438 -23.360000610351562 8.6999998092651367,
              17.139999389648438 -22.360000610351562 8.6999998092651367,
              13.340000152587891 -23.360000610351562 8.6999998092651367,
              13.340000152587891 -23.360000610351562 10.199999809265137,
              13.340000152587891 -23.360000610351562 10.199999809265137,
              13.340000152587891 -22.360000610351562 10.199999809265137,
              13.340000152587891 -22.360000610351562 8.6999998092651367,
              13.340000152587891 -22.360000610351562 10.199999809265137,
              13.340000152587891 -23.360000610351562 8.6999998092651367,
              13.340000152587891 -22.360000610351562 8.6999998092651367,
              17.139999389648438 -22.360000610351562 8.6999998092651367,
              17.139999389648438 -22.360000610351562 10.199999809265137,
              17.139999389648438 -22.360000610351562 10.199999809265137,
              13.340000152587891 -22.360000610351562 10.199999809265137,
              13.340000152587891 -22.360000610351562 8.6999998092651367,
              13.340000152587891 -22.360000610351562 10.199999809265137,
              13.340000152587891 -22.360000610351562 8.6999998092651367,
              17.139999389648438 -22.360000610351562 8.6999998092651367,
              17.139999389648438 -20.819999694824219 8.6999998092651367,
              17.139999389648438 -20.819999694824219 10.199999809265137,
              17.139999389648438 -20.819999694824219 10.199999809265137,
              13.340000152587891 -20.819999694824219 10.199999809265137,
              13.340000152587891 -20.819999694824219 8.6999998092651367,
              13.340000152587891 -20.819999694824219 10.199999809265137,
              13.340000152587891 -20.819999694824219 8.6999998092651367,
              17.139999389648438 -20.819999694824219 8.6999998092651367,
              17.139999389648438 -20.819999694824219 8.6999998092651367,
              17.139999389648438 -20.819999694824219 10.199999809265137,
              17.139999389648438 -20.819999694824219 10.199999809265137,
              17.139999389648438 -19.819999694824219 10.199999809265137,
              17.139999389648438 -19.819999694824219 8.6999998092651367,
              17.139999389648438 -19.819999694824219 10.199999809265137,
              17.139999389648438 -20.819999694824219 8.6999998092651367,
              17.139999389648438 -19.819999694824219 8.6999998092651367,
              13.340000152587891 -20.819999694824219 8.6999998092651367,
              13.340000152587891 -20.819999694824219 10.199999809265137,
              13.340000152587891 -20.819999694824219 10.199999809265137,
              13.340000152587891 -19.819999694824219 10.199999809265137,
              13.340000152587891 -19.819999694824219 8.6999998092651367,
              13.340000152587891 -19.819999694824219 10.199999809265137,
              13.340000152587891 -20.819999694824219 8.6999998092651367,
              13.340000152587891 -19.819999694824219 8.6999998092651367,
              17.139999389648438 -19.819999694824219 8.6999998092651367,
              17.139999389648438 -19.819999694824219 10.199999809265137,
              17.139999389648438 -19.819999694824219 10.199999809265137,
              13.340000152587891 -19.819999694824219 10.199999809265137,
              13.340000152587891 -19.819999694824219 8.6999998092651367,
              13.340000152587891 -19.819999694824219 10.199999809265137,
              13.340000152587891 -19.819999694824219 8.6999998092651367,
              17.139999389648438 -19.819999694824219 8.6999998092651367,
              1.8999999761581421 -18.280000686645508 8.6999998092651367,
              1.8999999761581421 -18.280000686645508 10.199999809265137,
              1.8999999761581421 -18.280000686645508 10.199999809265137,
              -1.8999999761581421 -18.280000686645508 10.199999809265137,
              -1.8999999761581421 -18.280000686645508 8.6999998092651367,
              -1.8999999761581421 -18.280000686645508 10.199999809265137,
              -1.8999999761581421 -18.280000686645508 8.6999998092651367,
              1.8999999761581421 -18.280000686645508 8.6999998092651367,
              1.8999999761581421 -18.280000686645508 8.6999998092651367,
              1.8999999761581421 -18.280000686645508 10.199999809265137,
              1.8999999761581421 -18.280000686645508 10.199999809265137,
              1.8999999761581421 -17.280000686645508 10.199999809265137,
              1.8999999761581421 -17.280000686645508 8.6999998092651367,
              1.8999999761581421 -17.280000686645508 10.199999809265137,
              1.8999999761581421 -18.280000686645508 8.6999998092651367,
              1.8999999761581421 -17.280000686645508 8.6999998092651367,
              -1.8999999761581421 -18.280000686645508 8.6999998092651367,
              -1.8999999761581421 -18.280000686645508 10.199999809265137,
              -1.8999999761581421 -18.280000686645508 10.199999809265137,
              -1.8999999761581421 -17.280000686645508 10.199999809265137,
              -1.8999999761581421 -17.280000686645508 8.6999998092651367,
              -1.8999999761581421 -17.280000686645508 10.199999809265137,
              -1.8999999761581421 -18.280000686645508 8.6999998092651367,
              -1.8999999761581421 -17.280000686645508 8.6999998092651367,
              1.8999999761581421 -17.280000686645508 8.6999998092651367,
              1.8999999761581421 -17.280000686645508 10.199999809265137,
              1.8999999761581421 -17.280000686645508 10.199999809265137,
              -1.8999999761581421 -17.280000686645508 10.199999809265137,
              -1.8999999761581421 -17.280000686645508 8.6999998092651367,
              -1.8999999761581421 -17.280000686645508 10.199999809265137,
              -1.8999999761581421 -17.280000686645508 8.6999998092651367,
              1.8999999761581421 -17.280000686645508 8.6999998092651367,
              1.8999999761581421 -15.739999771118164 8.6999998092651367,
              1.8999999761581421 -15.739999771118164 10.199999809265137,
              1.8999999761581421 -15.739999771118164 10.199999809265137,
              -1.8999999761581421 -15.739999771118164 10.199999809265137,
              -1.8999999761581421 -15.739999771118164 8.6999998092651367,
              -1.8999999761581421 -15.739999771118164 10.199999809265137,
              -1.8999999761581421 -15.739999771118164 8.6999998092651367,
              1.8999999761581421 -15.739999771118164 8.6999998092651367,
              1.8999999761581421 -15.739999771118164 8.6999998092651367,
              1.8999999761581421 -15.739999771118164 10.199999809265137,
              1.8999999761581421 -15.739999771118164 10.199999809265137,
              1.8999999761581421 -14.739999771118164 10.199999809265137,
              1.8999999761581421 -14.739999771118164 8.6999998092651367,
              1.8999999761581421 -14.739999771118164 10.199999809265137,
              1.8999999761581421 -15.739999771118164 8.6999998092651367,
              1.8999999761581421 -14.739999771118164 8.6999998092651367,
              -1.8999999761581421 -15.739999771118164 8.6999998092651367,
              -1.8999999761581421 -15.739999771118164 10.199999809265137,
              -1.8999999761581421 -15.739999771118164 10.199999809265137,
              -1.8999999761581421 -14.739999771118164 10.199999809265137,
              -1.8999999761581421 -14.739999771118164 8.6999998092651367,
              -1.8999999761581421 -14.739999771118164 10.199999809265137,
              -1.8999999761581421 -15.739999771118164 8.6999998092651367,
              -1.8999999761581421 -14.739999771118164 8.6999998092651367,
              1.8999999761581421 -14.739999771118164 8.6999998092651367,
              1.8999999761581421 -14.739999771118164 10.199999809265137,
              1.8999999761581421 -14.739999771118164 10.199999809265137,
              -1.8999999761581421 -14.739999771118164 10.199999809265137,
              -1.8999999761581421 -14.739999771118164 8.6999998092651367,
              -1.8999999761581421 -14.739999771118164 10.199999809265137,
              -1.8999999761581421 -14.739999771118164 8.6999998092651367,
              1.8999999761581421 -14.739999771118164 8.6999998092651367,
              1.8999999761581421 -13.199999809265137 8.6999998092651367,
              1.8999999761581421 -13.199999809265137 10.199999809265137,
              1.8999999761581421 -13.199999809265137 10.199999809265137,
              -1.8999999761581421 -13.199999809265137 10.199999809265137,
              -1.8999999761581421 -13.199999809265137 8.6999998092651367,
              -1.8999999761581421 -13.199999809265137 10.199999809265137,
              -1.8999999761581421 -13.199999809265137 8.6999998092651367,
              1.8999999761581421 -13.199999809265137 8.6999998092651367,
              1.8999999761581421 -13.199999809265137 8.6999998092651367,
              1.8999999761581421 -13.199999809265137 10.199999809265137,
              1.8999999761581421 -13.199999809265137 10.199999809265137,
              1.8999999761581421 -12.199999809265137 10.199999809265137,
              1.8999999761581421 -12.199999809265137 8.6999998092651367,
              1.8999999761581421 -12.199999809265137 10.199999809265137,
              1.8999999761581421 -13.199999809265137 8.6999998092651367,
              1.8999999761581421 -12.199999809265137 8.6999998092651367,
              -1.8999999761581421 -13.199999809265137 8.6999998092651367,
              -1.8999999761581421 -13.199999809265137 10.199999809265137,
              -1.8999999761581421 -13.199999809265137 10.199999809265137,
              -1.8999999761581421 -12.199999809265137 10.199999809265137,
              -1.8999999761581421 -12.199999809265137 8.6999998092651367,
              -1.8999999761581421 -12.199999809265137 10.199999809265137,
              -1.8999999761581421 -13.199999809265137 8.6999998092651367,
              -1.8999999761581421 -12.199999809265137 8.6999998092651367,
              1.8999999761581421 -12.199999809265137 8.6999998092651367,
              1.8999999761581421 -12.199999809265137 10.199999809265137,
              1.8999999761581421 -12.199999809265137 10.199999809265137,
              -1.8999999761581421 -12.199999809265137 10.199999809265137,
              -1.8999999761581421 -12.199999809265137 8.6999998092651367,
              -1.8999999761581421 -12.199999809265137 10.199999809265137,
              -1.8999999761581421 -12.199999809265137 8.6999998092651367,
              1.8999999761581421 -12.199999809265137 8.6999998092651367,
              1.8999999761581421 -10.659999847412109 8.6999998092651367,
              1.8999999761581421 -10.659999847412109 10.199999809265137,
              1.8999999761581421 -10.659999847412109 10.199999809265137,
              -1.8999999761581421 -10.659999847412109 10.199999809265137,
              -1.8999999761581421 -10.659999847412109 8.6999998092651367,
              -1.8999999761581421 -10.659999847412109 10.199999809265137,
              -1.8999999761581421 -10.659999847412109 8.6999998092651367,
              1.8999999761581421 -10.659999847412109 8.6999998092651367,
              1.8999999761581421 -10.659999847412109 8.6999998092651367,
              1.8999999761581421 -10.659999847412109 10.199999809265137,
              1.8999999761581421 -10.659999847412109 10.199999809265137,
              1.8999999761581421 -9.6599998474121094 10.199999809265137,
              1.8999999761581421 -9.6599998474121094 8.6999998092651367,
              1.8999999761581421 -9.6599998474121094 10.199999809265137,
              1.8999999761581421 -10.659999847412109 8.6999998092651367,
              1.8999999761581421 -9.6599998474121094 8.6999998092651367,
              -1.8999999761581421 -10.659999847412109 8.6999998092651367,
              -1.8999999761581421 -10.659999847412109 10.199999809265137,
              -1.8999999761581421 -10.659999847412109 10.199999809265137,
              -1.8999999761581421 -9.6599998474121094 10.199999809265137,
              -1.8999999761581421 -9.6599998474121094 8.6999998092651367,
              -1.8999999761581421 -9.6599998474121094 10.199999809265137,
              -1.8999999761581421 -10.659999847412109 8.6999998092651367,
              -1.8999999761581421 -9.6599998474121094 8.6999998092651367,
              1.8999999761581421 -9.6599998474121094 8.6999998092651367,
              1.8999999761581421 -9.6599998474121094 10.199999809265137,
              1.8999999761581421 -9.6599998474121094 10.199999809265137,
              -1.8999999761581421 -9.6599998474121094 10.199999809265137,
              -1.8999999761581421 -9.6599998474121094 8.6999998092651367,
              -1.8999999761581421 -9.6599998474121094 10.199999809265137,
              -1.8999999761581421 -9.6599998474121094 8.6999998092651367,
              1.8999999761581421 -9.6599998474121094 8.6999998092651367,
              1.8999999761581421 -8.119999885559082 8.6999998092651367,
              1.8999999761581421 -8.119999885559082 10.199999809265137,
              1.8999999761581421 -8.119999885559082 10.199999809265137,
              -1.8999999761581421 -8.119999885559082 10.199999809265137,
              -1.8999999761581421 -8.119999885559082 8.6999998092651367,
              -1.8999999761581421 -8.119999885559082 10.199999809265137,
              -1.8999999761581421 -8.119999885559082 8.6999998092651367,
              1.8999999761581421 -8.119999885559082 8.6999998092651367,
              1.8999999761581421 -8.119999885559082 8.6999998092651367,
              1.8999999761581421 -8.119999885559082 10.199999809265137,
              1.8999999761581421 -8.119999885559082 10.199999809265137,
              1.8999999761581421 -7.119999885559082 10.199999809265137,
              1.8999999761581421 -7.119999885559082 8.6999998092651367,
              1.8999999761581421 -7.119999885559082 10.199999809265137,
              1.8999999761581421 -8.119999885559082 8.6999998092651367,
              1.8999999761581421 -7.119999885559082 8.6999998092651367,
              -1.8999999761581421 -8.119999885559082 8.6999998092651367,
              -1.8999999761581421 -8.119999885559082 10.199999809265137,
              -1.8999999761581421 -8.119999885559082 10.199999809265137,
              -1.8999999761581421 -7.119999885559082 10.199999809265137,
              -1.8999999761581421 -7.119999885559082 8.6999998092651367,
              -1.8999999761581421 -7.119999885559082 10.199999809265137,
              -1.8999999761581421 -8.119999885559082 8.6999998092651367,
              -1.8999999761581421 -7.119999885559082 8.6999998092651367,
              1.8999999761581421 -7.119999885559082 8.6999998092651367,
              1.8999999761581421 -7.119999885559082 10.199999809265137,
              1.8999999761581421 -7.119999885559082 10.199999809265137,
              -1.8999999761581421 -7.119999885559082 10.199999809265137,
              -1.8999999761581421 -7.119999885559082 8.6999998092651367,
              -1.8999999761581421 -7.119999885559082 10.199999809265137,
              -1.8999999761581421 -7.119999885559082 8.6999998092651367,
              1.8999999761581421 -7.119999885559082 8.6999998092651367,
              1.8999999761581421 -5.5799999237060547 8.6999998092651367,
              1.8999999761581421 -5.5799999237060547 10.199999809265137,
              1.8999999761581421 -5.5799999237060547 10.199999809265137,
              -1.8999999761581421 -5.5799999237060547 10.199999809265137,
              -1.8999999761581421 -5.5799999237060547 8.6999998092651367,
              -1.8999999761581421 -5.5799999237060547 10.199999809265137,
              -1.8999999761581421 -5.5799999237060547 8.6999998092651367,
              1.8999999761581421 -5.5799999237060547 8.6999998092651367,
              1.8999999761581421 -5.5799999237060547 8.6999998092651367,
              1.8999999761581421 -5.5799999237060547 10.199999809265137,
              1.8999999761581421 -5.5799999237060547 10.199999809265137,
              1.8999999761581421 -4.5799999237060547 10.199999809265137,
              1.8999999761581421 -4.5799999237060547 8.6999998092651367,
              1.8999999761581421 -4.5799999237060547 10.199999809265137,
              1.8999999761581421 -5.5799999237060547 8.6999998092651367,
              1.8999999761581421 -4.5799999237060547 8.6999998092651367,
              -1.8999999761581421 -5.5799999237060547 8.6999998092651367,
              -1.8999999761581421 -5.5799999237060547 10.199999809265137,
              -1.8999999761581421 -5.5799999237060547 10.199999809265137,
              -1.8999999761581421 -4.5799999237060547 10.199999809265137,
              -1.8999999761581421 -4.5799999237060547 8.6999998092651367,
              -1.8999999761581421 -4.5799999237060547 10.199999809265137,
              -1.8999999761581421 -5.5799999237060547 8.6999998092651367,
              -1.8999999761581421 -4.5799999237060547 8.6999998092651367,
              1.8999999761581421 -4.5799999237060547 8.6999998092651367,
              1.8999999761581421 -4.5799999237060547 10.199999809265137,
              1.8999999761581421 -4.5799999237060547 10.199999809265137,
              -1.8999999761581421 -4.5799999237060547 10.199999809265137,
              -1.8999999761581421 -4.5799999237060547 8.6999998092651367,
              -1.8999999761581421 -4.5799999237060547 10.199999809265137,
              -1.8999999761581421 -4.5799999237060547 8.6999998092651367,
              1.8999999761581421 -4.5799999237060547 8.6999998092651367,
              1.8999999761581421 -3.0399999618530273 8.6999998092651367,
              1.8999999761581421 -3.0399999618530273 10.199999809265137,
              1.8999999761581421 -3.0399999618530273 10.199999809265137,
              -1.8999999761581421 -3.0399999618530273 10.199999809265137,
              -1.8999999761581421 -3.0399999618530273 8.6999998092651367,
              -1.8999999761581421 -3.0399999618530273 10.199999809265137,
              -1.8999999761581421 -3.0399999618530273 8.6999998092651367,
              1.8999999761581421 -3.0399999618530273 8.6999998092651367,
              1.8999999761581421 -3.0399999618530273 8.6999998092651367,
              1.8999999761581421 -3.0399999618530273 10.199999809265137,
              1.8999999761581421 -3.0399999618530273 10.199999809265137,
              1.8999999761581421 -2.0399999618530273 10.199999809265137,
              1.8999999761581421 -2.0399999618530273 8.6999998092651367,
              1.8999999761581421 -2.0399999618530273 10.199999809265137,
              1.8999999761581421 -3.0399999618530273 8.6999998092651367,
              1.8999999761581421 -2.0399999618530273 8.6999998092651367,
              -1.8999999761581421 -3.0399999618530273 8.6999998092651367,
              -1.8999999761581421 -3.0399999618530273 10.199999809265137,
              -1.8999999761581421 -3.0399999618530273 10.199999809265137,
              -1.8999999761581421 -2.0399999618530273 10.199999809265137,
              -1.8999999761581421 -2.0399999618530273 8.6999998092651367,
              -1.8999999761581421 -2.0399999618530273 10.199999809265137,
              -1.8999999761581421 -3.0399999618530273 8.6999998092651367,
              -1.8999999761581421 -2.0399999618530273 8.6999998092651367,
              1.8999999761581421 -2.0399999618530273 8.6999998092651367,
              1.8999999761581421 -2.0399999618530273 10.199999809265137,
              1.8999999761581421 -2.0399999618530273 10.199999809265137,
              -1.8999999761581421 -2.0399999618530273 10.199999809265137,
              -1.8999999761581421 -2.0399999618530273 8.6999998092651367,
              -1.8999999761581421 -2.0399999618530273 10.199999809265137,
              -1.8999999761581421 -2.0399999618530273 8.6999998092651367,
              1.8999999761581421 -2.0399999618530273 8.6999998092651367,
              1.8999999761581421 -0.5 8.6999998092651367,
              1.8999999761581421 -0.5 10.199999809265137,
              1.8999999761581421 -0.5 10.199999809265137,
              -1.8999999761581421 -0.5 10.199999809265137,
              -1.8999999761581421 -0.5 8.6999998092651367,
              -1.8999999761581421 -0.5 10.199999809265137,
              -1.8999999761581421 -0.5 8.6999998092651367,
              1.8999999761581421 -0.5 8.6999998092651367,
              1.8999999761581421 -0.5 8.6999998092651367,
              1.8999999761581421 -0.5 10.199999809265137,
              1.8999999761581421 -0.5 10.199999809265137,
              1.8999999761581421 0.5 10.199999809265137,
              1.8999999761581421 0.5 8.6999998092651367,
              1.8999999761581421 0.5 10.199999809265137,
              1.8999999761581421 -0.5 8.6999998092651367,
              1.8999999761581421 0.5 8.6999998092651367,
              -1.8999999761581421 -0.5 8.6999998092651367,
              -1.8999999761581421 -0.5 10.199999809265137,
              -1.8999999761581421 -0.5 10.199999809265137,
              -1.8999999761581421 0.5 10.199999809265137,
              -1.8999999761581421 0.5 8.6999998092651367,
              -1.8999999761581421 0.5 10.199999809265137,
              -1.8999999761581421 -0.5 8.6999998092651367,
              -1.8999999761581421 0.5 8.6999998092651367,
              1.8999999761581421 0.5 8.6999998092651367,
              1.8999999761581421 0.5 10.199999809265137,
              1.8999999761581421 0.5 10.199999809265137,
              -1.8999999761581421 0.5 10.199999809265137,
              -1.8999999761581421 0.5 8.6999998092651367,
              -1.8999999761581421 0.5 10.199999809265137,
              -1.8999999761581421 0.5 8.6999998092651367,
              1.8999999761581421 0.5 8.6999998092651367,
              17.139999389648438 -18.280000686645508 8.6999998092651367,
              17.139999389648438 -18.280000686645508 10.199999809265137,
              17.139999389648438 -18.280000686645508 10.199999809265137,
              13.340000152587891 -18.280000686645508 10.199999809265137,
              13.340000152587891 -18.280000686645508 8.6999998092651367,
              13.340000152587891 -18.280000686645508 10.199999809265137,
              13.340000152587891 -18.280000686645508 8.6999998092651367,
              17.139999389648438 -18.280000686645508 8.6999998092651367,
              17.139999389648438 -18.280000686645508 8.6999998092651367,
              17.139999389648438 -18.280000686645508 10.199999809265137,
              17.139999389648438 -18.280000686645508 10.199999809265137,
              17.139999389648438 -17.280000686645508 10.199999809265137,
              17.139999389648438 -17.280000686645508 8.6999998092651367,
              17.139999389648438 -17.280000686645508 10.199999809265137,
              17.139999389648438 -18.280000686645508 8.6999998092651367,
              17.139999389648438 -17.280000686645508 8.6999998092651367,
              13.340000152587891 -18.280000686645508 8.6999998092651367,
              13.340000152587891 -18.280000686645508 10.199999809265137,
              13.340000152587891 -18.280000686645508 10.199999809265137,
              13.340000152587891 -17.280000686645508 10.199999809265137,
              13.340000152587891 -17.280000686645508 8.6999998092651367,
              13.340000152587891 -17.280000686645508 10.199999809265137,
              13.340000152587891 -18.280000686645508 8.6999998092651367,
              13.340000152587891 -17.280000686645508 8.6999998092651367,
              17.139999389648438 -17.280000686645508 8.6999998092651367,
              17.139999389648438 -17.280000686645508 10.199999809265137,
              17.139999389648438 -17.280000686645508 10.199999809265137,
              13.340000152587891 -17.280000686645508 10.199999809265137,
              13.340000152587891 -17.280000686645508 8.6999998092651367,
              13.340000152587891 -17.280000686645508 10.199999809265137,
              13.340000152587891 -17.280000686645508 8.6999998092651367,
              17.139999389648438 -17.280000686645508 8.6999998092651367,
              17.139999389648438 -15.739999771118164 8.6999998092651367,
              17.139999389648438 -15.739999771118164 10.199999809265137,
              17.139999389648438 -15.739999771118164 10.199999809265137,
              13.340000152587891 -15.739999771118164 10.199999809265137,
              13.340000152587891 -15.739999771118164 8.6999998092651367,
              13.340000152587891 -15.739999771118164 10.199999809265137,
              13.340000152587891 -15.739999771118164 8.6999998092651367,
              17.139999389648438 -15.739999771118164 8.6999998092651367,
              17.139999389648438 -15.739999771118164 8.6999998092651367,
              17.139999389648438 -15.739999771118164 10.199999809265137,
              17.139999389648438 -15.739999771118164 10.199999809265137,
              17.139999389648438 -14.739999771118164 10.199999809265137,
              17.139999389648438 -14.739999771118164 8.6999998092651367,
              17.139999389648438 -14.739999771118164 10.199999809265137,
              17.139999389648438 -15.739999771118164 8.6999998092651367,
              17.139999389648438 -14.739999771118164 8.6999998092651367,
              13.340000152587891 -15.739999771118164 8.6999998092651367,
              13.340000152587891 -15.739999771118164 10.199999809265137,
              13.340000152587891 -15.739999771118164 10.199999809265137,
              13.340000152587891 -14.739999771118164 10.199999809265137,
              13.340000152587891 -14.739999771118164 8.6999998092651367,
              13.340000152587891 -14.739999771118164 10.199999809265137,
              13.340000152587891 -15.739999771118164 8.6999998092651367,
              13.340000152587891 -14.739999771118164 8.6999998092651367,
              17.139999389648438 -14.739999771118164 8.6999998092651367,
              17.139999389648438 -14.739999771118164 10.199999809265137,
              17.139999389648438 -14.739999771118164 10.199999809265137,
              13.340000152587891 -14.739999771118164 10.199999809265137,
              13.340000152587891 -14.739999771118164 8.6999998092651367,
              13.340000152587891 -14.739999771118164 10.199999809265137,
              13.340000152587891 -14.739999771118164 8.6999998092651367,
              17.139999389648438 -14.739999771118164 8.6999998092651367,
              17.139999389648438 -13.199999809265137 8.6999998092651367,
              17.139999389648438 -13.199999809265137 10.199999809265137,
              17.139999389648438 -13.199999809265137 10.199999809265137,
              13.340000152587891 -13.199999809265137 10.199999809265137,
              13.340000152587891 -13.199999809265137 8.6999998092651367,
              13.340000152587891 -13.199999809265137 10.199999809265137,
              13.340000152587891 -13.199999809265137 8.6999998092651367,
              17.139999389648438 -13.199999809265137 8.6999998092651367,
              17.139999389648438 -13.199999809265137 8.6999998092651367,
              17.139999389648438 -13.199999809265137 10.199999809265137,
              17.139999389648438 -13.199999809265137 10.199999809265137,
              17.139999389648438 -12.199999809265137 10.199999809265137,
              17.139999389648438 -12.199999809265137 8.6999998092651367,
              17.139999389648438 -12.199999809265137 10.199999809265137,
              17.139999389648438 -13.199999809265137 8.6999998092651367,
              17.139999389648438 -12.199999809265137 8.6999998092651367,
              13.340000152587891 -13.199999809265137 8.6999998092651367,
              13.340000152587891 -13.199999809265137 10.199999809265137,
              13.340000152587891 -13.199999809265137 10.199999809265137,
              13.340000152587891 -12.199999809265137 10.199999809265137,
              13.340000152587891 -12.199999809265137 8.6999998092651367,
              13.340000152587891 -12.199999809265137 10.199999809265137,
              13.340000152587891 -13.199999809265137 8.6999998092651367,
              13.340000152587891 -12.199999809265137 8.6999998092651367,
              17.139999389648438 -12.199999809265137 8.6999998092651367,
              17.139999389648438 -12.199999809265137 10.199999809265137,
              17.139999389648438 -12.199999809265137 10.199999809265137,
              13.340000152587891 -12.199999809265137 10.199999809265137,
              13.340000152587891 -12.199999809265137 8.6999998092651367,
              13.340000152587891 -12.199999809265137 10.199999809265137,
              13.340000152587891 -12.199999809265137 8.6999998092651367,
              17.139999389648438 -12.199999809265137 8.6999998092651367,
              17.139999389648438 -10.659999847412109 8.6999998092651367,
              17.139999389648438 -10.659999847412109 10.199999809265137,
              17.139999389648438 -10.659999847412109 10.199999809265137,
              13.340000152587891 -10.659999847412109 10.199999809265137,
              13.340000152587891 -10.659999847412109 8.6999998092651367,
              13.340000152587891 -10.659999847412109 10.199999809265137,
              13.340000152587891 -10.659999847412109 8.6999998092651367,
              17.139999389648438 -10.659999847412109 8.6999998092651367,
              17.139999389648438 -10.659999847412109 8.6999998092651367,
              17.139999389648438 -10.659999847412109 10.199999809265137,
              17.139999389648438 -10.659999847412109 10.199999809265137,
              17.139999389648438 -9.6599998474121094 10.199999809265137,
              17.139999389648438 -9.6599998474121094 8.6999998092651367,
              17.139999389648438 -9.6599998474121094 10.199999809265137,
              17.139999389648438 -10.659999847412109 8.6999998092651367,
              17.139999389648438 -9.6599998474121094 8.6999998092651367,
              13.340000152587891 -10.659999847412109 8.6999998092651367,
              13.340000152587891 -10.659999847412109 10.199999809265137,
              13.340000152587891 -10.659999847412109 10.199999809265137,
              13.340000152587891 -9.6599998474121094 10.199999809265137,
              13.340000152587891 -9.6599998474121094 8.6999998092651367,
              13.340000152587891 -9.6599998474121094 10.199999809265137,
              13.340000152587891 -10.659999847412109 8.6999998092651367,
              13.340000152587891 -9.6599998474121094 8.6999998092651367,
              17.139999389648438 -9.6599998474121094 8.6999998092651367,
              17.139999389648438 -9.6599998474121094 10.199999809265137,
              17.139999389648438 -9.6599998474121094 10.199999809265137,
              13.340000152587891 -9.6599998474121094 10.199999809265137,
              13.340000152587891 -9.6599998474121094 8.6999998092651367,
              13.340000152587891 -9.6599998474121094 10.199999809265137,
              13.340000152587891 -9.6599998474121094 8.6999998092651367,
              17.139999389648438 -9.6599998474121094 8.6999998092651367,
              17.139999389648438 -8.119999885559082 8.6999998092651367,
              17.139999389648438 -8.119999885559082 10.199999809265137,
              17.139999389648438 -8.119999885559082 10.199999809265137,
              13.340000152587891 -8.119999885559082 10.199999809265137,
              13.340000152587891 -8.119999885559082 8.6999998092651367,
              13.340000152587891 -8.119999885559082 10.199999809265137,
              13.340000152587891 -8.119999885559082 8.6999998092651367,
              17.139999389648438 -8.119999885559082 8.6999998092651367,
              17.139999389648438 -8.119999885559082 8.6999998092651367,
              17.139999389648438 -8.119999885559082 10.199999809265137,
              17.139999389648438 -8.119999885559082 10.199999809265137,
              17.139999389648438 -7.119999885559082 10.199999809265137,
              17.139999389648438 -7.119999885559082 8.6999998092651367,
              17.139999389648438 -7.119999885559082 10.199999809265137,
              17.139999389648438 -8.119999885559082 8.6999998092651367,
              17.139999389648438 -7.119999885559082 8.6999998092651367,
              13.340000152587891 -8.119999885559082 8.6999998092651367,
              13.340000152587891 -8.119999885559082 10.199999809265137,
              13.340000152587891 -8.119999885559082 10.199999809265137,
              13.340000152587891 -7.119999885559082 10.199999809265137,
              13.340000152587891 -7.119999885559082 8.6999998092651367,
              13.340000152587891 -7.119999885559082 10.199999809265137,
              13.340000152587891 -8.119999885559082 8.6999998092651367,
              13.340000152587891 -7.119999885559082 8.6999998092651367,
              17.139999389648438 -7.119999885559082 8.6999998092651367,
              17.139999389648438 -7.119999885559082 10.199999809265137,
              17.139999389648438 -7.119999885559082 10.199999809265137,
              13.340000152587891 -7.119999885559082 10.199999809265137,
              13.340000152587891 -7.119999885559082 8.6999998092651367,
              13.340000152587891 -7.119999885559082 10.199999809265137,
              13.340000152587891 -7.119999885559082 8.6999998092651367,
              17.139999389648438 -7.119999885559082 8.6999998092651367,
              17.139999389648438 -5.5799999237060547 8.6999998092651367,
              17.139999389648438 -5.5799999237060547 10.199999809265137,
              17.139999389648438 -5.5799999237060547 10.199999809265137,
              13.340000152587891 -5.5799999237060547 10.199999809265137,
              13.340000152587891 -5.5799999237060547 8.6999998092651367,
              13.340000152587891 -5.5799999237060547 10.199999809265137,
              13.340000152587891 -5.5799999237060547 8.6999998092651367,
              17.139999389648438 -5.5799999237060547 8.6999998092651367,
              17.139999389648438 -5.5799999237060547 8.6999998092651367,
              17.139999389648438 -5.5799999237060547 10.199999809265137,
              17.139999389648438 -5.5799999237060547 10.199999809265137,
              17.139999389648438 -4.5799999237060547 10.199999809265137,
              17.139999389648438 -4.5799999237060547 8.6999998092651367,
              17.139999389648438 -4.5799999237060547 10.199999809265137,
              17.139999389648438 -5.5799999237060547 8.6999998092651367,
              17.139999389648438 -4.5799999237060547 8.6999998092651367,
              13.340000152587891 -5.5799999237060547 8.6999998092651367,
              13.340000152587891 -5.5799999237060547 10.199999809265137,
              13.340000152587891 -5.5799999237060547 10.199999809265137,
              13.340000152587891 -4.5799999237060547 10.199999809265137,
              13.340000152587891 -4.5799999237060547 8.6999998092651367,
              13.340000152587891 -4.5799999237060547 10.199999809265137,
              13.340000152587891 -5.5799999237060547 8.6999998092651367,
              13.340000152587891 -4.5799999237060547 8.6999998092651367,
              17.139999389648438 -4.5799999237060547 8.6999998092651367,
              17.139999389648438 -4.5799999237060547 10.199999809265137,
              17.139999389648438 -4.5799999237060547 10.199999809265137,
              13.340000152587891 -4.5799999237060547 10.199999809265137,
              13.340000152587891 -4.5799999237060547 8.6999998092651367,
              13.340000152587891 -4.5799999237060547 10.199999809265137,
              13.340000152587891 -4.5799999237060547 8.6999998092651367,
              17.139999389648438 -4.5799999237060547 8.6999998092651367,
              17.139999389648438 -3.0399999618530273 8.6999998092651367,
              17.139999389648438 -3.0399999618530273 10.199999809265137,
              17.139999389648438 -3.0399999618530273 10.199999809265137,
              13.340000152587891 -3.0399999618530273 10.199999809265137,
              13.340000152587891 -3.0399999618530273 8.6999998092651367,
              13.340000152587891 -3.0399999618530273 10.199999809265137,
              13.340000152587891 -3.0399999618530273 8.6999998092651367,
              17.139999389648438 -3.0399999618530273 8.6999998092651367,
              17.139999389648438 -3.0399999618530273 8.6999998092651367,
              17.139999389648438 -3.0399999618530273 10.199999809265137,
              17.139999389648438 -3.0399999618530273 10.199999809265137,
              17.139999389648438 -2.0399999618530273 10.199999809265137,
              17.139999389648438 -2.0399999618530273 8.6999998092651367,
              17.139999389648438 -2.0399999618530273 10.199999809265137,
              17.139999389648438 -3.0399999618530273 8.6999998092651367,
              17.139999389648438 -2.0399999618530273 8.6999998092651367,
              13.340000152587891 -3.0399999618530273 8.6999998092651367,
              13.340000152587891 -3.0399999618530273 10.199999809265137,
              13.340000152587891 -3.0399999618530273 10.199999809265137,
              13.340000152587891 -2.0399999618530273 10.199999809265137,
              13.340000152587891 -2.0399999618530273 8.6999998092651367,
              13.340000152587891 -2.0399999618530273 10.199999809265137,
              13.340000152587891 -3.0399999618530273 8.6999998092651367,
              13.340000152587891 -2.0399999618530273 8.6999998092651367,
              17.139999389648438 -2.0399999618530273 8.6999998092651367,
              17.139999389648438 -2.0399999618530273 10.199999809265137,
              17.139999389648438 -2.0399999618530273 10.199999809265137,
              13.340000152587891 -2.0399999618530273 10.199999809265137,
              13.340000152587891 -2.0399999618530273 8.6999998092651367,
              13.340000152587891 -2.0399999618530273 10.199999809265137,
              13.340000152587891 -2.0399999618530273 8.6999998092651367,
              17.139999389648438 -2.0399999618530273 8.6999998092651367,
              17.139999389648438 -0.5 8.6999998092651367,
              17.139999389648438 -0.5 10.199999809265137,
              17.139999389648438 -0.5 10.199999809265137,
              13.340000152587891 -0.5 10.199999809265137,
              13.340000152587891 -0.5 8.6999998092651367,
              13.340000152587891 -0.5 10.199999809265137,
              13.340000152587891 -0.5 8.6999998092651367,
              17.139999389648438 -0.5 8.6999998092651367,
              17.139999389648438 -0.5 8.6999998092651367,
              17.139999389648438 -0.5 10.199999809265137,
              17.139999389648438 -0.5 10.199999809265137,
              17.139999389648438 0.5 10.199999809265137,
              17.139999389648438 0.5 8.6999998092651367,
              17.139999389648438 0.5 10.199999809265137,
              17.139999389648438 -0.5 8.6999998092651367,
              17.139999389648438 0.5 8.6999998092651367,
              13.340000152587891 -0.5 8.6999998092651367,
              13.340000152587891 -0.5 10.199999809265137,
              13.340000152587891 -0.5 10.199999809265137,
              13.340000152587891 0.5 10.199999809265137,
              13.340000152587891 0.5 8.6999998092651367,
              13.340000152587891 0.5 10.199999809265137,
              13.340000152587891 -0.5 8.6999998092651367,
              13.340000152587891 0.5 8.6999998092651367,
              17.139999389648438 0.5 8.6999998092651367,
              17.139999389648438 0.5 10.199999809265137,
              17.139999389648438 0.5 10.199999809265137,
              13.340000152587891 0.5 10.199999809265137,
              13.340000152587891 0.5 8.6999998092651367,
              13.340000152587891 0.5 10.199999809265137,
              13.340000152587891 0.5 8.6999998092651367,
              17.139999389648438 0.5 8.6999998092651367,
              -1.8999999761581421 -38.599998474121094 8.6999998092651367,
              -1.8999999761581421 -37.599998474121094 8.6999998092651367,
              -1.8999999761581421 -37.599998474121094 8.6999998092651367,
              1.8999999761581421 -37.599998474121094 8.6999998092651367,
              1.8999999761581421 -38.599998474121094 8.6999998092651367,
              1.8999999761581421 -37.599998474121094 8.6999998092651367,
              -1.8999999761581421 -38.599998474121094 8.6999998092651367,
              1.8999999761581421 -38.599998474121094 8.6999998092651367,
              -1.8999999761581421 -36.060001373291016 8.6999998092651367,
              -1.8999999761581421 -35.060001373291016 8.6999998092651367,
              -1.8999999761581421 -35.060001373291016 8.6999998092651367,
              1.8999999761581421 -35.060001373291016 8.6999998092651367,
              1.8999999761581421 -36.060001373291016 8.6999998092651367,
              1.8999999761581421 -35.060001373291016 8.6999998092651367,
              -1.8999999761581421 -36.060001373291016 8.6999998092651367,
              1.8999999761581421 -36.060001373291016 8.6999998092651367,
              -1.8999999761581421 -33.520000457763672 8.6999998092651367,
              -1.8999999761581421 -32.520000457763672 8.6999998092651367,
              -1.8999999761581421 -32.520000457763672 8.6999998092651367,
              1.8999999761581421 -32.520000457763672 8.6999998092651367,
              1.8999999761581421 -33.520000457763672 8.6999998092651367,
              1.8999999761581421 -32.520000457763672 8.6999998092651367,
              -1.8999999761581421 -33.520000457763672 8.6999998092651367,
              1.8999999761581421 -33.520000457763672 8.6999998092651367,
              -1.8999999761581421 -30.979999542236328 8.6999998092651367,
              -1.8999999761581421 -29.979999542236328 8.6999998092651367,
              -1.8999999761581421 -29.979999542236328 8.6999998092651367,
              1.8999999761581421 -29.979999542236328 8.6999998092651367,
              1.8999999761581421 -30.979999542236328 8.6999998092651367,
              1.8999999761581421 -29.979999542236328 8.6999998092651367,
              -1.8999999761581421 -30.979999542236328 8.6999998092651367,
              1.8999999761581421 -30.979999542236328 8.6999998092651367,
              -1.8999999761581421 -28.440000534057617 8.6999998092651367,
              -1.8999999761581421 -27.440000534057617 8.6999998092651367,
              -1.8999999761581421 -27.440000534057617 8.6999998092651367,
              1.8999999761581421 -27.440000534057617 8.6999998092651367,
              1.8999999761581421 -28.440000534057617 8.6999998092651367,
              1.8999999761581421 -27.440000534057617 8.6999998092651367,
              -1.8999999761581421 -28.440000534057617 8.6999998092651367,
              1.8999999761581421 -28.440000534057617 8.6999998092651367,
              -1.8999999761581421 -25.899999618530273 8.6999998092651367,
              -1.8999999761581421 -24.899999618530273 8.6999998092651367,
              -1.8999999761581421 -24.899999618530273 8.6999998092651367,
              1.8999999761581421 -24.899999618530273 8.6999998092651367,
              1.8999999761581421 -25.899999618530273 8.6999998092651367,
              1.8999999761581421 -24.899999618530273 8.6999998092651367,
              -1.8999999761581421 -25.899999618530273 8.6999998092651367,
              1.8999999761581421 -25.899999618530273 8.6999998092651367,
              -1.8999999761581421 -23.360000610351562 8.6999998092651367,
              -1.8999999761581421 -22.360000610351562 8.6999998092651367,
              -1.8999999761581421 -22.360000610351562 8.6999998092651367,
              1.8999999761581421 -22.360000610351562 8.6999998092651367,
              1.8999999761581421 -23.360000610351562 8.6999998092651367,
              1.8999999761581421 -22.360000610351562 8.6999998092651367,
              -1.8999999761581421 -23.360000610351562 8.6999998092651367,
              1.8999999761581421 -23.360000610351562 8.6999998092651367,
              -1.8999999761581421 -20.819999694824219 8.6999998092651367,
              -1.8999999761581421 -19.819999694824219 8.6999998092651367,
              -1.8999999761581421 -19.819999694824219 8.6999998092651367,
              1.8999999761581421 -19.819999694824219 8.6999998092651367,
              1.8999999761581421 -20.819999694824219 8.6999998092651367,
              1.8999999761581421 -19.819999694824219 8.6999998092651367,
              -1.8999999761581421 -20.819999694824219 8.6999998092651367,
              1.8999999761581421 -20.819999694824219 8.6999998092651367,
              13.340000152587891 -38.599998474121094 8.6999998092651367,
              13.340000152587891 -37.599998474121094 8.6999998092651367,
              13.340000152587891 -37.599998474121094 8.6999998092651367,
              17.139999389648438 -37.599998474121094 8.6999998092651367,
              17.139999389648438 -38.599998474121094 8.6999998092651367,
              17.139999389648438 -37.599998474121094 8.6999998092651367,
              13.340000152587891 -38.599998474121094 8.6999998092651367,
              17.139999389648438 -38.599998474121094 8.6999998092651367,
              13.340000152587891 -36.060001373291016 8.6999998092651367,
              13.340000152587891 -35.060001373291016 8.6999998092651367,
              13.340000152587891 -35.060001373291016 8.6999998092651367,
              17.139999389648438 -35.060001373291016 8.6999998092651367,
              17.139999389648438 -36.060001373291016 8.6999998092651367,
              17.139999389648438 -35.060001373291016 8.6999998092651367,
              13.340000152587891 -36.060001373291016 8.6999998092651367,
              17.139999389648438 -36.060001373291016 8.6999998092651367,
              13.340000152587891 -33.520000457763672 8.6999998092651367,
              13.340000152587891 -32.520000457763672 8.6999998092651367,
              13.340000152587891 -32.520000457763672 8.6999998092651367,
              17.139999389648438 -32.520000457763672 8.6999998092651367,
              17.139999389648438 -33.520000457763672 8.6999998092651367,
              17.139999389648438 -32.520000457763672 8.6999998092651367,
              13.340000152587891 -33.520000457763672 8.6999998092651367,
              17.139999389648438 -33.520000457763672 8.6999998092651367,
              13.340000152587891 -30.979999542236328 8.6999998092651367,
              13.340000152587891 -29.979999542236328 8.6999998092651367,
              13.340000152587891 -29.979999542236328 8.6999998092651367,
              17.139999389648438 -29.979999542236328 8.6999998092651367,
              17.139999389648438 -30.979999542236328 8.6999998092651367,
              17.139999389648438 -29.979999542236328 8.6999998092651367,
              13.340000152587891 -30.979999542236328 8.6999998092651367,
              17.139999389648438 -30.979999542236328 8.6999998092651367,
              13.340000152587891 -28.440000534057617 8.6999998092651367,
              13.340000152587891 -27.440000534057617 8.6999998092651367,
              13.340000152587891 -27.440000534057617 8.6999998092651367,
              17.139999389648438 -27.440000534057617 8.6999998092651367,
              17.139999389648438 -28.440000534057617 8.6999998092651367,
              17.139999389648438 -27.440000534057617 8.6999998092651367,
              13.340000152587891 -28.440000534057617 8.6999998092651367,
              17.139999389648438 -28.440000534057617 8.6999998092651367,
              13.340000152587891 -25.899999618530273 8.6999998092651367,
              13.340000152587891 -24.899999618530273 8.6999998092651367,
              13.340000152587891 -24.899999618530273 8.6999998092651367,
              17.139999389648438 -24.899999618530273 8.6999998092651367,
              17.139999389648438 -25.899999618530273 8.6999998092651367,
              17.139999389648438 -24.899999618530273 8.6999998092651367,
              13.340000152587891 -25.899999618530273 8.6999998092651367,
              17.139999389648438 -25.899999618530273 8.6999998092651367,
              13.340000152587891 -23.360000610351562 8.6999998092651367,
              13.340000152587891 -22.360000610351562 8.6999998092651367,
              13.340000152587891 -22.360000610351562 8.6999998092651367,
              17.139999389648438 -22.360000610351562 8.6999998092651367,
              17.139999389648438 -23.360000610351562 8.6999998092651367,
              17.139999389648438 -22.360000610351562 8.6999998092651367,
              13.340000152587891 -23.360000610351562 8.6999998092651367,
              17.139999389648438 -23.360000610351562 8.6999998092651367,
              13.340000152587891 -20.819999694824219 8.6999998092651367,
              13.340000152587891 -19.819999694824219 8.6999998092651367,
              13.340000152587891 -19.819999694824219 8.6999998092651367,
              17.139999389648438 -19.819999694824219 8.6999998092651367,
              17.139999389648438 -20.819999694824219 8.6999998092651367,
              17.139999389648438 -19.819999694824219 8.6999998092651367,
              13.340000152587891 -20.819999694824219 8.6999998092651367,
              17.139999389648438 -20.819999694824219 8.6999998092651367,
              -1.8999999761581421 -18.280000686645508 8.6999998092651367,
              -1.8999999761581421 -17.280000686645508 8.6999998092651367,
              -1.8999999761581421 -17.280000686645508 8.6999998092651367,
              1.8999999761581421 -17.280000686645508 8.6999998092651367,
              1.8999999761581421 -18.280000686645508 8.6999998092651367,
              1.8999999761581421 -17.280000686645508 8.6999998092651367,
              -1.8999999761581421 -18.280000686645508 8.6999998092651367,
              1.8999999761581421 -18.280000686645508 8.6999998092651367,
              -1.8999999761581421 -15.739999771118164 8.6999998092651367,
              -1.8999999761581421 -14.739999771118164 8.6999998092651367,
              -1.8999999761581421 -14.739999771118164 8.6999998092651367,
              1.8999999761581421 -14.739999771118164 8.6999998092651367,
              1.8999999761581421 -15.739999771118164 8.6999998092651367,
              1.8999999761581421 -14.739999771118164 8.6999998092651367,
              -1.8999999761581421 -15.739999771118164 8.6999998092651367,
              1.8999999761581421 -15.739999771118164 8.6999998092651367,
              -1.8999999761581421 -13.199999809265137 8.6999998092651367,
              -1.8999999761581421 -12.199999809265137 8.6999998092651367,
              -1.8999999761581421 -12.199999809265137 8.6999998092651367,
              1.8999999761581421 -12.199999809265137 8.6999998092651367,
              1.8999999761581421 -13.199999809265137 8.6999998092651367,
              1.8999999761581421 -12.199999809265137 8.6999998092651367,
              -1.8999999761581421 -13.199999809265137 8.6999998092651367,
              1.8999999761581421 -13.199999809265137 8.6999998092651367,
              -1.8999999761581421 -10.659999847412109 8.6999998092651367,
              -1.8999999761581421 -9.6599998474121094 8.6999998092651367,
              -1.8999999761581421 -9.6599998474121094 8.6999998092651367,
              1.8999999761581421 -9.6599998474121094 8.6999998092651367,
              1.8999999761581421 -10.659999847412109 8.6999998092651367,
              1.8999999761581421 -9.6599998474121094 8.6999998092651367,
              -1.8999999761581421 -10.659999847412109 8.6999998092651367,
              1.8999999761581421 -10.659999847412109 8.6999998092651367,
              -1.8999999761581421 -8.119999885559082 8.6999998092651367,
              -1.8999999761581421 -7.119999885559082 8.6999998092651367,
              -1.8999999761581421 -7.119999885559082 8.6999998092651367,
              1.8999999761581421 -7.119999885559082 8.6999998092651367,
              1.8999999761581421 -8.119999885559082 8.6999998092651367,
              1.8999999761581421 -7.119999885559082 8.6999998092651367,
              -1.8999999761581421 -8.119999885559082 8.6999998092651367,
              1.8999999761581421 -8.119999885559082 8.6999998092651367,
              -1.8999999761581421 -5.5799999237060547 8.6999998092651367,
              -1.8999999761581421 -4.5799999237060547 8.6999998092651367,
              -1.8999999761581421 -4.5799999237060547 8.6999998092651367,
              1.8999999761581421 -4.5799999237060547 8.6999998092651367,
              1.8999999761581421 -5.5799999237060547 8.6999998092651367,
              1.8999999761581421 -4.5799999237060547 8.6999998092651367,
              -1.8999999761581421 -5.5799999237060547 8.6999998092651367,
              1.8999999761581421 -5.5799999237060547 8.6999998092651367,
              -1.8999999761581421 -3.0399999618530273 8.6999998092651367,
              -1.8999999761581421 -2.0399999618530273 8.6999998092651367,
              -1.8999999761581421 -2.0399999618530273 8.6999998092651367,
              1.8999999761581421 -2.0399999618530273 8.6999998092651367,
              1.8999999761581421 -3.0399999618530273 8.6999998092651367,
              1.8999999761581421 -2.0399999618530273 8.6999998092651367,
              -1.8999999761581421 -3.0399999618530273 8.6999998092651367,
              1.8999999761581421 -3.0399999618530273 8.6999998092651367,
              -1.8999999761581421 -0.5 8.6999998092651367,
              -1.8999999761581421 0.5 8.6999998092651367,
              -1.8999999761581421 0.5 8.6999998092651367,
              1.8999999761581421 0.5 8.6999998092651367,
              1.8999999761581421 -0.5 8.6999998092651367,
              1.8999999761581421 0.5 8.6999998092651367,
              -1.8999999761581421 -0.5 8.6999998092651367,
              1.8999999761581421 -0.5 8.6999998092651367,
              13.340000152587891 -18.280000686645508 8.6999998092651367,
              13.340000152587891 -17.280000686645508 8.6999998092651367,
              13.340000152587891 -17.280000686645508 8.6999998092651367,
              17.139999389648438 -17.280000686645508 8.6999998092651367,
              17.139999389648438 -18.280000686645508 8.6999998092651367,
              17.139999389648438 -17.280000686645508 8.6999998092651367,
              13.340000152587891 -18.280000686645508 8.6999998092651367,
              17.139999389648438 -18.280000686645508 8.6999998092651367,
              13.340000152587891 -15.739999771118164 8.6999998092651367,
              13.340000152587891 -14.739999771118164 8.6999998092651367,
              13.340000152587891 -14.739999771118164 8.6999998092651367,
              17.139999389648438 -14.739999771118164 8.6999998092651367,
              17.139999389648438 -15.739999771118164 8.6999998092651367,
              17.139999389648438 -14.739999771118164 8.6999998092651367,
              13.340000152587891 -15.739999771118164 8.6999998092651367,
              17.139999389648438 -15.739999771118164 8.6999998092651367,
              13.340000152587891 -13.199999809265137 8.6999998092651367,
              13.340000152587891 -12.199999809265137 8.6999998092651367,
              13.340000152587891 -12.199999809265137 8.6999998092651367,
              17.139999389648438 -12.199999809265137 8.6999998092651367,
              17.139999389648438 -13.199999809265137 8.6999998092651367,
              17.139999389648438 -12.199999809265137 8.6999998092651367,
              13.340000152587891 -13.199999809265137 8.6999998092651367,
              17.139999389648438 -13.199999809265137 8.6999998092651367,
              13.340000152587891 -10.659999847412109 8.6999998092651367,
              13.340000152587891 -9.6599998474121094 8.6999998092651367,
              13.340000152587891 -9.6599998474121094 8.6999998092651367,
              17.139999389648438 -9.6599998474121094 8.6999998092651367,
              17.139999389648438 -10.659999847412109 8.6999998092651367,
              17.139999389648438 -9.6599998474121094 8.6999998092651367,
              13.340000152587891 -10.659999847412109 8.6999998092651367,
              17.139999389648438 -10.659999847412109 8.6999998092651367,
              13.340000152587891 -8.119999885559082 8.6999998092651367,
              13.340000152587891 -7.119999885559082 8.6999998092651367,
              13.340000152587891 -7.119999885559082 8.6999998092651367,
              17.139999389648438 -7.119999885559082 8.6999998092651367,
              17.139999389648438 -8.119999885559082 8.6999998092651367,
              17.139999389648438 -7.119999885559082 8.6999998092651367,
              13.340000152587891 -8.119999885559082 8.6999998092651367,
              17.139999389648438 -8.119999885559082 8.6999998092651367,
              13.340000152587891 -5.5799999237060547 8.6999998092651367,
              13.340000152587891 -4.5799999237060547 8.6999998092651367,
              13.340000152587891 -4.5799999237060547 8.6999998092651367,
              17.139999389648438 -4.5799999237060547 8.6999998092651367,
              17.139999389648438 -5.5799999237060547 8.6999998092651367,
              17.139999389648438 -4.5799999237060547 8.6999998092651367,
              13.340000152587891 -5.5799999237060547 8.6999998092651367,
              17.139999389648438 -5.5799999237060547 8.6999998092651367,
              13.340000152587891 -3.0399999618530273 8.6999998092651367,
              13.340000152587891 -2.0399999618530273 8.6999998092651367,
              13.340000152587891 -2.0399999618530273 8.6999998092651367,
              17.139999389648438 -2.0399999618530273 8.6999998092651367,
              17.139999389648438 -3.0399999618530273 8.6999998092651367,
              17.139999389648438 -2.0399999618530273 8.6999998092651367,
              13.340000152587891 -3.0399999618530273 8.6999998092651367,
              17.139999389648438 -3.0399999618530273 8.6999998092651367,
              13.340000152587891 -0.5 8.6999998092651367,
              13.340000152587891 0.5 8.6999998092651367,
              13.340000152587891 0.5 8.6999998092651367,
              17.139999389648438 0.5 8.6999998092651367,
              17.139999389648438 -0.5 8.6999998092651367,
              17.139999389648438 0.5 8.6999998092651367,
              13.340000152587891 -0.5 8.6999998092651367,
              17.139999389648438 -0.5 8.6999998092651367,
              ]
            }
            coordIndex  [
              266, 267, -1,
              268, 269, -1,
              270, 271, -1,
              272, 273, -1,
              274, 275, -1,
              276, 277, -1,
              278, 279, -1,
              280, 281, -1,
              282, 283, -1,
              284, 285, -1,
              286, 287, -1,
              288, 289, -1,
              290, 291, -1,
              292, 293, -1,
              294, 295, -1,
              296, 297, -1,
              298, 299, -1,
              300, 301, -1,
              302, 303, -1,
              304, 305, -1,
              306, 307, -1,
              308, 309, -1,
              310, 311, -1,
              312, 313, -1,
              314, 315, -1,
              316, 317, -1,
              318, 319, -1,
              320, 321, -1,
              322, 323, -1,
              324, 325, -1,
              326, 327, -1,
              328, 329, -1,
              330, 331, -1,
              332, 333, -1,
              334, 335, -1,
              336, 337, -1,
              338, 339, -1,
              340, 341, -1,
              342, 343, -1,
              344, 345, -1,
              346, 347, -1,
              348, 349, -1,
              350, 351, -1,
              352, 353, -1,
              354, 355, -1,
              356, 357, -1,
              358, 359, -1,
              360, 361, -1,
              362, 363, -1,
              364, 365, -1,
              366, 367, -1,
              368, 369, -1,
              370, 371, -1,
              372, 373, -1,
              374, 375, -1,
              376, 377, -1,
              378, 379, -1,
              380, 381, -1,
              382, 383, -1,
              384, 385, -1,
              386, 387, -1,
              388, 389, -1,
              390, 391, -1,
              392, 393, -1,
              394, 395, -1,
              396, 397, -1,
              398, 399, -1,
              400, 401, -1,
              402, 403, -1,
              404, 405, -1,
              406, 407, -1,
              408, 409, -1,
              410, 411, -1,
              412, 413, -1,
              414, 415, -1,
              416, 417, -1,
              418, 419, -1,
              420, 421, -1,
              422, 423, -1,
              424, 425, -1,
              426, 427, -1,
              428, 429, -1,
              430, 431, -1,
              432, 433, -1,
              434, 435, -1,
              436, 437, -1,
              438, 439, -1,
              440, 441, -1,
              442, 443, -1,
              444, 445, -1,
              446, 447, -1,
              448, 449, -1,
              450, 451, -1,
              452, 453, -1,
              454, 455, -1,
              456, 457, -1,
              458, 459, -1,
              460, 461, -1,
              462, 463, -1,
              464, 465, -1,
              466, 467, -1,
              468, 469, -1,
              470, 471, -1,
              472, 473, -1,
              474, 475, -1,
              476, 477, -1,
              478, 479, -1,
              480, 481, -1,
              482, 483, -1,
              484, 485, -1,
              486, 487, -1,
              488, 489, -1,
              490, 491, -1,
              492, 493, -1,
              494, 495, -1,
              496, 497, -1,
              498, 499, -1,
              500, 501, -1,
              502, 503, -1,
              504, 505, -1,
              506, 507, -1,
              508, 509, -1,
              510, 511, -1,
              512, 513, -1,
              514, 515, -1,
              516, 517, -1,
              518, 519, -1,
              520, 521, -1,
              522, 523, -1,
              524, 525, -1,
              526, 527, -1,
              528, 529, -1,
              530, 531, -1,
              532, 533, -1,
              534, 535, -1,
              536, 537, -1,
              538, 539, -1,
              540, 541, -1,
              542, 543, -1,
              544, 545, -1,
              546, 547, -1,
              548, 549, -1,
              550, 551, -1,
              552, 553, -1,
              554, 555, -1,
              556, 557, -1,
              558, 559, -1,
              560, 561, -1,
              562, 563, -1,
              564, 565, -1,
              566, 567, -1,
              568, 569, -1,
              570, 571, -1,
              572, 573, -1,
              574, 575, -1,
              576, 577, -1,
              578, 579, -1,
              580, 581, -1,
              582, 583, -1,
              584, 585, -1,
              586, 587, -1,
              588, 589, -1,
              590, 591, -1,
              592, 593, -1,
              594, 595, -1,
              596, 597, -1,
              598, 599, -1,
              600, 601, -1,
              602, 603, -1,
              604, 605, -1,
              606, 607, -1,
              608, 609, -1,
              610, 611, -1,
              612, 613, -1,
              614, 615, -1,
              616, 617, -1,
              618, 619, -1,
              620, 621, -1,
              622, 623, -1,
              624, 625, -1,
              626, 627, -1,
              628, 629, -1,
              630, 631, -1,
              632, 633, -1,
              634, 635, -1,
              636, 637, -1,
              638, 639, -1,
              640, 641, -1,
              642, 643, -1,
              644, 645, -1,
              646, 647, -1,
              648, 649, -1,
              650, 651, -1,
              652, 653, -1,
              654, 655, -1,
              656, 657, -1,
              658, 659, -1,
              660, 661, -1,
              662, 663, -1,
              664, 665, -1,
              666, 667, -1,
              668, 669, -1,
              670, 671, -1,
              672, 673, -1,
              674, 675, -1,
              676, 677, -1,
              678, 679, -1,
              680, 681, -1,
              682, 683, -1,
              684, 685, -1,
              686, 687, -1,
              688, 689, -1,
              690, 691, -1,
              692, 693, -1,
              694, 695, -1,
              696, 697, -1,
              698, 699, -1,
              700, 701, -1,
              702, 703, -1,
              704, 705, -1,
              706, 707, -1,
              708, 709, -1,
              710, 711, -1,
              712, 713, -1,
              714, 715, -1,
              716, 717, -1,
              718, 719, -1,
              720, 721, -1,
              722, 723, -1,
              724, 725, -1,
              726, 727, -1,
              728, 729, -1,
              730, 731, -1,
              732, 733, -1,
              734, 735, -1,
              736, 737, -1,
              738, 739, -1,
              740, 741, -1,
              742, 743, -1,
              744, 745, -1,
              746, 747, -1,
              748, 749, -1,
              750, 751, -1,
              752, 753, -1,
              754, 755, -1,
              756, 757, -1,
              758, 759, -1,
              760, 761, -1,
              762, 763, -1,
              764, 765, -1,
              766, 767, -1,
              768, 769, -1,
              770, 771, -1,
              772, 773, -1,
              774, 775, -1,
              776, 777, -1,
              778, 779, -1,
              780, 781, -1,
              782, 783, -1,
              784, 785, -1,
              786, 787, -1,
              788, 789, -1,
              790, 791, -1,
              792, 793, -1,
              794, 795, -1,
              796, 797, -1,
              798, 799, -1,
              800, 801, -1,
              802, 803, -1,
              804, 805, -1,
              806, 807, -1,
              808, 809, -1,
              810, 811, -1,
              812, 813, -1,
              814, 815, -1,
              816, 817, -1,
              818, 819, -1,
              820, 821, -1,
              822, 823, -1,
              824, 825, -1,
              826, 827, -1,
              828, 829, -1,
              830, 831, -1,
              832, 833, -1,
              834, 835, -1,
              836, 837, -1,
              838, 839, -1,
              840, 841, -1,
              842, 843, -1,
              844, 845, -1,
              846, 847, -1,
              848, 849, -1,
              850, 851, -1,
              852, 853, -1,
              854, 855, -1,
              856, 857, -1,
              858, 859, -1,
              860, 861, -1,
              862, 863, -1,
              864, 865, -1,
              866, 867, -1,
              868, 869, -1,
              870, 871, -1,
              872, 873, -1,
              874, 875, -1,
              876, 877, -1,
              878, 879, -1,
              880, 881, -1,
              882, 883, -1,
              884, 885, -1,
              886, 887, -1,
              888, 889, -1,
              890, 891, -1,
              892, 893, -1,
              894, 895, -1,
              896, 897, -1,
              898, 899, -1,
              900, 901, -1,
              902, 903, -1,
              904, 905, -1,
              906, 907, -1,
              908, 909, -1,
              910, 911, -1,
              912, 913, -1,
              914, 915, -1,
              916, 917, -1,
              918, 919, -1,
              920, 921, -1,
              922, 923, -1,
              924, 925, -1,
              926, 927, -1,
              928, 929, -1,
              930, 931, -1,
              932, 933, -1,
              934, 935, -1,
              936, 937, -1,
              938, 939, -1,
              940, 941, -1,
              942, 943, -1,
              944, 945, -1,
              946, 947, -1,
              948, 949, -1,
              950, 951, -1,
              952, 953, -1,
              954, 955, -1,
              956, 957, -1,
              958, 959, -1,
              960, 961, -1,
              962, 963, -1,
              964, 965, -1,
              966, 967, -1,
              968, 969, -1,
              970, 971, -1,
              972, 973, -1,
              974, 975, -1,
              976, 977, -1,
              978, 979, -1,
              980, 981, -1,
              982, 983, -1,
              984, 985, -1,
              986, 987, -1,
              988, 989, -1,
              990, 991, -1,
              992, 993, -1,
              994, 995, -1,
              996, 997, -1,
              998, 999, -1,
              1000, 1001, -1,
              1002, 1003, -1,
              1004, 1005, -1,
              1006, 1007, -1,
              1008, 1009, -1,
              1010, 1011, -1,
              1012, 1013, -1,
              1014, 1015, -1,
              1016, 1017, -1,
              1018, 1019, -1,
              1020, 1021, -1,
              1022, 1023, -1,
              1024, 1025, -1,
              1026, 1027, -1,
              1028, 1029, -1,
              1030, 1031, -1,
              1032, 1033, -1,
              1034, 1035, -1,
              1036, 1037, -1,
              1038, 1039, -1,
              1040, 1041, -1,
              1042, 1043, -1,
              1044, 1045, -1,
              1046, 1047, -1,
              1048, 1049, -1,
              1050, 1051, -1,
              1052, 1053, -1,
              1054, 1055, -1,
              1056, 1057, -1,
              1058, 1059, -1,
              1060, 1061, -1,
              1062, 1063, -1,
              1064, 1065, -1,
              1066, 1067, -1,
              1068, 1069, -1,
              1070, 1071, -1,
              1072, 1073, -1,
              1074, 1075, -1,
              1076, 1077, -1,
              1078, 1079, -1,
              1080, 1081, -1,
              1082, 1083, -1,
              1084, 1085, -1,
              1086, 1087, -1,
              1088, 1089, -1,
              1090, 1091, -1,
              1092, 1093, -1,
              1094, 1095, -1,
              1096, 1097, -1,
              1098, 1099, -1,
              1100, 1101, -1,
              1102, 1103, -1,
              1104, 1105, -1,
              1106, 1107, -1,
              1108, 1109, -1,
              1110, 1111, -1,
              1112, 1113, -1,
              1114, 1115, -1,
              1116, 1117, -1,
              1118, 1119, -1,
              1120, 1121, -1,
              1122, 1123, -1,
              1124, 1125, -1,
              1126, 1127, -1,
              1128, 1129, -1,
              1130, 1131, -1,
              1132, 1133, -1,
              1134, 1135, -1,
              1136, 1137, -1,
              1138, 1139, -1,
              1140, 1141, -1,
              1142, 1143, -1,
              1144, 1145, -1,
              1146, 1147, -1,
              1148, 1149, -1,
              1150, 1151, -1,
              1152, 1153, -1,
              1154, 1155, -1,
              1156, 1157, -1,
              1158, 1159, -1,
              1160, 1161, -1,
              1162, 1163, -1,
              1164, 1165, -1,
              1166, 1167, -1,
              1168, 1169, -1,
              1170, 1171, -1,
              1172, 1173, -1,
              1174, 1175, -1,
              1176, 1177, -1,
              1178, 1179, -1,
              1180, 1181, -1,
              1182, 1183, -1,
              1184, 1185, -1,
              1186, 1187, -1,
              1188, 1189, -1,
              1190, 1191, -1,
              1192, 1193, -1,
              1194, 1195, -1,
              1196, 1197, -1,
              1198, 1199, -1,
              1200, 1201, -1,
              1202, 1203, -1,
              1204, 1205, -1,
              1206, 1207, -1,
              1208, 1209, -1,
              1210, 1211, -1,
              1212, 1213, -1,
              1214, 1215, -1,
              1216, 1217, -1,
              1218, 1219, -1,
              1220, 1221, -1,
              1222, 1223, -1,
              1224, 1225, -1,
              1226, 1227, -1,
              1228, 1229, -1,
              1230, 1231, -1,
              1232, 1233, -1,
              1234, 1235, -1,
              1236, 1237, -1,
              1238, 1239, -1,
              1240, 1241, -1,
              1242, 1243, -1,
              1244, 1245, -1,
              1246, 1247, -1,
              1248, 1249, -1,
              1250, 1251, -1,
              1252, 1253, -1,
              1254, 1255, -1,
              1256, 1257, -1,
              1258, 1259, -1,
              1260, 1261, -1,
              1262, 1263, -1,
              1264, 1265, -1,
              1266, 1267, -1,
              1268, 1269, -1,
              1270, 1271, -1,
              1272, 1273, -1,
              1274, 1275, -1,
              1276, 1277, -1,
              1278, 1279, -1,
              1280, 1281, -1,
              1282, 1283, -1,
              1284, 1285, -1,
              1286, 1287, -1,
              1288, 1289, -1,
              1290, 1291, -1,
              1292, 1293, -1,
              1294, 1295, -1,
              1296, 1297, -1,
              1298, 1299, -1,
              1300, 1301, -1,
              1302, 1303, -1,
              1304, 1305, -1,
              1306, 1307, -1,
              1308, 1309, -1,
              1310, 1311, -1,
              1312, 1313, -1,
              1314, 1315, -1,
              1316, 1317, -1,
              1318, 1319, -1,
              1320, 1321, -1,
              1322, 1323, -1,
              1324, 1325, -1,
              1326, 1327, -1,
              1328, 1329, -1,
              1330, 1331, -1,
              1332, 1333, -1,
              1334, 1335, -1,
              1336, 1337, -1,
              1338, 1339, -1,
              1340, 1341, -1,
              1342, 1343, -1,
              1344, 1345, -1,
              1346, 1347, -1,
              1348, 1349, -1,
              1350, 1351, -1,
              1352, 1353, -1,
              1354, 1355, -1,
              1356, 1357, -1,
              1358, 1359, -1,
              1360, 1361, -1,
              1362, 1363, -1,
              1364, 1365, -1,
              1366, 1367, -1,
              1368, 1369, -1,
              1370, 1371, -1,
              1372, 1373, -1,
              1374, 1375, -1,
              1376, 1377, -1,
              1378, 1379, -1,
              1380, 1381, -1,
              1382, 1383, -1,
              1384, 1385, -1,
              1386, 1387, -1,
              1388, 1389, -1,
              1390, 1391, -1,
              1392, 1393, -1,
              1394, 1395, -1,
              1396, 1397, -1,
              1398, 1399, -1,
              1400, 1401, -1,
              1402, 1403, -1,
              1404, 1405, -1,
              1406, 1407, -1,
              1408, 1409, -1,
              1410, 1411, -1,
              1412, 1413, -1,
              1414, 1415, -1,
              1416, 1417, -1,
              1418, 1419, -1,
              1420, 1421, -1,
              1422, 1423, -1,
              1424, 1425, -1,
              1426, 1427, -1,
              1428, 1429, -1,
              1430, 1431, -1,
              1432, 1433, -1,
              1434, 1435, -1,
              1436, 1437, -1,
              1438, 1439, -1,
              1440, 1441, -1,
              1442, 1443, -1,
              1444, 1445, -1,
              1446, 1447, -1,
              1448, 1449, -1,
              1450, 1451, -1,
              1452, 1453, -1,
              1454, 1455, -1,
              1456, 1457, -1,
              1458, 1459, -1,
              1460, 1461, -1,
              1462, 1463, -1,
              1464, 1465, -1,
              1466, 1467, -1,
              1468, 1469, -1,
              1470, 1471, -1,
              1472, 1473, -1,
              1474, 1475, -1,
              1476, 1477, -1,
              1478, 1479, -1,
              1480, 1481, -1,
              1482, 1483, -1,
              1484, 1485, -1,
              1486, 1487, -1,
              1488, 1489, -1,
              1490, 1491, -1,
              1492, 1493, -1,
              1494, 1495, -1,
              1496, 1497, -1,
              1498, 1499, -1,
              1500, 1501, -1,
              1502, 1503, -1,
              1504, 1505, -1,
              1506, 1507, -1,
              1508, 1509, -1,
              1510, 1511, -1,
              1512, 1513, -1,
              1514, 1515, -1,
              1516, 1517, -1,
              1518, 1519, -1,
              1520, 1521, -1,
              1522, 1523, -1,
              1524, 1525, -1,
              1526, 1527, -1,
              1528, 1529, -1,
              1530, 1531, -1,
              1532, 1533, -1,
              1534, 1535, -1,
              1536, 1537, -1,
              1538, 1539, -1,
              1540, 1541, -1,
              1542, 1543, -1,
              1544, 1545, -1,
              1546, 1547, -1,
              1548, 1549, -1,
              1550, 1551, -1,
              1552, 1553, -1,
              1554, 1555, -1,
              1556, 1557, -1,
              1558, 1559, -1,
              1560, 1561, -1,
              1562, 1563, -1,
              1564, 1565, -1,
              1566, 1567, -1,
              1568, 1569, -1,
              1570, 1571, -1,
              1572, 1573, -1,
              1574, 1575, -1,
              1576, 1577, -1,
              1578, 1579, -1,
              1580, 1581, -1,
              1582, 1583, -1,
              1584, 1585, -1,
              1586, 1587, -1,
              1588, 1589, -1,
              1590, 1591, -1,
              1592, 1593, -1,
              1594, 1595, -1,
              1596, 1597, -1,
              1598, 1599, -1,
              1600, 1601, -1,
              1602, 1603, -1,
              1604, 1605, -1,
              1606, 1607, -1,
              1608, 1609, -1,
              1610, 1611, -1,
              1612, 1613, -1,
              1614, 1615, -1,
              1616, 1617, -1,
              1618, 1619, -1,
              1620, 1621, -1,
              1622, 1623, -1,
              1624, 1625, -1,
              1626, 1627, -1,
              1628, 1629, -1,
              1630, 1631, -1,
              1632, 1633, -1,
              1634, 1635, -1,
              1636, 1637, -1,
              1638, 1639, -1,
              1640, 1641, -1,
              1642, 1643, -1,
              1644, 1645, -1,
              1646, 1647, -1,
              1648, 1649, -1,
              1650, 1651, -1,
              1652, 1653, -1,
              1654, 1655, -1,
              1656, 1657, -1,
              1658, 1659, -1,
              1660, 1661, -1,
              1662, 1663, -1,
              1664, 1665, -1,
              1666, 1667, -1,
              1668, 1669, -1,
              1670, 1671, -1,
              1672, 1673, -1,
              1674, 1675, -1,
              1676, 1677, -1,
              1678, 1679, -1,
              1680, 1681, -1,
              1682, 1683, -1,
              1684, 1685, -1,
              1686, 1687, -1,
              1688, 1689, -1,
              1690, 1691, -1,
              1692, 1693, -1,
              1694, 1695, -1,
              1696, 1697, -1,
              1698, 1699, -1,
              1700, 1701, -1,
              1702, 1703, -1,
              1704, 1705, -1,
              1706, 1707, -1,
              1708, 1709, -1,
              1710, 1711, -1,
              1712, 1713, -1,
              1714, 1715, -1,
              1716, 1717, -1,
              1718, 1719, -1,
              1720, 1721, -1,
              1722, 1723, -1,
              1724, 1725, -1,
              1726, 1727, -1,
              1728, 1729, -1,
              1730, 1731, -1,
              1732, 1733, -1,
              1734, 1735, -1,
              1736, 1737, -1,
              1738, 1739, -1,
              1740, 1741, -1,
              1742, 1743, -1,
              1744, 1745, -1,
              1746, 1747, -1,
              1748, 1749, -1,
              1750, 1751, -1,
              1752, 1753, -1,
              1754, 1755, -1,
              1756, 1757, -1,
              1758, 1759, -1,
              1760, 1761, -1,
              1762, 1763, -1,
              1764, 1765, -1,
              1766, 1767, -1,
              1768, 1769, -1,
              1770, 1771, -1,
              1772, 1773, -1,
              1774, 1775, -1,
              1776, 1777, -1,
              1778, 1779, -1,
              1780, 1781, -1,
              1782, 1783, -1,
              1784, 1785, -1,
              1786, 1787, -1,
              1788, 1789, -1,
              1790, 1791, -1,
              1792, 1793, -1,
              1794, 1795, -1,
              1796, 1797, -1,
              1798, 1799, -1,
              1800, 1801, -1,
              1802, 1803, -1,
              1804, 1805, -1,
              1806, 1807, -1,
              1808, 1809, -1,
              1810, 1811, -1,
              1812, 1813, -1,
              1814, 1815, -1,
              1816, 1817, -1,
              1818, 1819, -1,
              1820, 1821, -1,
              1822, 1823, -1,
              1824, 1825, -1,
              1826, 1827, -1,
              1828, 1829, -1,
              1830, 1831, -1,
              1832, 1833, -1,
              1834, 1835, -1,
              1836, 1837, -1,
              1838, 1839, -1,
              1840, 1841, -1,
              1842, 1843, -1,
              1844, 1845, -1,
              1846, 1847, -1,
              1848, 1849, -1,
              1850, 1851, -1,
              1852, 1853, -1,
              1854, 1855, -1,
              1856, 1857, -1,
              1858, 1859, -1,
              1860, 1861, -1,
              1862, 1863, -1,
              1864, 1865, -1,
              1866, 1867, -1,
              1868, 1869, -1,
              1870, 1871, -1,
              1872, 1873, -1,
              1874, 1875, -1,
              1876, 1877, -1,
              1878, 1879, -1,
              1880, 1881, -1,
              1882, 1883, -1,
              1884, 1885, -1,
              1886, 1887, -1,
              1888, 1889, -1,
              1890, 1891, -1,
              1892, 1893, -1,
              1894, 1895, -1,
              1896, 1897, -1,
              1898, 1899, -1,
              1900, 1901, -1,
              1902, 1903, -1,
              1904, 1905, -1,
              1906, 1907, -1,
              1908, 1909, -1,
              1910, 1911, -1,
              1912, 1913, -1,
              1914, 1915, -1,
              1916, 1917, -1,
              1918, 1919, -1,
              1920, 1921, -1,
              1922, 1923, -1,
              1924, 1925, -1,
              1926, 1927, -1,
              1928, 1929, -1,
              1930, 1931, -1,
              1932, 1933, -1,
              1934, 1935, -1,
              1936, 1937, -1,
              1938, 1939, -1,
              1940, 1941, -1,
              1942, 1943, -1,
              1944, 1945, -1,
              1946, 1947, -1,
              1948, 1949, -1,
              1950, 1951, -1,
              1952, 1953, -1,
              1954, 1955, -1,
              1956, 1957, -1,
              1958, 1959, -1,
              1960, 1961, -1,
              1962, 1963, -1,
              1964, 1965, -1,
              1966, 1967, -1,
              1968, 1969, -1,
              1970, 1971, -1,
              1972, 1973, -1,
              1974, 1975, -1,
              1976, 1977, -1,
              1978, 1979, -1,
              1980, 1981, -1,
              1982, 1983, -1,
              1984, 1985, -1,
              1986, 1987, -1,
              1988, 1989, -1,
              1990, 1991, -1,
              1992, 1993, -1,
              1994, 1995, -1,
              1996, 1997, -1,
              1998, 1999, -1,
              2000, 2001, -1,
              2002, 2003, -1,
              2004, 2005, -1,
              2006, 2007, -1,
              2008, 2009, -1,
              2010, 2011, -1,
              2012, 2013, -1,
              2014, 2015, -1,
              2016, 2017, -1,
              2018, 2019, -1,
              2020, 2021, -1,
              2022, 2023, -1,
              2024, 2025, -1,
              2026, 2027, -1,
              2028, 2029, -1,
              2030, 2031, -1,
              2032, 2033, -1,
              2034, 2035, -1,
              2036, 2037, -1,
              2038, 2039, -1,
              2040, 2041, -1,
              2042, 2043, -1,
              2044, 2045, -1,
              2046, 2047, -1,
              2048, 2049, -1,
              2050, 2051, -1,
              2052, 2053, -1,
              2054, 2055, -1,
              2056, 2057, -1,
              2058, 2059, -1,
              2060, 2061, -1,
              2062, 2063, -1,
              2064, 2065, -1,
              2066, 2067, -1,
              2068, 2069, -1,
              2070, 2071, -1,
              2072, 2073, -1,
              2074, 2075, -1,
              2076, 2077, -1,
              2078, 2079, -1,
              2080, 2081, -1,
              2082, 2083, -1,
              2084, 2085, -1,
              2086, 2087, -1,
              2088, 2089, -1,
              2090, 2091, -1,
              2092, 2093, -1,
              2094, 2095, -1,
              2096, 2097, -1,
              2098, 2099, -1,
              2100, 2101, -1,
              2102, 2103, -1,
              2104, 2105, -1,
              2106, 2107, -1,
              2108, 2109, -1,
              2110, 2111, -1,
              2112, 2113, -1,
              2114, 2115, -1,
              2116, 2117, -1,
              2118, 2119, -1,
              2120, 2121, -1,
              2122, 2123, -1,
              2124, 2125, -1,
              2126, 2127, -1,
              2128, 2129, -1,
              2130, 2131, -1,
              2132, 2133, -1,
              2134, 2135, -1,
              2136, 2137, -1,
              2138, 2139, -1,
              2140, 2141, -1,
              2142, 2143, -1,
              2144, 2145, -1,
              2146, 2147, -1,
              2148, 2149, -1,
              2150, 2151, -1,
              2152, 2153, -1,
              2154, 2155, -1,
              2156, 2157, -1,
              2158, 2159, -1,
              2160, 2161, -1,
              2162, 2163, -1,
              2164, 2165, -1,
              2166, 2167, -1,
              2168, 2169, -1,
              2170, 2171, -1,
              2172, 2173, -1,
              2174, 2175, -1,
              2176, 2177, -1,
              2178, 2179, -1,
              2180, 2181, -1,
              2182, 2183, -1,
              2184, 2185, -1,
              2186, 2187, -1,
              2188, 2189, -1,
              2190, 2191, -1,
              2192, 2193, -1,
              2194, 2195, -1,
              2196, 2197, -1,
              2198, 2199, -1,
              2200, 2201, -1,
              2202, 2203, -1,
              2204, 2205, -1,
              2206, 2207, -1,
              2208, 2209, -1,
              2210, 2211, -1,
              2212, 2213, -1,
              2214, 2215, -1,
              2216, 2217, -1,
              2218, 2219, -1,
              2220, 2221, -1,
              2222, 2223, -1,
              2224, 2225, -1,
              2226, 2227, -1,
              2228, 2229, -1,
              2230, 2231, -1,
              2232, 2233, -1,
              2234, 2235, -1,
              2236, 2237, -1,
              2238, 2239, -1,
              2240, 2241, -1,
              2242, 2243, -1,
              2244, 2245, -1,
              2246, 2247, -1,
              2248, 2249, -1,
              2250, 2251, -1,
              2252, 2253, -1,
              2254, 2255, -1,
              2256, 2257, -1,
              2258, 2259, -1,
              2260, 2261, -1,
              2262, 2263, -1,
              2264, 2265, -1,
              2266, 2267, -1,
              2268, 2269, -1,
              2270, 2271, -1,
              2272, 2273, -1,
              2274, 2275, -1,
              2276, 2277, -1,
              2278, 2279, -1,
              2280, 2281, -1,
              2282, 2283, -1,
              2284, 2285, -1,
              2286, 2287, -1,
              2288, 2289, -1,
              2290, 2291, -1,
              2292, 2293, -1,
              2294, 2295, -1,
              2296, 2297, -1,
              2298, 2299, -1,
              2300, 2301, -1,
              2302, 2303, -1,
              2304, 2305, -1,
              2306, 2307, -1,
              2308, 2309, -1,
              2310, 2311, -1,
              2312, 2313, -1,
              2314, 2315, -1,
              2316, 2317, -1,
              2318, 2319, -1,
              2320, 2321, -1,
              2322, 2323, -1,
              2324, 2325, -1,
              2326, 2327, -1,
              2328, 2329, -1,
              2330, 2331, -1,
              2332, 2333, -1,
              2334, 2335, -1,
              2336, 2337, -1,
              2338, 2339, -1,
              2340, 2341, -1,
              2342, 2343, -1,
              2344, 2345, -1,
              2346, 2347, -1,
              2348, 2349, -1,
              2350, 2351, -1,
              2352, 2353, -1,
              2354, 2355, -1,
              2356, 2357, -1,
              2358, 2359, -1,
              2360, 2361, -1,
              2362, 2363, -1,
              2364, 2365, -1,
              2366, 2367, -1,
              2368, 2369, -1,
              2370, 2371, -1,
              2372, 2373, -1,
              2374, 2375, -1,
              2376, 2377, -1,
              2378, 2379, -1,
              2380, 2381, -1,
              2382, 2383, -1,
              2384, 2385, -1,
              2386, 2387, -1,
              2388, 2389, -1,
              2390, 2391, -1,
              2392, 2393, -1,
              2394, 2395, -1,
              2396, 2397, -1,
              2398, 2399, -1,
              2400, 2401, -1,
              2402, 2403, -1,
              2404, 2405, -1,
              2406, 2407, -1,
              2408, 2409, -1,
              2410, 2411, -1,
              2412, 2413, -1,
              2414, 2415, -1,
              2416, 2417, -1,
              2418, 2419, -1,
              2420, 2421, -1,
              2422, 2423, -1,
              2424, 2425, -1,
              2426, 2427, -1,
              2428, 2429, -1,
              2430, 2431, -1,
              2432, 2433, -1,
              2434, 2435, -1,
              2436, 2437, -1,
              2438, 2439, -1,
              2440, 2441, -1,
              2442, 2443, -1,
              2444, 2445, -1,
              2446, 2447, -1,
              2448, 2449, -1,
              2450, 2451, -1,
              2452, 2453, -1,
              2454, 2455, -1,
              2456, 2457, -1,
              2458, 2459, -1,
              2460, 2461, -1,
              2462, 2463, -1,
              2464, 2465, -1,
              2466, 2467, -1,
              2468, 2469, -1,
              2470, 2471, -1,
              2472, 2473, -1,
              2474, 2475, -1,
              2476, 2477, -1,
              2478, 2479, -1,
              2480, 2481, -1,
              2482, 2483, -1,
              2484, 2485, -1,
              2486, 2487, -1,
              2488, 2489, -1,
              2490, 2491, -1,
              2492, 2493, -1,
              2494, 2495, -1,
              2496, 2497, -1,
              2498, 2499, -1,
              2500, 2501, -1,
              2502, 2503, -1,
              2504, 2505, -1,
              2506, 2507, -1,
              2508, 2509, -1,
              2510, 2511, -1,
              2512, 2513, -1,
              2514, 2515, -1,
              2516, 2517, -1,
              2518, 2519, -1,
              2520, 2521, -1,
              2522, 2523, -1,
              2524, 2525, -1,
              2526, 2527, -1,
              2528, 2529, -1,
              2530, 2531, -1,
              2532, 2533, -1,
              2534, 2535, -1,
              2536, 2537, -1,
              2538, 2539, -1,
              2540, 2541, -1,
              2542, 2543, -1,
              2544, 2545, -1,
              2546, 2547, -1,
              2548, 2549, -1,
              2550, 2551, -1,
              2552, 2553, -1,
              2554, 2555, -1,
              2556, 2557, -1,
              2558, 2559, -1,
              2560, 2561, -1,
              2562, 2563, -1,
              2564, 2565, -1,
              2566, 2567, -1,
              2568, 2569, -1,
              2570, 2571, -1,
              2572, 2573, -1,
              2574, 2575, -1,
              2576, 2577, -1,
              2578, 2579, -1,
              2580, 2581, -1,
              2582, 2583, -1,
              2584, 2585, -1,
              2586, 2587, -1,
              2588, 2589, -1,
              2590, 2591, -1,
              2592, 2593, -1,
              2594, 2595, -1,
              2596, 2597, -1,
              2598, 2599, -1,
              2600, 2601, -1,
              2602, 2603, -1,
              2604, 2605, -1,
              2606, 2607, -1,
              2608, 2609, -1,
              2610, 2611, -1,
              2612, 2613, -1,
              2614, 2615, -1,
              2616, 2617, -1,
              2618, 2619, -1,
              2620, 2621, -1,
              2622, 2623, -1,
              2624, 2625, -1,
              2626, 2627, -1,
              2628, 2629, -1,
              2630, 2631, -1,
              2632, 2633, -1,
              2634, 2635, -1,
              2636, 2637, -1,
              2638, 2639, -1,
              2640, 2641, -1,
              2642, 2643, -1,
              2644, 2645, -1,
              2646, 2647, -1,
              2648, 2649, -1,
              2650, 2651, -1,
              2652, 2653, -1,
              2654, 2655, -1,
              2656, 2657, -1,
              2658, 2659, -1,
            ]
          }
        }
        Shape {
          appearance Appearance {
            material Material {
              ambientIntensity 0
              emissiveColor 0 0 0
              diffuseColor 1 1 1
              specularColor 0 0 0
              shininess 0.0078125
              transparency 0
              }
            }
          geometry PointSet {
            coord Coordinate {              point [                            -3.8299999237060547 9.5600004196166992 10.199999809265137,
                            -3.8299999237060547 -44.939998626708984 10.199999809265137,
                            -3.8299999237060547 9.5600004196166992 0,
                            -3.8299999237060547 -44.939998626708984 0,
                            -2.8299999237060547 10.560000419616699 10.199999809265137,
                            19.069999694824219 -44.939998626708984 10.199999809265137,
                            19.069999694824219 10.560000419616699 10.199999809265137,
                            1.8999999761581421 -38.599998474121094 10.199999809265137,
                            -1.8999999761581421 -38.599998474121094 10.199999809265137,
                            1.8999999761581421 -37.599998474121094 10.199999809265137,
                            -1.8999999761581421 -37.599998474121094 10.199999809265137,
                            1.8999999761581421 -36.060001373291016 10.199999809265137,
                            -1.8999999761581421 -36.060001373291016 10.199999809265137,
                            1.8999999761581421 -35.060001373291016 10.199999809265137,
                            -1.8999999761581421 -35.060001373291016 10.199999809265137,
                            1.8999999761581421 -33.520000457763672 10.199999809265137,
                            -1.8999999761581421 -33.520000457763672 10.199999809265137,
                            1.8999999761581421 -32.520000457763672 10.199999809265137,
                            -1.8999999761581421 -32.520000457763672 10.199999809265137,
                            1.8999999761581421 -30.979999542236328 10.199999809265137,
                            -1.8999999761581421 -30.979999542236328 10.199999809265137,
                            1.8999999761581421 -29.979999542236328 10.199999809265137,
                            -1.8999999761581421 -29.979999542236328 10.199999809265137,
                            1.8999999761581421 -28.440000534057617 10.199999809265137,
                            -1.8999999761581421 -28.440000534057617 10.199999809265137,
                            1.8999999761581421 -27.440000534057617 10.199999809265137,
                            -1.8999999761581421 -27.440000534057617 10.199999809265137,
                            1.8999999761581421 -25.899999618530273 10.199999809265137,
                            -1.8999999761581421 -25.899999618530273 10.199999809265137,
                            1.8999999761581421 -24.899999618530273 10.199999809265137,
                            -1.8999999761581421 -24.899999618530273 10.199999809265137,
                            1.8999999761581421 -23.360000610351562 10.199999809265137,
                            -1.8999999761581421 -23.360000610351562 10.199999809265137,
                            1.8999999761581421 -22.360000610351562 10.199999809265137,
                            -1.8999999761581421 -22.360000610351562 10.199999809265137,
                            1.8999999761581421 -20.819999694824219 10.199999809265137,
                            -1.8999999761581421 -20.819999694824219 10.199999809265137,
                            1.8999999761581421 -19.819999694824219 10.199999809265137,
                            -1.8999999761581421 -19.819999694824219 10.199999809265137,
                            17.139999389648438 -38.599998474121094 10.199999809265137,
                            13.340000152587891 -38.599998474121094 10.199999809265137,
                            17.139999389648438 -37.599998474121094 10.199999809265137,
                            13.340000152587891 -37.599998474121094 10.199999809265137,
                            17.139999389648438 -36.060001373291016 10.199999809265137,
                            13.340000152587891 -36.060001373291016 10.199999809265137,
                            17.139999389648438 -35.060001373291016 10.199999809265137,
                            13.340000152587891 -35.060001373291016 10.199999809265137,
                            17.139999389648438 -33.520000457763672 10.199999809265137,
                            13.340000152587891 -33.520000457763672 10.199999809265137,
                            17.139999389648438 -32.520000457763672 10.199999809265137,
                            13.340000152587891 -32.520000457763672 10.199999809265137,
                            17.139999389648438 -30.979999542236328 10.199999809265137,
                            13.340000152587891 -30.979999542236328 10.199999809265137,
                            17.139999389648438 -29.979999542236328 10.199999809265137,
                            13.340000152587891 -29.979999542236328 10.199999809265137,
                            17.139999389648438 -28.440000534057617 10.199999809265137,
                            13.340000152587891 -28.440000534057617 10.199999809265137,
                            17.139999389648438 -27.440000534057617 10.199999809265137,
                            13.340000152587891 -27.440000534057617 10.199999809265137,
                            17.139999389648438 -25.899999618530273 10.199999809265137,
                            13.340000152587891 -25.899999618530273 10.199999809265137,
                            17.139999389648438 -24.899999618530273 10.199999809265137,
                            13.340000152587891 -24.899999618530273 10.199999809265137,
                            17.139999389648438 -23.360000610351562 10.199999809265137,
                            13.340000152587891 -23.360000610351562 10.199999809265137,
                            17.139999389648438 -22.360000610351562 10.199999809265137,
                            13.340000152587891 -22.360000610351562 10.199999809265137,
                            17.139999389648438 -20.819999694824219 10.199999809265137,
                            13.340000152587891 -20.819999694824219 10.199999809265137,
                            17.139999389648438 -19.819999694824219 10.199999809265137,
                            13.340000152587891 -19.819999694824219 10.199999809265137,
                            1.8999999761581421 -18.280000686645508 10.199999809265137,
                            -1.8999999761581421 -18.280000686645508 10.199999809265137,
                            1.8999999761581421 -17.280000686645508 10.199999809265137,
                            -1.8999999761581421 -17.280000686645508 10.199999809265137,
                            1.8999999761581421 -15.739999771118164 10.199999809265137,
                            -1.8999999761581421 -15.739999771118164 10.199999809265137,
                            1.8999999761581421 -14.739999771118164 10.199999809265137,
                            -1.8999999761581421 -14.739999771118164 10.199999809265137,
                            1.8999999761581421 -13.199999809265137 10.199999809265137,
                            -1.8999999761581421 -13.199999809265137 10.199999809265137,
                            1.8999999761581421 -12.199999809265137 10.199999809265137,
                            -1.8999999761581421 -12.199999809265137 10.199999809265137,
                            1.8999999761581421 -10.659999847412109 10.199999809265137,
                            -1.8999999761581421 -10.659999847412109 10.199999809265137,
                            1.8999999761581421 -9.6599998474121094 10.199999809265137,
                            -1.8999999761581421 -9.6599998474121094 10.199999809265137,
                            1.8999999761581421 -8.119999885559082 10.199999809265137,
                            -1.8999999761581421 -8.119999885559082 10.199999809265137,
                            1.8999999761581421 -7.119999885559082 10.199999809265137,
                            -1.8999999761581421 -7.119999885559082 10.199999809265137,
                            1.8999999761581421 -5.5799999237060547 10.199999809265137,
                            -1.8999999761581421 -5.5799999237060547 10.199999809265137,
                            1.8999999761581421 -4.5799999237060547 10.199999809265137,
                            -1.8999999761581421 -4.5799999237060547 10.199999809265137,
                            1.8999999761581421 -3.0399999618530273 10.199999809265137,
                            -1.8999999761581421 -3.0399999618530273 10.199999809265137,
                            1.8999999761581421 -2.0399999618530273 10.199999809265137,
                            -1.8999999761581421 -2.0399999618530273 10.199999809265137,
                            1.8999999761581421 -0.5 10.199999809265137,
                            -1.8999999761581421 -0.5 10.199999809265137,
                            1.8999999761581421 0.5 10.199999809265137,
                            -1.8999999761581421 0.5 10.199999809265137,
                            17.139999389648438 -18.280000686645508 10.199999809265137,
                            13.340000152587891 -18.280000686645508 10.199999809265137,
                            17.139999389648438 -17.280000686645508 10.199999809265137,
                            13.340000152587891 -17.280000686645508 10.199999809265137,
                            17.139999389648438 -15.739999771118164 10.199999809265137,
                            13.340000152587891 -15.739999771118164 10.199999809265137,
                            17.139999389648438 -14.739999771118164 10.199999809265137,
                            13.340000152587891 -14.739999771118164 10.199999809265137,
                            17.139999389648438 -13.199999809265137 10.199999809265137,
                            13.340000152587891 -13.199999809265137 10.199999809265137,
                            17.139999389648438 -12.199999809265137 10.199999809265137,
                            13.340000152587891 -12.199999809265137 10.199999809265137,
                            17.139999389648438 -10.659999847412109 10.199999809265137,
                            13.340000152587891 -10.659999847412109 10.199999809265137,
                            17.139999389648438 -9.6599998474121094 10.199999809265137,
                            13.340000152587891 -9.6599998474121094 10.199999809265137,
                            17.139999389648438 -8.119999885559082 10.199999809265137,
                            13.340000152587891 -8.119999885559082 10.199999809265137,
                            17.139999389648438 -7.119999885559082 10.199999809265137,
                            13.340000152587891 -7.119999885559082 10.199999809265137,
                            17.139999389648438 -5.5799999237060547 10.199999809265137,
                            13.340000152587891 -5.5799999237060547 10.199999809265137,
                            17.139999389648438 -4.5799999237060547 10.199999809265137,
                            13.340000152587891 -4.5799999237060547 10.199999809265137,
                            17.139999389648438 -3.0399999618530273 10.199999809265137,
                            13.340000152587891 -3.0399999618530273 10.199999809265137,
                            17.139999389648438 -2.0399999618530273 10.199999809265137,
                            13.340000152587891 -2.0399999618530273 10.199999809265137,
                            17.139999389648438 -0.5 10.199999809265137,
                            13.340000152587891 -0.5 10.199999809265137,
                            17.139999389648438 0.5 10.199999809265137,
                            13.340000152587891 0.5 10.199999809265137,
                            -2.8299999237060547 10.560000419616699 0,
                            19.069999694824219 -44.939998626708984 0,
                            19.069999694824219 10.560000419616699 0,
                            1.8999999761581421 -38.599998474121094 8.6999998092651367,
                            -1.8999999761581421 -38.599998474121094 8.6999998092651367,
                            1.8999999761581421 -37.599998474121094 8.6999998092651367,
                            -1.8999999761581421 -37.599998474121094 8.6999998092651367,
                            1.8999999761581421 -36.060001373291016 8.6999998092651367,
                            -1.8999999761581421 -36.060001373291016 8.6999998092651367,
                            1.8999999761581421 -35.060001373291016 8.6999998092651367,
                            -1.8999999761581421 -35.060001373291016 8.6999998092651367,
                            1.8999999761581421 -33.520000457763672 8.6999998092651367,
                            -1.8999999761581421 -33.520000457763672 8.6999998092651367,
                            1.8999999761581421 -32.520000457763672 8.6999998092651367,
                            -1.8999999761581421 -32.520000457763672 8.6999998092651367,
                            1.8999999761581421 -30.979999542236328 8.6999998092651367,
                            -1.8999999761581421 -30.979999542236328 8.6999998092651367,
                            1.8999999761581421 -29.979999542236328 8.6999998092651367,
                            -1.8999999761581421 -29.979999542236328 8.6999998092651367,
                            1.8999999761581421 -28.440000534057617 8.6999998092651367,
                            -1.8999999761581421 -28.440000534057617 8.6999998092651367,
                            1.8999999761581421 -27.440000534057617 8.6999998092651367,
                            -1.8999999761581421 -27.440000534057617 8.6999998092651367,
                            1.8999999761581421 -25.899999618530273 8.6999998092651367,
                            -1.8999999761581421 -25.899999618530273 8.6999998092651367,
                            1.8999999761581421 -24.899999618530273 8.6999998092651367,
                            -1.8999999761581421 -24.899999618530273 8.6999998092651367,
                            1.8999999761581421 -23.360000610351562 8.6999998092651367,
                            -1.8999999761581421 -23.360000610351562 8.6999998092651367,
                            1.8999999761581421 -22.360000610351562 8.6999998092651367,
                            -1.8999999761581421 -22.360000610351562 8.6999998092651367,
                            1.8999999761581421 -20.819999694824219 8.6999998092651367,
                            -1.8999999761581421 -20.819999694824219 8.6999998092651367,
                            1.8999999761581421 -19.819999694824219 8.6999998092651367,
                            -1.8999999761581421 -19.819999694824219 8.6999998092651367,
                            17.139999389648438 -38.599998474121094 8.6999998092651367,
                            13.340000152587891 -38.599998474121094 8.6999998092651367,
                            17.139999389648438 -37.599998474121094 8.6999998092651367,
                            13.340000152587891 -37.599998474121094 8.6999998092651367,
                            17.139999389648438 -36.060001373291016 8.6999998092651367,
                            13.340000152587891 -36.060001373291016 8.6999998092651367,
                            17.139999389648438 -35.060001373291016 8.6999998092651367,
                            13.340000152587891 -35.060001373291016 8.6999998092651367,
                            17.139999389648438 -33.520000457763672 8.6999998092651367,
                            13.340000152587891 -33.520000457763672 8.6999998092651367,
                            17.139999389648438 -32.520000457763672 8.6999998092651367,
                            13.340000152587891 -32.520000457763672 8.6999998092651367,
                            17.139999389648438 -30.979999542236328 8.6999998092651367,
                            13.340000152587891 -30.979999542236328 8.6999998092651367,
                            17.139999389648438 -29.979999542236328 8.6999998092651367,
                            13.340000152587891 -29.979999542236328 8.6999998092651367,
                            17.139999389648438 -28.440000534057617 8.6999998092651367,
                            13.340000152587891 -28.440000534057617 8.6999998092651367,
                            17.139999389648438 -27.440000534057617 8.6999998092651367,
                            13.340000152587891 -27.440000534057617 8.6999998092651367,
                            17.139999389648438 -25.899999618530273 8.6999998092651367,
                            13.340000152587891 -25.899999618530273 8.6999998092651367,
                            17.139999389648438 -24.899999618530273 8.6999998092651367,
                            13.340000152587891 -24.899999618530273 8.6999998092651367,
                            17.139999389648438 -23.360000610351562 8.6999998092651367,
                            13.340000152587891 -23.360000610351562 8.6999998092651367,
                            17.139999389648438 -22.360000610351562 8.6999998092651367,
                            13.340000152587891 -22.360000610351562 8.6999998092651367,
                            17.139999389648438 -20.819999694824219 8.6999998092651367,
                            13.340000152587891 -20.819999694824219 8.6999998092651367,
                            17.139999389648438 -19.819999694824219 8.6999998092651367,
                            13.340000152587891 -19.819999694824219 8.6999998092651367,
                            1.8999999761581421 -18.280000686645508 8.6999998092651367,
                            -1.8999999761581421 -18.280000686645508 8.6999998092651367,
                            1.8999999761581421 -17.280000686645508 8.6999998092651367,
                            -1.8999999761581421 -17.280000686645508 8.6999998092651367,
                            1.8999999761581421 -15.739999771118164 8.6999998092651367,
                            -1.8999999761581421 -15.739999771118164 8.6999998092651367,
                            1.8999999761581421 -14.739999771118164 8.6999998092651367,
                            -1.8999999761581421 -14.739999771118164 8.6999998092651367,
                            1.8999999761581421 -13.199999809265137 8.6999998092651367,
                            -1.8999999761581421 -13.199999809265137 8.6999998092651367,
                            1.8999999761581421 -12.199999809265137 8.6999998092651367,
                            -1.8999999761581421 -12.199999809265137 8.6999998092651367,
                            1.8999999761581421 -10.659999847412109 8.6999998092651367,
                            -1.8999999761581421 -10.659999847412109 8.6999998092651367,
                            1.8999999761581421 -9.6599998474121094 8.6999998092651367,
                            -1.8999999761581421 -9.6599998474121094 8.6999998092651367,
                            1.8999999761581421 -8.119999885559082 8.6999998092651367,
                            -1.8999999761581421 -8.119999885559082 8.6999998092651367,
                            1.8999999761581421 -7.119999885559082 8.6999998092651367,
                            -1.8999999761581421 -7.119999885559082 8.6999998092651367,
                            1.8999999761581421 -5.5799999237060547 8.6999998092651367,
                            -1.8999999761581421 -5.5799999237060547 8.6999998092651367,
                            1.8999999761581421 -4.5799999237060547 8.6999998092651367,
                            -1.8999999761581421 -4.5799999237060547 8.6999998092651367,
                            1.8999999761581421 -3.0399999618530273 8.6999998092651367,
                            -1.8999999761581421 -3.0399999618530273 8.6999998092651367,
                            1.8999999761581421 -2.0399999618530273 8.6999998092651367,
                            -1.8999999761581421 -2.0399999618530273 8.6999998092651367,
                            1.8999999761581421 -0.5 8.6999998092651367,
                            -1.8999999761581421 -0.5 8.6999998092651367,
                            1.8999999761581421 0.5 8.6999998092651367,
                            -1.8999999761581421 0.5 8.6999998092651367,
                            17.139999389648438 -18.280000686645508 8.6999998092651367,
                            13.340000152587891 -18.280000686645508 8.6999998092651367,
                            17.139999389648438 -17.280000686645508 8.6999998092651367,
                            13.340000152587891 -17.280000686645508 8.6999998092651367,
                            17.139999389648438 -15.739999771118164 8.6999998092651367,
                            13.340000152587891 -15.739999771118164 8.6999998092651367,
                            17.139999389648438 -14.739999771118164 8.6999998092651367,
                            13.340000152587891 -14.739999771118164 8.6999998092651367,
                            17.139999389648438 -13.199999809265137 8.6999998092651367,
                            13.340000152587891 -13.199999809265137 8.6999998092651367,
                            17.139999389648438 -12.199999809265137 8.6999998092651367,
                            13.340000152587891 -12.199999809265137 8.6999998092651367,
                            17.139999389648438 -10.659999847412109 8.6999998092651367,
                            13.340000152587891 -10.659999847412109 8.6999998092651367,
                            17.139999389648438 -9.6599998474121094 8.6999998092651367,
                            13.340000152587891 -9.6599998474121094 8.6999998092651367,
                            17.139999389648438 -8.119999885559082 8.6999998092651367,
                            13.340000152587891 -8.119999885559082 8.6999998092651367,
                            17.139999389648438 -7.119999885559082 8.6999998092651367,
                            13.340000152587891 -7.119999885559082 8.6999998092651367,
                            17.139999389648438 -5.5799999237060547 8.6999998092651367,
                            13.340000152587891 -5.5799999237060547 8.6999998092651367,
                            17.139999389648438 -4.5799999237060547 8.6999998092651367,
                            13.340000152587891 -4.5799999237060547 8.6999998092651367,
                            17.139999389648438 -3.0399999618530273 8.6999998092651367,
                            13.340000152587891 -3.0399999618530273 8.6999998092651367,
                            17.139999389648438 -2.0399999618530273 8.6999998092651367,
                            13.340000152587891 -2.0399999618530273 8.6999998092651367,
                            17.139999389648438 -0.5 8.6999998092651367,
                            13.340000152587891 -0.5 8.6999998092651367,
                            17.139999389648438 0.5 8.6999998092651367,
                            13.340000152587891 0.5 8.6999998092651367,
              ]
            }
          }
        }
      ]
    }
    Transform {
      translation 0 0 0
      rotation 0 0 1 0
      scale 1 1 1
      children [
        Shape {
          appearance Appearance {
            material Material {
              ambientIntensity 0
              diffuseColor 0.75000000093421382 0.75000000093421382 0.78000000177002193
              specularColor 0 0 0
              shininess 0.0078125
              transparency 0
              }
            }
          geometry IndexedFaceSet {
            solid FALSE
            coord DEF VTKcoordinates Coordinate {
              point [
              -3.5 8.7185440063476562 6.9000000953674316,
              -3.5 8.5276336669921875 6.4720287322998047,
              -3.5 8.2602071762084961 6.0872044563293457,
              -3.5 7.104179859161377 5.3164706230163574,
              -3.5 7.9256620407104492 5.7590494155883789,
              -3.5 7.5357527732849121 5.4990930557250977,
              -3.5 6.1776304244995117 5.2059493064880371,
              -3.5 6.6461071968078613 5.2175979614257812,
              -3.5 8.7185440063476562 8.5,
              -3.5 15.859999656677246 6.9000000953674316,
              -3.5 15.859999656677246 8.5,
              -3.5 5.2750940322875977 5.4428830146789551,
              -3.5 5.7152099609375 5.2819342613220215,
              -3.5 8.5276336669921875 8.9279708862304688,
              -3.5 4.8727474212646484 5.6831398010253906,
              -3.5 8.2602071762084961 9.3127956390380859,
              -3.5 4.024141788482666 6.7832756042480469,
              -3.5 4.5223069190979004 5.9942631721496582,
              -3.5 4.2360858917236328 6.365321159362793,
              -3.5 7.104179859161377 10.083529472351074,
              -3.5 7.9256620407104492 9.6409502029418945,
              -3.5 7.5357527732849121 9.9009065628051758,
              -3.5 3.8939213752746582 7.2334408760070801,
              -3.5 6.1776304244995117 10.194050788879395,
              -3.5 6.6461071968078613 10.182402610778809,
              -3.5 5.7152099609375 10.11806583404541,
              -3.5 4.8727474212646484 9.7168598175048828,
              -3.5 5.2750940322875977 9.9571170806884766,
              -3.5 4.5223069190979004 9.4057369232177734,
              -3.5 4.024141788482666 8.6167240142822266,
              -3.5 4.2360858917236328 9.0346784591674805,
              -3.5 3.8939213752746582 8.1665592193603516,
              -3.5 3.8499999046325684 7.6999998092651367,
              -1.8999999761581421 15.859999656677246 8.5,
              -3.5 15.859999656677246 8.5,
              -3.5 8.7185440063476562 8.5,
              -1.8999999761581421 8.7185440063476562 8.5,
              -1.8999999761581421 15.859999656677246 8.5,
              -1.8999999761581421 15.859999656677246 6.9000000953674316,
              -3.5 15.859999656677246 6.9000000953674316,
              -3.5 15.859999656677246 8.5,
              -1.8999999761581421 15.859999656677246 6.9000000953674316,
              -3.5 8.7185440063476562 6.9000000953674316,
              -3.5 15.859999656677246 6.9000000953674316,
              -1.8999999761581421 8.7185440063476562 6.9000000953674316,
              -3.5 8.5276336669921875 8.9279708862304688,
              -1.8999999761581421 8.7185440063476562 8.5,
              -3.5 8.7185440063476562 8.5,
              -1.8999999761581421 8.5276336669921875 8.9279708862304688,
              -3.5 8.2602071762084961 9.3127956390380859,
              -1.8999999761581421 8.2602071762084961 9.3127956390380859,
              -3.5 7.9256620407104492 9.6409502029418945,
              -1.8999999761581421 7.9256620407104492 9.6409502029418945,
              -3.5 7.5357527732849121 9.9009065628051758,
              -1.8999999761581421 7.5357527732849121 9.9009065628051758,
              -3.5 7.104179859161377 10.083529472351074,
              -1.8999999761581421 7.104179859161377 10.083529472351074,
              -1.8999999761581421 6.6461071968078613 10.182402610778809,
              -3.5 6.6461071968078613 10.182402610778809,
              -1.8999999761581421 6.1776304244995117 10.194050788879395,
              -3.5 6.1776304244995117 10.194050788879395,
              -1.8999999761581421 5.7152099609375 10.11806583404541,
              -3.5 5.7152099609375 10.11806583404541,
              -3.5 5.2750940322875977 9.9571170806884766,
              -1.8999999761581421 5.2750940322875977 9.9571170806884766,
              -3.5 4.8727474212646484 9.7168598175048828,
              -1.8999999761581421 4.8727474212646484 9.7168598175048828,
              -1.8999999761581421 4.5223069190979004 9.4057369232177734,
              -3.5 4.5223069190979004 9.4057369232177734,
              -3.5 4.2360858917236328 9.0346784591674805,
              -1.8999999761581421 4.2360858917236328 9.0346784591674805,
              -3.5 4.024141788482666 8.6167240142822266,
              -1.8999999761581421 4.024141788482666 8.6167240142822266,
              -3.5 3.8939213752746582 8.1665592193603516,
              -1.8999999761581421 3.8939213752746582 8.1665592193603516,
              -3.5 3.8499999046325684 7.6999998092651367,
              -1.8999999761581421 3.8499999046325684 7.6999998092651367,
              -1.8999999761581421 3.8939213752746582 7.2334408760070801,
              -3.5 3.8939213752746582 7.2334408760070801,
              -3.5 4.024141788482666 6.7832756042480469,
              -1.8999999761581421 4.024141788482666 6.7832756042480469,
              -3.5 4.2360858917236328 6.365321159362793,
              -1.8999999761581421 4.2360858917236328 6.365321159362793,
              -3.5 4.5223069190979004 5.9942631721496582,
              -1.8999999761581421 4.5223069190979004 5.9942631721496582,
              -3.5 4.8727474212646484 5.6831398010253906,
              -1.8999999761581421 4.8727474212646484 5.6831398010253906,
              -3.5 5.2750940322875977 5.4428830146789551,
              -1.8999999761581421 5.2750940322875977 5.4428830146789551,
              -3.5 5.7152099609375 5.2819342613220215,
              -1.8999999761581421 5.7152099609375 5.2819342613220215,
              -1.8999999761581421 6.1776304244995117 5.2059493064880371,
              -3.5 6.1776304244995117 5.2059493064880371,
              -3.5 6.6461071968078613 5.2175979614257812,
              -1.8999999761581421 6.6461071968078613 5.2175979614257812,
              -1.8999999761581421 7.104179859161377 5.3164706230163574,
              -3.5 7.104179859161377 5.3164706230163574,
              -1.8999999761581421 7.5357527732849121 5.4990930557250977,
              -3.5 7.5357527732849121 5.4990930557250977,
              -3.5 7.9256620407104492 5.7590494155883789,
              -1.8999999761581421 7.9256620407104492 5.7590494155883789,
              -3.5 8.2602071762084961 6.0872044563293457,
              -1.8999999761581421 8.2602071762084961 6.0872044563293457,
              -3.5 8.5276336669921875 6.4720287322998047,
              -1.8999999761581421 8.5276336669921875 6.4720287322998047,
              -1.8999999761581421 8.7185440063476562 6.9000000953674316,
              -3.5 8.7185440063476562 6.9000000953674316,
              -1.8999999761581421 8.7185440063476562 6.9000000953674316,
              -1.8999999761581421 7.5357527732849121 5.4990930557250977,
              -1.8999999761581421 7.9256620407104492 5.7590494155883789,
              -1.8999999761581421 8.2602071762084961 6.0872044563293457,
              -1.8999999761581421 8.5276336669921875 6.4720287322998047,
              -1.8999999761581421 7.104179859161377 5.3164706230163574,
              -1.8999999761581421 6.6461071968078613 5.2175979614257812,
              -1.8999999761581421 6.1776304244995117 5.2059493064880371,
              -1.8999999761581421 5.7152099609375 5.2819342613220215,
              -1.8999999761581421 8.7185440063476562 8.5,
              -1.8999999761581421 15.859999656677246 6.9000000953674316,
              -1.8999999761581421 15.859999656677246 8.5,
              -1.8999999761581421 5.2750940322875977 5.4428830146789551,
              -1.8999999761581421 8.5276336669921875 8.9279708862304688,
              -1.8999999761581421 4.8727474212646484 5.6831398010253906,
              -1.8999999761581421 7.9256620407104492 9.6409502029418945,
              -1.8999999761581421 8.2602071762084961 9.3127956390380859,
              -1.8999999761581421 4.2360858917236328 6.365321159362793,
              -1.8999999761581421 4.5223069190979004 5.9942631721496582,
              -1.8999999761581421 7.104179859161377 10.083529472351074,
              -1.8999999761581421 7.5357527732849121 9.9009065628051758,
              -1.8999999761581421 6.6461071968078613 10.182402610778809,
              -1.8999999761581421 5.7152099609375 10.11806583404541,
              -1.8999999761581421 6.1776304244995117 10.194050788879395,
              -1.8999999761581421 4.024141788482666 8.6167240142822266,
              -1.8999999761581421 3.8939213752746582 8.1665592193603516,
              -1.8999999761581421 3.8499999046325684 7.6999998092651367,
              -1.8999999761581421 4.2360858917236328 9.0346784591674805,
              -1.8999999761581421 3.8939213752746582 7.2334408760070801,
              -1.8999999761581421 4.024141788482666 6.7832756042480469,
              -1.8999999761581421 4.8727474212646484 9.7168598175048828,
              -1.8999999761581421 5.2750940322875977 9.9571170806884766,
              -1.8999999761581421 4.5223069190979004 9.4057369232177734,
              ]
            }
            normal DEF VTKnormals Normal {
              vector [
           -1 -0 -0,
           -1 -0 -0,
           -1 -0 -0,
           -1 -0 -0,
           -1 -0 -0,
           -1 -0 -0,
           -1 -0 -0,
           -1 -0 -0,
           -1 -0 -0,
           -1 -0 -0,
           -1 -0 -0,
           -1 -0 -0,
           -1 -0 -0,
           -1 -0 -0,
           -1 -0 -0,
           -1 -0 -0,
           -1 -0 -0,
           -1 -0 -0,
           -1 -0 -0,
           -1 -0 -0,
           -1 -0 -0,
           -1 -0 -0,
           -1 -0 -0,
           -1 -0 -0,
           -1 -0 -0,
           -1 -0 -0,
           -1 -0 -0,
           -1 -0 -0,
           -1 -0 -0,
           -1 -0 -0,
           -1 -0 -0,
           -1 -0 -0,
           -1 -0 -0,
           0 0 1,
           0 0 1,
           0 0 1,
           0 0 1,
           0 1 0,
           0 1 0,
           0 1 0,
           0 1 0,
           -0 -0 -1,
           -0 -0 -1,
           -0 -0 -1,
           -0 -0 -1,
           -0 0.87105327844619751 0.49118852615356445,
           -0 0.94741755723953247 0.31999999284744263,
           -0 0.94741755723953247 0.31999999284744263,
           -0 0.87105327844619751 0.49118852615356445,
           -0 0.76408284902572632 0.64511817693710327,
           -0 0.76408284902572632 0.64511817693710327,
           -0 0.6302647590637207 0.77638024091720581,
           -0 0.6302647590637207 0.77638024091720581,
           -0 0.47430109977722168 0.88036268949508667,
           -0 0.47430109977722168 0.88036268949508667,
           -0 0.30167192220687866 0.95341181755065918,
           -0 0.30167192220687866 0.95341181755065918,
           -0 0.11844287812709808 0.99296087026596069,
           -0 0.11844287812709808 0.99296087026596069,
           -0 -0.068947896361351013 0.99762028455734253,
           -0 -0.068947896361351013 0.99762028455734253,
           -0 -0.25391605496406555 0.96722626686096191,
           -0 -0.25391605496406555 0.96722626686096191,
           -0 -0.42996233701705933 0.9028468132019043,
           -0 -0.42996233701705933 0.9028468132019043,
           -0 -0.59090101718902588 0.8067440390586853,
           -0 -0.59090101718902588 0.8067440390586853,
           -0 -0.73107725381851196 0.68229472637176514,
           -0 -0.73107725381851196 0.68229472637176514,
           -0 -0.84556561708450317 0.53387153148651123,
           -0 -0.84556561708450317 0.53387153148651123,
           -0 -0.93034327030181885 0.36668974161148071,
           -0 -0.93034327030181885 0.36668974161148071,
           -0 -0.98243147134780884 0.18662357330322266,
           -0 -0.98243147134780884 0.18662357330322266,
           0 -1 -1.2098029707614507e-15,
           0 -1 -1.2098029707614507e-15,
           0 -0.98243147134780884 -0.18662357330322266,
           0 -0.98243147134780884 -0.18662357330322266,
           0 -0.93034327030181885 -0.36668974161148071,
           0 -0.93034327030181885 -0.36668974161148071,
           0 -0.84556561708450317 -0.53387153148651123,
           0 -0.84556561708450317 -0.53387153148651123,
           0 -0.73107725381851196 -0.68229472637176514,
           0 -0.73107725381851196 -0.68229472637176514,
           0 -0.59090101718902588 -0.8067440390586853,
           0 -0.59090101718902588 -0.8067440390586853,
           0 -0.42996233701705933 -0.9028468132019043,
           0 -0.42996233701705933 -0.9028468132019043,
           0 -0.25391605496406555 -0.96722626686096191,
           0 -0.25391605496406555 -0.96722626686096191,
           0 -0.068947896361351013 -0.99762028455734253,
           0 -0.068947896361351013 -0.99762028455734253,
           -0 0.11844287812709808 -0.99296087026596069,
           -0 0.11844287812709808 -0.99296087026596069,
           -0 0.30167192220687866 -0.95341181755065918,
           -0 0.30167192220687866 -0.95341181755065918,
           -0 0.47430109977722168 -0.88036268949508667,
           -0 0.47430109977722168 -0.88036268949508667,
           -0 0.6302647590637207 -0.77638024091720581,
           -0 0.6302647590637207 -0.77638024091720581,
           -0 0.76408284902572632 -0.64511817693710327,
           -0 0.76408284902572632 -0.64511817693710327,
           -0 0.87105327844619751 -0.49118852615356445,
           -0 0.87105327844619751 -0.49118852615356445,
           -0 0.94741755723953247 -0.31999999284744263,
           -0 0.94741755723953247 -0.31999999284744263,
           1 0 -0,
           1 0 -0,
           1 0 -0,
           1 0 -0,
           1 0 -0,
           1 0 -0,
           1 0 -0,
           1 0 -0,
           1 0 -0,
           1 0 -0,
           1 0 -0,
           1 0 -0,
           1 0 -0,
           1 0 -0,
           1 0 -0,
           1 0 -0,
           1 0 -0,
           1 0 -0,
           1 0 -0,
           1 0 -0,
           1 0 -0,
           1 0 -0,
           1 0 -0,
           1 0 -0,
           1 0 -0,
           1 0 -0,
           1 0 -0,
           1 0 -0,
           1 0 -0,
           1 0 -0,
           1 0 -0,
           1 0 -0,
           1 0 -0,
            ]
          }
            coordIndex  [
              0, 1, 2, -1,
              3, 4, 5, -1,
              3, 2, 4, -1,
              3, 0, 2, -1,
              6, 3, 7, -1,
              6, 0, 3, -1,
              8, 9, 0, -1,
              8, 10, 9, -1,
              11, 6, 12, -1,
              11, 0, 6, -1,
              13, 8, 0, -1,
              14, 0, 11, -1,
              15, 13, 0, -1,
              16, 17, 18, -1,
              16, 14, 17, -1,
              19, 20, 15, -1,
              19, 21, 20, -1,
              19, 15, 0, -1,
              22, 0, 14, -1,
              22, 14, 16, -1,
              23, 24, 19, -1,
              25, 23, 19, -1,
              26, 27, 25, -1,
              28, 29, 30, -1,
              28, 31, 29, -1,
              28, 32, 31, -1,
              28, 22, 32, -1,
              28, 0, 22, -1,
              28, 19, 0, -1,
              28, 26, 25, -1,
              28, 25, 19, -1,
              33, 34, 35, -1,
              33, 35, 36, -1,
              37, 38, 39, -1,
              37, 39, 40, -1,
              41, 42, 43, -1,
              41, 44, 42, -1,
              45, 46, 47, -1,
              45, 48, 46, -1,
              49, 50, 48, -1,
              49, 48, 45, -1,
              51, 52, 50, -1,
              51, 50, 49, -1,
              53, 54, 52, -1,
              53, 52, 51, -1,
              55, 56, 54, -1,
              55, 57, 56, -1,
              55, 54, 53, -1,
              58, 59, 57, -1,
              58, 57, 55, -1,
              60, 61, 59, -1,
              60, 59, 58, -1,
              62, 61, 60, -1,
              63, 61, 62, -1,
              63, 64, 61, -1,
              65, 64, 63, -1,
              65, 66, 64, -1,
              65, 67, 66, -1,
              68, 67, 65, -1,
              69, 67, 68, -1,
              69, 70, 67, -1,
              71, 70, 69, -1,
              71, 72, 70, -1,
              73, 72, 71, -1,
              73, 74, 72, -1,
              75, 74, 73, -1,
              75, 76, 74, -1,
              75, 77, 76, -1,
              78, 77, 75, -1,
              79, 77, 78, -1,
              79, 80, 77, -1,
              81, 80, 79, -1,
              81, 82, 80, -1,
              83, 82, 81, -1,
              83, 84, 82, -1,
              85, 84, 83, -1,
              85, 86, 84, -1,
              87, 86, 85, -1,
              87, 88, 86, -1,
              89, 88, 87, -1,
              89, 90, 88, -1,
              89, 91, 90, -1,
              92, 91, 89, -1,
              93, 94, 91, -1,
              93, 95, 94, -1,
              93, 91, 92, -1,
              96, 97, 95, -1,
              96, 95, 93, -1,
              98, 97, 96, -1,
              99, 100, 97, -1,
              99, 97, 98, -1,
              101, 102, 100, -1,
              101, 100, 99, -1,
              103, 104, 102, -1,
              103, 105, 104, -1,
              103, 102, 101, -1,
              106, 105, 103, -1,
              107, 108, 109, -1,
              107, 109, 110, -1,
              107, 110, 111, -1,
              112, 108, 107, -1,
              113, 112, 107, -1,
              114, 113, 107, -1,
              115, 114, 107, -1,
              116, 107, 117, -1,
              116, 117, 118, -1,
              119, 115, 107, -1,
              120, 107, 116, -1,
              121, 119, 107, -1,
              122, 120, 123, -1,
              122, 107, 120, -1,
              124, 125, 121, -1,
              126, 122, 127, -1,
              126, 107, 122, -1,
              128, 107, 126, -1,
              129, 128, 130, -1,
              129, 107, 128, -1,
              131, 132, 133, -1,
              134, 133, 135, -1,
              134, 135, 136, -1,
              134, 136, 124, -1,
              134, 121, 107, -1,
              134, 124, 121, -1,
              134, 131, 133, -1,
              137, 129, 138, -1,
              139, 107, 129, -1,
              139, 129, 137, -1,
              139, 134, 107, -1,
            ]
          }
        }
      ]
    }
    Transform {
      translation 0 0 0
      rotation 0 0 1 0
      scale 1 1 1
      children [
        Shape {
          appearance Appearance {
            material Material {
              ambientIntensity 0
              emissiveColor 0 0 0
              diffuseColor 1 1 1
              specularColor 0 0 0
              shininess 0.0078125
              transparency 0
              }
            }
          geometry IndexedLineSet {
            coord DEF VTKcoordinates Coordinate {
              point [
              -3.5 8.7185440063476562 8.5,
              -3.5 15.859999656677246 8.5,
              -3.5 8.7185440063476562 6.9000000953674316,
              -3.5 15.859999656677246 6.9000000953674316,
              -1.8999999761581421 15.859999656677246 8.5,
              -1.8999999761581421 8.7185440063476562 8.5,
              -1.8999999761581421 15.859999656677246 6.9000000953674316,
              -1.8999999761581421 8.7185440063476562 6.9000000953674316,
              -3.5 8.7185440063476562 8.5,
              -3.5 15.859999656677246 8.5,
              -3.5 8.7185440063476562 8.5,
              -3.5 8.5276336669921875 8.9279708862304688,
              -3.5 8.2602071762084961 9.3127956390380859,
              -3.5 7.9256620407104492 9.6409502029418945,
              -3.5 7.5357527732849121 9.9009065628051758,
              -3.5 7.104179859161377 10.083529472351074,
              -3.5 6.6461071968078613 10.182402610778809,
              -3.5 6.1776304244995117 10.194050788879395,
              -3.5 5.7152099609375 10.11806583404541,
              -3.5 5.2750940322875977 9.9571170806884766,
              -3.5 4.8727474212646484 9.7168598175048828,
              -3.5 4.5223069190979004 9.4057369232177734,
              -3.5 4.2360858917236328 9.0346784591674805,
              -3.5 4.024141788482666 8.6167240142822266,
              -3.5 3.8939213752746582 8.1665592193603516,
              -3.5 3.8499999046325684 7.6999998092651367,
              -3.5 3.8939213752746582 7.2334408760070801,
              -3.5 4.024141788482666 6.7832756042480469,
              -3.5 4.2360858917236328 6.365321159362793,
              -3.5 4.5223069190979004 5.9942631721496582,
              -3.5 4.8727474212646484 5.6831398010253906,
              -3.5 5.2750940322875977 5.4428830146789551,
              -3.5 5.7152099609375 5.2819342613220215,
              -3.5 6.1776304244995117 5.2059493064880371,
              -3.5 6.6461071968078613 5.2175979614257812,
              -3.5 7.104179859161377 5.3164706230163574,
              -3.5 7.5357527732849121 5.4990930557250977,
              -3.5 7.9256620407104492 5.7590494155883789,
              -3.5 8.2602071762084961 6.0872044563293457,
              -3.5 8.5276336669921875 6.4720287322998047,
              -3.5 8.7185440063476562 6.9000000953674316,
              -3.5 8.7185440063476562 6.9000000953674316,
              -3.5 15.859999656677246 6.9000000953674316,
              -3.5 15.859999656677246 6.9000000953674316,
              -3.5 15.859999656677246 8.5,
              -3.5 15.859999656677246 8.5,
              -1.8999999761581421 15.859999656677246 8.5,
              -1.8999999761581421 8.7185440063476562 8.5,
              -1.8999999761581421 15.859999656677246 8.5,
              -1.8999999761581421 8.7185440063476562 8.5,
              -3.5 8.7185440063476562 8.5,
              -3.5 15.859999656677246 6.9000000953674316,
              -1.8999999761581421 15.859999656677246 6.9000000953674316,
              -1.8999999761581421 15.859999656677246 6.9000000953674316,
              -1.8999999761581421 15.859999656677246 8.5,
              -1.8999999761581421 8.7185440063476562 6.9000000953674316,
              -1.8999999761581421 15.859999656677246 6.9000000953674316,
              -1.8999999761581421 8.7185440063476562 6.9000000953674316,
              -3.5 8.7185440063476562 6.9000000953674316,
              -1.8999999761581421 8.7185440063476562 8.5,
              -1.8999999761581421 8.5276336669921875 8.9279708862304688,
              -1.8999999761581421 8.2602071762084961 9.3127956390380859,
              -1.8999999761581421 7.9256620407104492 9.6409502029418945,
              -1.8999999761581421 7.5357527732849121 9.9009065628051758,
              -1.8999999761581421 7.104179859161377 10.083529472351074,
              -1.8999999761581421 6.6461071968078613 10.182402610778809,
              -1.8999999761581421 6.1776304244995117 10.194050788879395,
              -1.8999999761581421 5.7152099609375 10.11806583404541,
              -1.8999999761581421 5.2750940322875977 9.9571170806884766,
              -1.8999999761581421 4.8727474212646484 9.7168598175048828,
              -1.8999999761581421 4.5223069190979004 9.4057369232177734,
              -1.8999999761581421 4.2360858917236328 9.0346784591674805,
              -1.8999999761581421 4.024141788482666 8.6167240142822266,
              -1.8999999761581421 3.8939213752746582 8.1665592193603516,
              -1.8999999761581421 3.8499999046325684 7.6999998092651367,
              -1.8999999761581421 3.8939213752746582 7.2334408760070801,
              -1.8999999761581421 4.024141788482666 6.7832756042480469,
              -1.8999999761581421 4.2360858917236328 6.365321159362793,
              -1.8999999761581421 4.5223069190979004 5.9942631721496582,
              -1.8999999761581421 4.8727474212646484 5.6831398010253906,
              -1.8999999761581421 5.2750940322875977 5.4428830146789551,
              -1.8999999761581421 5.7152099609375 5.2819342613220215,
              -1.8999999761581421 6.1776304244995117 5.2059493064880371,
              -1.8999999761581421 6.6461071968078613 5.2175979614257812,
              -1.8999999761581421 7.104179859161377 5.3164706230163574,
              -1.8999999761581421 7.5357527732849121 5.4990930557250977,
              -1.8999999761581421 7.9256620407104492 5.7590494155883789,
              -1.8999999761581421 8.2602071762084961 6.0872044563293457,
              -1.8999999761581421 8.5276336669921875 6.4720287322998047,
              -1.8999999761581421 8.7185440063476562 6.9000000953674316,
              -3.5 8.7185440063476562 8.5,
              -3.5 15.859999656677246 8.5,
              -3.5 8.7185440063476562 8.5,
              -3.5 8.5276336669921875 8.9279708862304688,
              -3.5 8.2602071762084961 9.3127956390380859,
              -3.5 7.9256620407104492 9.6409502029418945,
              -3.5 7.5357527732849121 9.9009065628051758,
              -3.5 7.104179859161377 10.083529472351074,
              -3.5 6.6461071968078613 10.182402610778809,
              -3.5 6.1776304244995117 10.194050788879395,
              -3.5 5.7152099609375 10.11806583404541,
              -3.5 5.2750940322875977 9.9571170806884766,
              -3.5 4.8727474212646484 9.7168598175048828,
              -3.5 4.5223069190979004 9.4057369232177734,
              -3.5 4.2360858917236328 9.0346784591674805,
              -3.5 4.024141788482666 8.6167240142822266,
              -3.5 3.8939213752746582 8.1665592193603516,
              -3.5 3.8499999046325684 7.6999998092651367,
              -3.5 3.8939213752746582 7.2334408760070801,
              -3.5 4.024141788482666 6.7832756042480469,
              -3.5 4.2360858917236328 6.365321159362793,
              -3.5 4.5223069190979004 5.9942631721496582,
              -3.5 4.8727474212646484 5.6831398010253906,
              -3.5 5.2750940322875977 5.4428830146789551,
              -3.5 5.7152099609375 5.2819342613220215,
              -3.5 6.1776304244995117 5.2059493064880371,
              -3.5 6.6461071968078613 5.2175979614257812,
              -3.5 7.104179859161377 5.3164706230163574,
              -3.5 7.5357527732849121 5.4990930557250977,
              -3.5 7.9256620407104492 5.7590494155883789,
              -3.5 8.2602071762084961 6.0872044563293457,
              -3.5 8.5276336669921875 6.4720287322998047,
              -3.5 8.7185440063476562 6.9000000953674316,
              -3.5 8.7185440063476562 6.9000000953674316,
              -3.5 15.859999656677246 6.9000000953674316,
              -3.5 15.859999656677246 6.9000000953674316,
              -3.5 15.859999656677246 8.5,
              -3.5 8.7185440063476562 8.5,
              -3.5 15.859999656677246 8.5,
              -3.5 15.859999656677246 8.5,
              -1.8999999761581421 15.859999656677246 8.5,
              -1.8999999761581421 8.7185440063476562 8.5,
              -1.8999999761581421 15.859999656677246 8.5,
              -1.8999999761581421 8.7185440063476562 8.5,
              -3.5 8.7185440063476562 8.5,
              -3.5 15.859999656677246 6.9000000953674316,
              -1.8999999761581421 15.859999656677246 6.9000000953674316,
              -1.8999999761581421 15.859999656677246 6.9000000953674316,
              -1.8999999761581421 15.859999656677246 8.5,
              -3.5 15.859999656677246 8.5,
              -1.8999999761581421 15.859999656677246 8.5,
              -3.5 15.859999656677246 6.9000000953674316,
              -3.5 15.859999656677246 8.5,
              -3.5 8.7185440063476562 6.9000000953674316,
              -3.5 15.859999656677246 6.9000000953674316,
              -3.5 15.859999656677246 6.9000000953674316,
              -1.8999999761581421 15.859999656677246 6.9000000953674316,
              -1.8999999761581421 8.7185440063476562 6.9000000953674316,
              -1.8999999761581421 15.859999656677246 6.9000000953674316,
              -1.8999999761581421 8.7185440063476562 6.9000000953674316,
              -3.5 8.7185440063476562 6.9000000953674316,
              -3.5 8.7185440063476562 8.5,
              -3.5 8.5276336669921875 8.9279708862304688,
              -3.5 8.2602071762084961 9.3127956390380859,
              -3.5 7.9256620407104492 9.6409502029418945,
              -3.5 7.5357527732849121 9.9009065628051758,
              -3.5 7.104179859161377 10.083529472351074,
              -3.5 6.6461071968078613 10.182402610778809,
              -3.5 6.1776304244995117 10.194050788879395,
              -3.5 5.7152099609375 10.11806583404541,
              -3.5 5.2750940322875977 9.9571170806884766,
              -3.5 4.8727474212646484 9.7168598175048828,
              -3.5 4.5223069190979004 9.4057369232177734,
              -3.5 4.2360858917236328 9.0346784591674805,
              -3.5 4.024141788482666 8.6167240142822266,
              -3.5 3.8939213752746582 8.1665592193603516,
              -3.5 3.8499999046325684 7.6999998092651367,
              -3.5 3.8939213752746582 7.2334408760070801,
              -3.5 4.024141788482666 6.7832756042480469,
              -3.5 4.2360858917236328 6.365321159362793,
              -3.5 4.5223069190979004 5.9942631721496582,
              -3.5 4.8727474212646484 5.6831398010253906,
              -3.5 5.2750940322875977 5.4428830146789551,
              -3.5 5.7152099609375 5.2819342613220215,
              -3.5 6.1776304244995117 5.2059493064880371,
              -3.5 6.6461071968078613 5.2175979614257812,
              -3.5 7.104179859161377 5.3164706230163574,
              -3.5 7.5357527732849121 5.4990930557250977,
              -3.5 7.9256620407104492 5.7590494155883789,
              -3.5 8.2602071762084961 6.0872044563293457,
              -3.5 8.5276336669921875 6.4720287322998047,
              -3.5 8.7185440063476562 6.9000000953674316,
              -1.8999999761581421 8.7185440063476562 6.9000000953674316,
              -3.5 8.7185440063476562 6.9000000953674316,
              -1.8999999761581421 8.7185440063476562 8.5,
              -1.8999999761581421 8.5276336669921875 8.9279708862304688,
              -1.8999999761581421 8.2602071762084961 9.3127956390380859,
              -1.8999999761581421 7.9256620407104492 9.6409502029418945,
              -1.8999999761581421 7.5357527732849121 9.9009065628051758,
              -1.8999999761581421 7.104179859161377 10.083529472351074,
              -1.8999999761581421 6.6461071968078613 10.182402610778809,
              -1.8999999761581421 6.1776304244995117 10.194050788879395,
              -1.8999999761581421 5.7152099609375 10.11806583404541,
              -1.8999999761581421 5.2750940322875977 9.9571170806884766,
              -1.8999999761581421 4.8727474212646484 9.7168598175048828,
              -1.8999999761581421 4.5223069190979004 9.4057369232177734,
              -1.8999999761581421 4.2360858917236328 9.0346784591674805,
              -1.8999999761581421 4.024141788482666 8.6167240142822266,
              -1.8999999761581421 3.8939213752746582 8.1665592193603516,
              -1.8999999761581421 3.8499999046325684 7.6999998092651367,
              -1.8999999761581421 3.8939213752746582 7.2334408760070801,
              -1.8999999761581421 4.024141788482666 6.7832756042480469,
              -1.8999999761581421 4.2360858917236328 6.365321159362793,
              -1.8999999761581421 4.5223069190979004 5.9942631721496582,
              -1.8999999761581421 4.8727474212646484 5.6831398010253906,
              -1.8999999761581421 5.2750940322875977 5.4428830146789551,
              -1.8999999761581421 5.7152099609375 5.2819342613220215,
              -1.8999999761581421 6.1776304244995117 5.2059493064880371,
              -1.8999999761581421 6.6461071968078613 5.2175979614257812,
              -1.8999999761581421 7.104179859161377 5.3164706230163574,
              -1.8999999761581421 7.5357527732849121 5.4990930557250977,
              -1.8999999761581421 7.9256620407104492 5.7590494155883789,
              -1.8999999761581421 8.2602071762084961 6.0872044563293457,
              -1.8999999761581421 8.5276336669921875 6.4720287322998047,
              -1.8999999761581421 8.7185440063476562 6.9000000953674316,
              -1.8999999761581421 8.7185440063476562 8.5,
              -3.5 8.7185440063476562 8.5,
              -1.8999999761581421 8.7185440063476562 8.5,
              -1.8999999761581421 15.859999656677246 8.5,
              -1.8999999761581421 8.7185440063476562 8.5,
              -1.8999999761581421 8.5276336669921875 8.9279708862304688,
              -1.8999999761581421 8.2602071762084961 9.3127956390380859,
              -1.8999999761581421 7.9256620407104492 9.6409502029418945,
              -1.8999999761581421 7.5357527732849121 9.9009065628051758,
              -1.8999999761581421 7.104179859161377 10.083529472351074,
              -1.8999999761581421 6.6461071968078613 10.182402610778809,
              -1.8999999761581421 6.1776304244995117 10.194050788879395,
              -1.8999999761581421 5.7152099609375 10.11806583404541,
              -1.8999999761581421 5.2750940322875977 9.9571170806884766,
              -1.8999999761581421 4.8727474212646484 9.7168598175048828,
              -1.8999999761581421 4.5223069190979004 9.4057369232177734,
              -1.8999999761581421 4.2360858917236328 9.0346784591674805,
              -1.8999999761581421 4.024141788482666 8.6167240142822266,
              -1.8999999761581421 3.8939213752746582 8.1665592193603516,
              -1.8999999761581421 3.8499999046325684 7.6999998092651367,
              -1.8999999761581421 3.8939213752746582 7.2334408760070801,
              -1.8999999761581421 4.024141788482666 6.7832756042480469,
              -1.8999999761581421 4.2360858917236328 6.365321159362793,
              -1.8999999761581421 4.5223069190979004 5.9942631721496582,
              -1.8999999761581421 4.8727474212646484 5.6831398010253906,
              -1.8999999761581421 5.2750940322875977 5.4428830146789551,
              -1.8999999761581421 5.7152099609375 5.2819342613220215,
              -1.8999999761581421 6.1776304244995117 5.2059493064880371,
              -1.8999999761581421 6.6461071968078613 5.2175979614257812,
              -1.8999999761581421 7.104179859161377 5.3164706230163574,
              -1.8999999761581421 7.5357527732849121 5.4990930557250977,
              -1.8999999761581421 7.9256620407104492 5.7590494155883789,
              -1.8999999761581421 8.2602071762084961 6.0872044563293457,
              -1.8999999761581421 8.5276336669921875 6.4720287322998047,
              -1.8999999761581421 8.7185440063476562 6.9000000953674316,
              -1.8999999761581421 8.7185440063476562 6.9000000953674316,
              -1.8999999761581421 15.859999656677246 6.9000000953674316,
              -1.8999999761581421 15.859999656677246 6.9000000953674316,
              -1.8999999761581421 15.859999656677246 8.5,
              ]
            }
            coordIndex  [
              8, 9, -1,
              10, 11, 12, 13, 14, 15, 16, 17, 18, 19, 20, 21, 22, 23, 24, 25, 26, 27, 28, 29, 30, 31, 32, 33, 34, 35, 36, 37, 38, 39, 40, -1,
              41, 42, -1,
              43, 44, -1,
              45, 46, -1,
              47, 48, -1,
              49, 50, -1,
              51, 52, -1,
              53, 54, -1,
              55, 56, -1,
              57, 58, -1,
              59, 60, 61, 62, 63, 64, 65, 66, 67, 68, 69, 70, 71, 72, 73, 74, 75, 76, 77, 78, 79, 80, 81, 82, 83, 84, 85, 86, 87, 88, 89, -1,
              90, 91, -1,
              92, 93, 94, 95, 96, 97, 98, 99, 100, 101, 102, 103, 104, 105, 106, 107, 108, 109, 110, 111, 112, 113, 114, 115, 116, 117, 118, 119, 120, 121, 122, -1,
              123, 124, -1,
              125, 126, -1,
              127, 128, -1,
              129, 130, -1,
              131, 132, -1,
              133, 134, -1,
              135, 136, -1,
              137, 138, -1,
              139, 140, -1,
              141, 142, -1,
              143, 144, -1,
              145, 146, -1,
              147, 148, -1,
              149, 150, -1,
              151, 152, 153, 154, 155, 156, 157, 158, 159, 160, 161, 162, 163, 164, 165, 166, 167, 168, 169, 170, 171, 172, 173, 174, 175, 176, 177, 178, 179, 180, 181, -1,
              182, 183, -1,
              184, 185, 186, 187, 188, 189, 190, 191, 192, 193, 194, 195, 196, 197, 198, 199, 200, 201, 202, 203, 204, 205, 206, 207, 208, 209, 210, 211, 212, 213, 214, -1,
              215, 216, -1,
              217, 218, -1,
              219, 220, 221, 222, 223, 224, 225, 226, 227, 228, 229, 230, 231, 232, 233, 234, 235, 236, 237, 238, 239, 240, 241, 242, 243, 244, 245, 246, 247, 248, 249, -1,
              250, 251, -1,
              252, 253, -1,
            ]
          }
        }
        Shape {
          appearance Appearance {
            material Material {
              ambientIntensity 0
              emissiveColor 0 0 0
              diffuseColor 1 1 1
              specularColor 0 0 0
              shininess 0.0078125
              transparency 0
              }
            }
          geometry PointSet {
            coord Coordinate {              point [                            -3.5 8.7185440063476562 8.5,
                            -3.5 15.859999656677246 8.5,
                            -3.5 8.7185440063476562 6.9000000953674316,
                            -3.5 15.859999656677246 6.9000000953674316,
                            -1.8999999761581421 15.859999656677246 8.5,
                            -1.8999999761581421 8.7185440063476562 8.5,
                            -1.8999999761581421 15.859999656677246 6.9000000953674316,
                            -1.8999999761581421 8.7185440063476562 6.9000000953674316,
              ]
            }
          }
        }
      ]
    }
    Transform {
      translation 0 0 0
      rotation 0 0 1 0
      scale 1 1 1
      children [
        Shape {
          appearance Appearance {
            material Material {
              ambientIntensity 0
              diffuseColor 0.079999998872734152 0.079999998872734152 0.079999998872734152
              specularColor 0 0 0
              shininess 0.0078125
              transparency 0
              }
            }
          geometry IndexedFaceSet {
            solid FALSE
            coord DEF VTKcoordinates Coordinate {
              point [
              -5 22.059999465942383 5.6999998092651367,
              -5 22.860000610351562 6.5,
              -5 22.820844650268555 6.2527866363525391,
              -5 22.70721435546875 6.0297718048095703,
              -5 22.530227661132812 5.8527865409851074,
              -5 22.307212829589844 5.7391548156738281,
              -5 22.860000610351562 8.8999996185302734,
              -5 22.307212829589844 9.6608448028564453,
              -5 22.70721435546875 9.3702278137207031,
              -5 22.820844650268555 9.1472139358520508,
              -5 22.530227661132812 9.5472135543823242,
              -5 22.059999465942383 9.6999998092651367,
              -5 16.18977165222168 5.8527865409851074,
              -5 16.659999847412109 5.6999998092651367,
              -5 16.412786483764648 5.7391548156738281,
              -5 16.012786865234375 6.0297718048095703,
              -5 15.899154663085938 6.2527866363525391,
              -5 15.859999656677246 6.5,
              -5 16.659999847412109 9.6999998092651367,
              -5 15.859999656677246 8.8999996185302734,
              -5 15.899154663085938 9.1472139358520508,
              -5 16.012786865234375 9.3702278137207031,
              -5 16.412786483764648 9.6608448028564453,
              -5 16.18977165222168 9.5472135543823242,
              -0.40000000596046448 15.859999656677246 8.8999996185302734,
              -5 15.859999656677246 6.5,
              -0.40000000596046448 15.859999656677246 6.5,
              -5 15.859999656677246 8.8999996185302734,
              -0.40000000596046448 15.899154663085938 6.2527866363525391,
              -5 15.859999656677246 6.5,
              -5 15.899154663085938 6.2527866363525391,
              -0.40000000596046448 15.859999656677246 6.5,
              -0.40000000596046448 16.012786865234375 6.0297718048095703,
              -5 16.012786865234375 6.0297718048095703,
              -5 16.18977165222168 5.8527865409851074,
              -0.40000000596046448 16.18977165222168 5.8527865409851074,
              -0.40000000596046448 16.412786483764648 5.7391548156738281,
              -5 16.412786483764648 5.7391548156738281,
              -5 16.659999847412109 5.6999998092651367,
              -0.40000000596046448 16.659999847412109 5.6999998092651367,
              -0.40000000596046448 15.899154663085938 9.1472139358520508,
              -5 15.899154663085938 9.1472139358520508,
              -5 15.859999656677246 8.8999996185302734,
              -0.40000000596046448 15.859999656677246 8.8999996185302734,
              -0.40000000596046448 16.012786865234375 9.3702278137207031,
              -5 16.012786865234375 9.3702278137207031,
              -5 16.18977165222168 9.5472135543823242,
              -0.40000000596046448 16.18977165222168 9.5472135543823242,
              -0.40000000596046448 16.412786483764648 9.6608448028564453,
              -5 16.412786483764648 9.6608448028564453,
              -5 16.659999847412109 9.6999998092651367,
              -0.40000000596046448 16.659999847412109 9.6999998092651367,
              -0.40000000596046448 22.059999465942383 5.6999998092651367,
              -5 16.659999847412109 5.6999998092651367,
              -5 22.059999465942383 5.6999998092651367,
              -0.40000000596046448 16.659999847412109 5.6999998092651367,
              -0.40000000596046448 22.059999465942383 9.6999998092651367,
              -5 22.059999465942383 9.6999998092651367,
              -5 16.659999847412109 9.6999998092651367,
              -0.40000000596046448 16.659999847412109 9.6999998092651367,
              -0.40000000596046448 22.820844650268555 6.2527866363525391,
              -5 22.820844650268555 6.2527866363525391,
              -5 22.860000610351562 6.5,
              -0.40000000596046448 22.860000610351562 6.5,
              -0.40000000596046448 22.70721435546875 6.0297718048095703,
              -5 22.70721435546875 6.0297718048095703,
              -5 22.530227661132812 5.8527865409851074,
              -0.40000000596046448 22.530227661132812 5.8527865409851074,
              -0.40000000596046448 22.307212829589844 5.7391548156738281,
              -5 22.307212829589844 5.7391548156738281,
              -5 22.059999465942383 5.6999998092651367,
              -0.40000000596046448 22.059999465942383 5.6999998092651367,
              -0.40000000596046448 22.820844650268555 9.1472139358520508,
              -5 22.860000610351562 8.8999996185302734,
              -5 22.820844650268555 9.1472139358520508,
              -0.40000000596046448 22.860000610351562 8.8999996185302734,
              -0.40000000596046448 22.70721435546875 9.3702278137207031,
              -5 22.70721435546875 9.3702278137207031,
              -5 22.530227661132812 9.5472135543823242,
              -0.40000000596046448 22.530227661132812 9.5472135543823242,
              -0.40000000596046448 22.307212829589844 9.6608448028564453,
              -5 22.307212829589844 9.6608448028564453,
              -5 22.059999465942383 9.6999998092651367,
              -0.40000000596046448 22.059999465942383 9.6999998092651367,
              -0.40000000596046448 22.860000610351562 8.8999996185302734,
              -0.40000000596046448 22.860000610351562 6.5,
              -5 22.860000610351562 6.5,
              -5 22.860000610351562 8.8999996185302734,
              -0.40000000596046448 22.059999465942383 5.6999998092651367,
              -0.40000000596046448 22.820844650268555 6.2527866363525391,
              -0.40000000596046448 22.860000610351562 6.5,
              -0.40000000596046448 22.70721435546875 6.0297718048095703,
              -0.40000000596046448 22.530227661132812 5.8527865409851074,
              -0.40000000596046448 22.307212829589844 5.7391548156738281,
              -0.40000000596046448 22.860000610351562 8.8999996185302734,
              -0.40000000596046448 22.307212829589844 9.6608448028564453,
              -0.40000000596046448 22.820844650268555 9.1472139358520508,
              -0.40000000596046448 22.70721435546875 9.3702278137207031,
              -0.40000000596046448 22.530227661132812 9.5472135543823242,
              -0.40000000596046448 22.059999465942383 9.6999998092651367,
              -0.40000000596046448 16.18977165222168 5.8527865409851074,
              -0.40000000596046448 16.412786483764648 5.7391548156738281,
              -0.40000000596046448 16.659999847412109 5.6999998092651367,
              -0.40000000596046448 16.012786865234375 6.0297718048095703,
              -0.40000000596046448 15.899154663085938 6.2527866363525391,
              -0.40000000596046448 15.859999656677246 6.5,
              -0.40000000596046448 16.659999847412109 9.6999998092651367,
              -0.40000000596046448 15.859999656677246 8.8999996185302734,
              -0.40000000596046448 15.899154663085938 9.1472139358520508,
              -0.40000000596046448 16.012786865234375 9.3702278137207031,
              -0.40000000596046448 16.412786483764648 9.6608448028564453,
              -0.40000000596046448 16.18977165222168 9.5472135543823242,
              ]
            }
            normal DEF VTKnormals Normal {
              vector [
           -1 0 0,
           -1 0 0,
           -1 0 0,
           -1 0 0,
           -1 0 0,
           -1 0 0,
           -1 0 0,
           -1 0 0,
           -1 0 0,
           -1 0 0,
           -1 0 0,
           -1 0 0,
           -1 0 0,
           -1 0 0,
           -1 0 0,
           -1 0 0,
           -1 0 0,
           -1 0 0,
           -1 0 0,
           -1 0 0,
           -1 0 0,
           -1 0 0,
           -1 0 0,
           -1 0 0,
           0 -1 0,
           0 -1 0,
           0 -1 0,
           0 -1 0,
           0 -0.95105654001235962 -0.30901700258255005,
           0 -1 0,
           0 -0.95105654001235962 -0.30901700258255005,
           0 -1 0,
           0 -0.80901700258255005 -0.58778524398803711,
           0 -0.80901700258255005 -0.58778524398803711,
           0 -0.58778524398803711 -0.80901700258255005,
           0 -0.58778524398803711 -0.80901700258255005,
           0 -0.30901700258255005 -0.95105654001235962,
           0 -0.30901700258255005 -0.95105654001235962,
           0 -6.1232342629258393e-17 -1,
           0 -6.1232342629258393e-17 -1,
           -0 -0.95105654001235962 0.30901700258255005,
           -0 -0.95105654001235962 0.30901700258255005,
           -0 -1 0,
           -0 -1 0,
           -0 -0.80901700258255005 0.58778524398803711,
           -0 -0.80901700258255005 0.58778524398803711,
           -0 -0.58778524398803711 0.80901700258255005,
           -0 -0.58778524398803711 0.80901700258255005,
           -0 -0.30901700258255005 0.95105654001235962,
           -0 -0.30901700258255005 0.95105654001235962,
           -0 -6.1232342629258393e-17 1,
           -0 -6.1232342629258393e-17 1,
           0 -0 -1,
           0 -0 -1,
           0 -0 -1,
           0 -0 -1,
           0 0 1,
           0 0 1,
           0 0 1,
           0 0 1,
           -0 0.95105654001235962 -0.30901700258255005,
           -0 0.95105654001235962 -0.30901700258255005,
           -0 1 -0,
           -0 1 -0,
           -0 0.80901700258255005 -0.58778524398803711,
           -0 0.80901700258255005 -0.58778524398803711,
           -0 0.58778524398803711 -0.80901700258255005,
           -0 0.58778524398803711 -0.80901700258255005,
           -0 0.30901700258255005 -0.95105654001235962,
           -0 0.30901700258255005 -0.95105654001235962,
           -0 6.1232342629258393e-17 -1,
           -0 6.1232342629258393e-17 -1,
           -0 0.95105654001235962 0.30901700258255005,
           -0 1 0,
           -0 0.95105654001235962 0.30901700258255005,
           -0 1 0,
           -0 0.80901700258255005 0.58778524398803711,
           -0 0.80901700258255005 0.58778524398803711,
           -0 0.58778524398803711 0.80901700258255005,
           -0 0.58778524398803711 0.80901700258255005,
           -0 0.30901700258255005 0.95105654001235962,
           -0 0.30901700258255005 0.95105654001235962,
           -0 6.1232342629258393e-17 1,
           -0 6.1232342629258393e-17 1,
           0 1 0,
           0 1 0,
           0 1 0,
           0 1 0,
           1 0 0,
           1 0 0,
           1 0 0,
           1 0 0,
           1 0 0,
           1 0 0,
           1 0 0,
           1 0 0,
           1 0 0,
           1 0 0,
           1 0 0,
           1 0 0,
           1 0 0,
           1 0 0,
           1 0 0,
           1 0 0,
           1 0 0,
           1 0 0,
           1 0 0,
           1 0 0,
           1 0 0,
           1 0 0,
           1 0 0,
           1 0 0,
            ]
          }
            coordIndex  [
              0, 1, 2, -1,
              0, 2, 3, -1,
              0, 3, 4, -1,
              0, 4, 5, -1,
              6, 1, 0, -1,
              7, 8, 9, -1,
              7, 10, 8, -1,
              11, 9, 6, -1,
              11, 6, 0, -1,
              11, 7, 9, -1,
              12, 13, 14, -1,
              15, 13, 12, -1,
              16, 13, 15, -1,
              17, 13, 16, -1,
              18, 0, 13, -1,
              18, 11, 0, -1,
              19, 18, 13, -1,
              19, 13, 17, -1,
              20, 18, 19, -1,
              21, 22, 18, -1,
              21, 18, 20, -1,
              23, 22, 21, -1,
              24, 25, 26, -1,
              24, 27, 25, -1,
              28, 29, 30, -1,
              28, 31, 29, -1,
              32, 30, 33, -1,
              32, 33, 34, -1,
              32, 28, 30, -1,
              35, 32, 34, -1,
              36, 34, 37, -1,
              36, 37, 38, -1,
              36, 35, 34, -1,
              39, 36, 38, -1,
              40, 41, 42, -1,
              40, 42, 43, -1,
              44, 45, 41, -1,
              44, 46, 45, -1,
              44, 41, 40, -1,
              47, 46, 44, -1,
              48, 49, 46, -1,
              48, 50, 49, -1,
              48, 46, 47, -1,
              51, 50, 48, -1,
              52, 53, 54, -1,
              52, 55, 53, -1,
              56, 57, 58, -1,
              56, 58, 59, -1,
              60, 61, 62, -1,
              60, 62, 63, -1,
              64, 65, 61, -1,
              64, 66, 65, -1,
              64, 61, 60, -1,
              67, 66, 64, -1,
              68, 69, 66, -1,
              68, 70, 69, -1,
              68, 66, 67, -1,
              71, 70, 68, -1,
              72, 73, 74, -1,
              72, 75, 73, -1,
              76, 74, 77, -1,
              76, 77, 78, -1,
              76, 72, 74, -1,
              79, 76, 78, -1,
              80, 78, 81, -1,
              80, 81, 82, -1,
              80, 79, 78, -1,
              83, 80, 82, -1,
              84, 85, 86, -1,
              84, 86, 87, -1,
              88, 89, 90, -1,
              88, 91, 89, -1,
              88, 92, 91, -1,
              88, 93, 92, -1,
              94, 88, 90, -1,
              95, 96, 97, -1,
              95, 97, 98, -1,
              99, 94, 96, -1,
              99, 88, 94, -1,
              99, 96, 95, -1,
              100, 101, 102, -1,
              103, 100, 102, -1,
              104, 103, 102, -1,
              105, 104, 102, -1,
              106, 102, 88, -1,
              106, 88, 99, -1,
              107, 102, 106, -1,
              107, 105, 102, -1,
              108, 107, 106, -1,
              109, 106, 110, -1,
              109, 108, 106, -1,
              111, 109, 110, -1,
            ]
          }
        }
      ]
    }
    Transform {
      translation 0 0 0
      rotation 0 0 1 0
      scale 1 1 1
      children [
        Shape {
          appearance Appearance {
            material Material {
              ambientIntensity 0
              emissiveColor 0 0 0
              diffuseColor 1 1 1
              specularColor 0 0 0
              shininess 0.0078125
              transparency 0
              }
            }
          geometry IndexedLineSet {
            coord DEF VTKcoordinates Coordinate {
              point [
              -5 15.859999656677246 6.5,
              -5 15.859999656677246 8.8999996185302734,
              -5 16.659999847412109 5.6999998092651367,
              -5 16.659999847412109 9.6999998092651367,
              -5 22.059999465942383 5.6999998092651367,
              -5 22.059999465942383 9.6999998092651367,
              -5 22.860000610351562 6.5,
              -5 22.860000610351562 8.8999996185302734,
              -0.40000000596046448 15.859999656677246 6.5,
              -0.40000000596046448 15.859999656677246 8.8999996185302734,
              -0.40000000596046448 16.659999847412109 5.6999998092651367,
              -0.40000000596046448 16.659999847412109 9.6999998092651367,
              -0.40000000596046448 22.059999465942383 5.6999998092651367,
              -0.40000000596046448 22.059999465942383 9.6999998092651367,
              -0.40000000596046448 22.860000610351562 6.5,
              -0.40000000596046448 22.860000610351562 8.8999996185302734,
              -5 15.859999656677246 6.5,
              -5 15.859999656677246 8.8999996185302734,
              -5 15.859999656677246 6.5,
              -5 15.899154663085938 6.2527866363525391,
              -5 16.012786865234375 6.0297718048095703,
              -5 16.18977165222168 5.8527865409851074,
              -5 16.412786483764648 5.7391548156738281,
              -5 16.659999847412109 5.6999998092651367,
              -5 15.859999656677246 8.8999996185302734,
              -5 15.899154663085938 9.1472139358520508,
              -5 16.012786865234375 9.3702278137207031,
              -5 16.18977165222168 9.5472135543823242,
              -5 16.412786483764648 9.6608448028564453,
              -5 16.659999847412109 9.6999998092651367,
              -5 16.659999847412109 5.6999998092651367,
              -5 22.059999465942383 5.6999998092651367,
              -5 16.659999847412109 9.6999998092651367,
              -5 22.059999465942383 9.6999998092651367,
              -5 22.860000610351562 6.5,
              -5 22.820844650268555 6.2527866363525391,
              -5 22.70721435546875 6.0297718048095703,
              -5 22.530227661132812 5.8527865409851074,
              -5 22.307212829589844 5.7391548156738281,
              -5 22.059999465942383 5.6999998092651367,
              -5 22.860000610351562 8.8999996185302734,
              -5 22.820844650268555 9.1472139358520508,
              -5 22.70721435546875 9.3702278137207031,
              -5 22.530227661132812 9.5472135543823242,
              -5 22.307212829589844 9.6608448028564453,
              -5 22.059999465942383 9.6999998092651367,
              -5 22.860000610351562 6.5,
              -5 22.860000610351562 8.8999996185302734,
              -0.40000000596046448 15.859999656677246 6.5,
              -0.40000000596046448 15.859999656677246 8.8999996185302734,
              -5 15.859999656677246 6.5,
              -0.40000000596046448 15.859999656677246 6.5,
              -5 15.859999656677246 8.8999996185302734,
              -0.40000000596046448 15.859999656677246 8.8999996185302734,
              -5 16.659999847412109 5.6999998092651367,
              -0.40000000596046448 16.659999847412109 5.6999998092651367,
              -0.40000000596046448 15.859999656677246 6.5,
              -0.40000000596046448 15.899154663085938 6.2527866363525391,
              -0.40000000596046448 16.012786865234375 6.0297718048095703,
              -0.40000000596046448 16.18977165222168 5.8527865409851074,
              -0.40000000596046448 16.412786483764648 5.7391548156738281,
              -0.40000000596046448 16.659999847412109 5.6999998092651367,
              -5 16.659999847412109 9.6999998092651367,
              -0.40000000596046448 16.659999847412109 9.6999998092651367,
              -0.40000000596046448 15.859999656677246 8.8999996185302734,
              -0.40000000596046448 15.899154663085938 9.1472139358520508,
              -0.40000000596046448 16.012786865234375 9.3702278137207031,
              -0.40000000596046448 16.18977165222168 9.5472135543823242,
              -0.40000000596046448 16.412786483764648 9.6608448028564453,
              -0.40000000596046448 16.659999847412109 9.6999998092651367,
              -5 22.059999465942383 5.6999998092651367,
              -0.40000000596046448 22.059999465942383 5.6999998092651367,
              -0.40000000596046448 16.659999847412109 5.6999998092651367,
              -0.40000000596046448 22.059999465942383 5.6999998092651367,
              -5 22.059999465942383 9.6999998092651367,
              -0.40000000596046448 22.059999465942383 9.6999998092651367,
              -0.40000000596046448 16.659999847412109 9.6999998092651367,
              -0.40000000596046448 22.059999465942383 9.6999998092651367,
              -5 22.860000610351562 6.5,
              -0.40000000596046448 22.860000610351562 6.5,
              -0.40000000596046448 22.860000610351562 6.5,
              -0.40000000596046448 22.820844650268555 6.2527866363525391,
              -0.40000000596046448 22.70721435546875 6.0297718048095703,
              -0.40000000596046448 22.530227661132812 5.8527865409851074,
              -0.40000000596046448 22.307212829589844 5.7391548156738281,
              -0.40000000596046448 22.059999465942383 5.6999998092651367,
              -5 22.860000610351562 8.8999996185302734,
              -0.40000000596046448 22.860000610351562 8.8999996185302734,
              -0.40000000596046448 22.860000610351562 8.8999996185302734,
              -0.40000000596046448 22.820844650268555 9.1472139358520508,
              -0.40000000596046448 22.70721435546875 9.3702278137207031,
              -0.40000000596046448 22.530227661132812 9.5472135543823242,
              -0.40000000596046448 22.307212829589844 9.6608448028564453,
              -0.40000000596046448 22.059999465942383 9.6999998092651367,
              -0.40000000596046448 22.860000610351562 6.5,
              -0.40000000596046448 22.860000610351562 8.8999996185302734,
              -5 15.859999656677246 6.5,
              -5 15.859999656677246 8.8999996185302734,
              -5 15.859999656677246 6.5,
              -5 15.899154663085938 6.2527866363525391,
              -5 16.012786865234375 6.0297718048095703,
              -5 16.18977165222168 5.8527865409851074,
              -5 16.412786483764648 5.7391548156738281,
              -5 16.659999847412109 5.6999998092651367,
              -5 15.859999656677246 8.8999996185302734,
              -5 15.899154663085938 9.1472139358520508,
              -5 16.012786865234375 9.3702278137207031,
              -5 16.18977165222168 9.5472135543823242,
              -5 16.412786483764648 9.6608448028564453,
              -5 16.659999847412109 9.6999998092651367,
              -5 16.659999847412109 5.6999998092651367,
              -5 22.059999465942383 5.6999998092651367,
              -5 16.659999847412109 9.6999998092651367,
              -5 22.059999465942383 9.6999998092651367,
              -5 22.860000610351562 6.5,
              -5 22.820844650268555 6.2527866363525391,
              -5 22.70721435546875 6.0297718048095703,
              -5 22.530227661132812 5.8527865409851074,
              -5 22.307212829589844 5.7391548156738281,
              -5 22.059999465942383 5.6999998092651367,
              -5 22.860000610351562 8.8999996185302734,
              -5 22.820844650268555 9.1472139358520508,
              -5 22.70721435546875 9.3702278137207031,
              -5 22.530227661132812 9.5472135543823242,
              -5 22.307212829589844 9.6608448028564453,
              -5 22.059999465942383 9.6999998092651367,
              -5 22.860000610351562 6.5,
              -5 22.860000610351562 8.8999996185302734,
              -0.40000000596046448 15.859999656677246 6.5,
              -0.40000000596046448 15.859999656677246 8.8999996185302734,
              -5 15.859999656677246 6.5,
              -0.40000000596046448 15.859999656677246 6.5,
              -5 15.859999656677246 8.8999996185302734,
              -0.40000000596046448 15.859999656677246 8.8999996185302734,
              -5 15.859999656677246 6.5,
              -5 15.859999656677246 8.8999996185302734,
              -5 15.859999656677246 6.5,
              -5 15.899154663085938 6.2527866363525391,
              -5 16.012786865234375 6.0297718048095703,
              -5 16.18977165222168 5.8527865409851074,
              -5 16.412786483764648 5.7391548156738281,
              -5 16.659999847412109 5.6999998092651367,
              -5 15.859999656677246 6.5,
              -0.40000000596046448 15.859999656677246 6.5,
              -5 16.659999847412109 5.6999998092651367,
              -0.40000000596046448 16.659999847412109 5.6999998092651367,
              -0.40000000596046448 15.859999656677246 6.5,
              -0.40000000596046448 15.899154663085938 6.2527866363525391,
              -0.40000000596046448 16.012786865234375 6.0297718048095703,
              -0.40000000596046448 16.18977165222168 5.8527865409851074,
              -0.40000000596046448 16.412786483764648 5.7391548156738281,
              -0.40000000596046448 16.659999847412109 5.6999998092651367,
              -5 15.859999656677246 8.8999996185302734,
              -5 15.899154663085938 9.1472139358520508,
              -5 16.012786865234375 9.3702278137207031,
              -5 16.18977165222168 9.5472135543823242,
              -5 16.412786483764648 9.6608448028564453,
              -5 16.659999847412109 9.6999998092651367,
              -5 15.859999656677246 8.8999996185302734,
              -0.40000000596046448 15.859999656677246 8.8999996185302734,
              -5 16.659999847412109 9.6999998092651367,
              -0.40000000596046448 16.659999847412109 9.6999998092651367,
              -0.40000000596046448 15.859999656677246 8.8999996185302734,
              -0.40000000596046448 15.899154663085938 9.1472139358520508,
              -0.40000000596046448 16.012786865234375 9.3702278137207031,
              -0.40000000596046448 16.18977165222168 9.5472135543823242,
              -0.40000000596046448 16.412786483764648 9.6608448028564453,
              -0.40000000596046448 16.659999847412109 9.6999998092651367,
              -5 16.659999847412109 5.6999998092651367,
              -5 22.059999465942383 5.6999998092651367,
              -5 16.659999847412109 5.6999998092651367,
              -0.40000000596046448 16.659999847412109 5.6999998092651367,
              -5 22.059999465942383 5.6999998092651367,
              -0.40000000596046448 22.059999465942383 5.6999998092651367,
              -0.40000000596046448 16.659999847412109 5.6999998092651367,
              -0.40000000596046448 22.059999465942383 5.6999998092651367,
              -5 16.659999847412109 9.6999998092651367,
              -5 22.059999465942383 9.6999998092651367,
              -5 16.659999847412109 9.6999998092651367,
              -0.40000000596046448 16.659999847412109 9.6999998092651367,
              -5 22.059999465942383 9.6999998092651367,
              -0.40000000596046448 22.059999465942383 9.6999998092651367,
              -0.40000000596046448 16.659999847412109 9.6999998092651367,
              -0.40000000596046448 22.059999465942383 9.6999998092651367,
              -5 22.860000610351562 6.5,
              -5 22.820844650268555 6.2527866363525391,
              -5 22.70721435546875 6.0297718048095703,
              -5 22.530227661132812 5.8527865409851074,
              -5 22.307212829589844 5.7391548156738281,
              -5 22.059999465942383 5.6999998092651367,
              -5 22.860000610351562 6.5,
              -0.40000000596046448 22.860000610351562 6.5,
              -5 22.059999465942383 5.6999998092651367,
              -0.40000000596046448 22.059999465942383 5.6999998092651367,
              -0.40000000596046448 22.860000610351562 6.5,
              -0.40000000596046448 22.820844650268555 6.2527866363525391,
              -0.40000000596046448 22.70721435546875 6.0297718048095703,
              -0.40000000596046448 22.530227661132812 5.8527865409851074,
              -0.40000000596046448 22.307212829589844 5.7391548156738281,
              -0.40000000596046448 22.059999465942383 5.6999998092651367,
              -5 22.860000610351562 8.8999996185302734,
              -5 22.820844650268555 9.1472139358520508,
              -5 22.70721435546875 9.3702278137207031,
              -5 22.530227661132812 9.5472135543823242,
              -5 22.307212829589844 9.6608448028564453,
              -5 22.059999465942383 9.6999998092651367,
              -5 22.860000610351562 8.8999996185302734,
              -0.40000000596046448 22.860000610351562 8.8999996185302734,
              -5 22.059999465942383 9.6999998092651367,
              -0.40000000596046448 22.059999465942383 9.6999998092651367,
              -0.40000000596046448 22.860000610351562 8.8999996185302734,
              -0.40000000596046448 22.820844650268555 9.1472139358520508,
              -0.40000000596046448 22.70721435546875 9.3702278137207031,
              -0.40000000596046448 22.530227661132812 9.5472135543823242,
              -0.40000000596046448 22.307212829589844 9.6608448028564453,
              -0.40000000596046448 22.059999465942383 9.6999998092651367,
              -0.40000000596046448 22.860000610351562 6.5,
              -0.40000000596046448 22.860000610351562 8.8999996185302734,
              -5 22.860000610351562 6.5,
              -0.40000000596046448 22.860000610351562 6.5,
              -5 22.860000610351562 8.8999996185302734,
              -0.40000000596046448 22.860000610351562 8.8999996185302734,
              -5 22.860000610351562 6.5,
              -5 22.860000610351562 8.8999996185302734,
              -0.40000000596046448 15.859999656677246 6.5,
              -0.40000000596046448 15.859999656677246 8.8999996185302734,
              -0.40000000596046448 15.859999656677246 6.5,
              -0.40000000596046448 15.899154663085938 6.2527866363525391,
              -0.40000000596046448 16.012786865234375 6.0297718048095703,
              -0.40000000596046448 16.18977165222168 5.8527865409851074,
              -0.40000000596046448 16.412786483764648 5.7391548156738281,
              -0.40000000596046448 16.659999847412109 5.6999998092651367,
              -0.40000000596046448 15.859999656677246 8.8999996185302734,
              -0.40000000596046448 15.899154663085938 9.1472139358520508,
              -0.40000000596046448 16.012786865234375 9.3702278137207031,
              -0.40000000596046448 16.18977165222168 9.5472135543823242,
              -0.40000000596046448 16.412786483764648 9.6608448028564453,
              -0.40000000596046448 16.659999847412109 9.6999998092651367,
              -0.40000000596046448 16.659999847412109 5.6999998092651367,
              -0.40000000596046448 22.059999465942383 5.6999998092651367,
              -0.40000000596046448 16.659999847412109 9.6999998092651367,
              -0.40000000596046448 22.059999465942383 9.6999998092651367,
              -0.40000000596046448 22.860000610351562 6.5,
              -0.40000000596046448 22.820844650268555 6.2527866363525391,
              -0.40000000596046448 22.70721435546875 6.0297718048095703,
              -0.40000000596046448 22.530227661132812 5.8527865409851074,
              -0.40000000596046448 22.307212829589844 5.7391548156738281,
              -0.40000000596046448 22.059999465942383 5.6999998092651367,
              -0.40000000596046448 22.860000610351562 8.8999996185302734,
              -0.40000000596046448 22.820844650268555 9.1472139358520508,
              -0.40000000596046448 22.70721435546875 9.3702278137207031,
              -0.40000000596046448 22.530227661132812 9.5472135543823242,
              -0.40000000596046448 22.307212829589844 9.6608448028564453,
              -0.40000000596046448 22.059999465942383 9.6999998092651367,
              -0.40000000596046448 22.860000610351562 6.5,
              -0.40000000596046448 22.860000610351562 8.8999996185302734,
              ]
            }
            coordIndex  [
              16, 17, -1,
              18, 19, 20, 21, 22, 23, -1,
              24, 25, 26, 27, 28, 29, -1,
              30, 31, -1,
              32, 33, -1,
              34, 35, 36, 37, 38, 39, -1,
              40, 41, 42, 43, 44, 45, -1,
              46, 47, -1,
              48, 49, -1,
              50, 51, -1,
              52, 53, -1,
              54, 55, -1,
              56, 57, 58, 59, 60, 61, -1,
              62, 63, -1,
              64, 65, 66, 67, 68, 69, -1,
              70, 71, -1,
              72, 73, -1,
              74, 75, -1,
              76, 77, -1,
              78, 79, -1,
              80, 81, 82, 83, 84, 85, -1,
              86, 87, -1,
              88, 89, 90, 91, 92, 93, -1,
              94, 95, -1,
              96, 97, -1,
              98, 99, 100, 101, 102, 103, -1,
              104, 105, 106, 107, 108, 109, -1,
              110, 111, -1,
              112, 113, -1,
              114, 115, 116, 117, 118, 119, -1,
              120, 121, 122, 123, 124, 125, -1,
              126, 127, -1,
              128, 129, -1,
              130, 131, -1,
              132, 133, -1,
              134, 135, -1,
              136, 137, 138, 139, 140, 141, -1,
              142, 143, -1,
              144, 145, -1,
              146, 147, 148, 149, 150, 151, -1,
              152, 153, 154, 155, 156, 157, -1,
              158, 159, -1,
              160, 161, -1,
              162, 163, 164, 165, 166, 167, -1,
              168, 169, -1,
              170, 171, -1,
              172, 173, -1,
              174, 175, -1,
              176, 177, -1,
              178, 179, -1,
              180, 181, -1,
              182, 183, -1,
              184, 185, 186, 187, 188, 189, -1,
              190, 191, -1,
              192, 193, -1,
              194, 195, 196, 197, 198, 199, -1,
              200, 201, 202, 203, 204, 205, -1,
              206, 207, -1,
              208, 209, -1,
              210, 211, 212, 213, 214, 215, -1,
              216, 217, -1,
              218, 219, -1,
              220, 221, -1,
              222, 223, -1,
              224, 225, -1,
              226, 227, 228, 229, 230, 231, -1,
              232, 233, 234, 235, 236, 237, -1,
              238, 239, -1,
              240, 241, -1,
              242, 243, 244, 245, 246, 247, -1,
              248, 249, 250, 251, 252, 253, -1,
              254, 255, -1,
            ]
          }
        }
        Shape {
          appearance Appearance {
            material Material {
              ambientIntensity 0
              emissiveColor 0 0 0
              diffuseColor 1 1 1
              specularColor 0 0 0
              shininess 0.0078125
              transparency 0
              }
            }
          geometry PointSet {
            coord Coordinate {              point [                            -5 15.859999656677246 6.5,
                            -5 15.859999656677246 8.8999996185302734,
                            -5 16.659999847412109 5.6999998092651367,
                            -5 16.659999847412109 9.6999998092651367,
                            -5 22.059999465942383 5.6999998092651367,
                            -5 22.059999465942383 9.6999998092651367,
                            -5 22.860000610351562 6.5,
                            -5 22.860000610351562 8.8999996185302734,
                            -0.40000000596046448 15.859999656677246 6.5,
                            -0.40000000596046448 15.859999656677246 8.8999996185302734,
                            -0.40000000596046448 16.659999847412109 5.6999998092651367,
                            -0.40000000596046448 16.659999847412109 9.6999998092651367,
                            -0.40000000596046448 22.059999465942383 5.6999998092651367,
                            -0.40000000596046448 22.059999465942383 9.6999998092651367,
                            -0.40000000596046448 22.860000610351562 6.5,
                            -0.40000000596046448 22.860000610351562 8.8999996185302734,
              ]
            }
          }
        }
      ]
    }
    Transform {
      translation 0 0 0
      rotation 0 0 1 0
      scale 1 1 1
      children [
        Shape {
          appearance Appearance {
            material Material {
              ambientIntensity 0
              diffuseColor 0.85000001271841907 0.67999999081094586 0.25000000067158873
              specularColor 0 0 0
              shininess 0.0078125
              transparency 0
              }
            }
          geometry IndexedFaceSet {
            solid FALSE
            coord DEF VTKcoordinates Coordinate {
              point [
              1.6838894223046058e-17 0.27500000596046448 -3.5,
              0.27500000596046448 0 1,
              0.27500000596046448 0 -3.5,
              1.6838894223046058e-17 0.27500000596046448 1,
              -0.27500000596046448 3.3677788446092116e-17 -3.5,
              -0.27500000596046448 3.3677788446092116e-17 1,
              -5.0516681014776949e-17 -0.27500000596046448 1,
              -5.0516681014776949e-17 -0.27500000596046448 -3.5,
              0.27500000596046448 0 -3.5,
              0.27500000596046448 0 1,
              1.6838894223046058e-17 0.27500000596046448 -3.5,
              -5.0516681014776949e-17 -0.27500000596046448 -3.5,
              -0.27500000596046448 3.3677788446092116e-17 -3.5,
              0.27500000596046448 0 -3.5,
              1.6838894223046058e-17 0.27500000596046448 1,
              -0.27500000596046448 3.3677788446092116e-17 1,
              -5.0516681014776949e-17 -0.27500000596046448 1,
              0.27500000596046448 0 1,
              15.239999771118164 0.27500000596046448 -3.5,
              15.515000343322754 0 1,
              15.515000343322754 0 -3.5,
              15.239999771118164 0.27500000596046448 1,
              14.965000152587891 3.3677788446092116e-17 -3.5,
              14.965000152587891 3.3677788446092116e-17 1,
              15.239999771118164 -0.27500000596046448 1,
              15.239999771118164 -0.27500000596046448 -3.5,
              15.515000343322754 0 -3.5,
              15.515000343322754 0 1,
              15.239999771118164 0.27500000596046448 -3.5,
              15.239999771118164 -0.27500000596046448 -3.5,
              14.965000152587891 3.3677788446092116e-17 -3.5,
              15.515000343322754 0 -3.5,
              15.239999771118164 0.27500000596046448 1,
              14.965000152587891 3.3677788446092116e-17 1,
              15.239999771118164 -0.27500000596046448 1,
              15.515000343322754 0 1,
              1.6838894223046058e-17 -2.2650001049041748 -3.5,
              0.27500000596046448 -2.5399999618530273 1,
              0.27500000596046448 -2.5399999618530273 -3.5,
              1.6838894223046058e-17 -2.2650001049041748 1,
              -0.27500000596046448 -2.5399999618530273 -3.5,
              -0.27500000596046448 -2.5399999618530273 1,
              -5.0516681014776949e-17 -2.815000057220459 1,
              -5.0516681014776949e-17 -2.815000057220459 -3.5,
              0.27500000596046448 -2.5399999618530273 -3.5,
              0.27500000596046448 -2.5399999618530273 1,
              1.6838894223046058e-17 -2.2650001049041748 -3.5,
              -5.0516681014776949e-17 -2.815000057220459 -3.5,
              -0.27500000596046448 -2.5399999618530273 -3.5,
              0.27500000596046448 -2.5399999618530273 -3.5,
              1.6838894223046058e-17 -2.2650001049041748 1,
              -0.27500000596046448 -2.5399999618530273 1,
              -5.0516681014776949e-17 -2.815000057220459 1,
              0.27500000596046448 -2.5399999618530273 1,
              15.239999771118164 -2.2650001049041748 -3.5,
              15.515000343322754 -2.5399999618530273 1,
              15.515000343322754 -2.5399999618530273 -3.5,
              15.239999771118164 -2.2650001049041748 1,
              14.965000152587891 -2.5399999618530273 -3.5,
              14.965000152587891 -2.5399999618530273 1,
              15.239999771118164 -2.815000057220459 1,
              15.239999771118164 -2.815000057220459 -3.5,
              15.515000343322754 -2.5399999618530273 -3.5,
              15.515000343322754 -2.5399999618530273 1,
              15.239999771118164 -2.2650001049041748 -3.5,
              15.239999771118164 -2.815000057220459 -3.5,
              14.965000152587891 -2.5399999618530273 -3.5,
              15.515000343322754 -2.5399999618530273 -3.5,
              15.239999771118164 -2.2650001049041748 1,
              14.965000152587891 -2.5399999618530273 1,
              15.239999771118164 -2.815000057220459 1,
              15.515000343322754 -2.5399999618530273 1,
              1.6838894223046058e-17 -4.804999828338623 -3.5,
              0.27500000596046448 -5.0799999237060547 1,
              0.27500000596046448 -5.0799999237060547 -3.5,
              1.6838894223046058e-17 -4.804999828338623 1,
              -0.27500000596046448 -5.0799999237060547 -3.5,
              -0.27500000596046448 -5.0799999237060547 1,
              -5.0516681014776949e-17 -5.3550000190734863 1,
              -5.0516681014776949e-17 -5.3550000190734863 -3.5,
              0.27500000596046448 -5.0799999237060547 -3.5,
              0.27500000596046448 -5.0799999237060547 1,
              0.27500000596046448 -5.0799999237060547 -3.5,
              -5.0516681014776949e-17 -5.3550000190734863 -3.5,
              -0.27500000596046448 -5.0799999237060547 -3.5,
              1.6838894223046058e-17 -4.804999828338623 -3.5,
              0.27500000596046448 -5.0799999237060547 1,
              -0.27500000596046448 -5.0799999237060547 1,
              -5.0516681014776949e-17 -5.3550000190734863 1,
              1.6838894223046058e-17 -4.804999828338623 1,
              15.239999771118164 -4.804999828338623 -3.5,
              15.515000343322754 -5.0799999237060547 1,
              15.515000343322754 -5.0799999237060547 -3.5,
              15.239999771118164 -4.804999828338623 1,
              14.965000152587891 -5.0799999237060547 -3.5,
              14.965000152587891 -5.0799999237060547 1,
              15.239999771118164 -5.3550000190734863 1,
              15.239999771118164 -5.3550000190734863 -3.5,
              15.515000343322754 -5.0799999237060547 -3.5,
              15.515000343322754 -5.0799999237060547 1,
              15.239999771118164 -4.804999828338623 -3.5,
              15.239999771118164 -5.3550000190734863 -3.5,
              14.965000152587891 -5.0799999237060547 -3.5,
              15.515000343322754 -5.0799999237060547 -3.5,
              15.239999771118164 -4.804999828338623 1,
              14.965000152587891 -5.0799999237060547 1,
              15.239999771118164 -5.3550000190734863 1,
              15.515000343322754 -5.0799999237060547 1,
              1.6838894223046058e-17 -7.3449997901916504 -3.5,
              0.27500000596046448 -7.619999885559082 1,
              0.27500000596046448 -7.619999885559082 -3.5,
              1.6838894223046058e-17 -7.3449997901916504 1,
              -0.27500000596046448 -7.619999885559082 -3.5,
              -0.27500000596046448 -7.619999885559082 1,
              -5.0516681014776949e-17 -7.8949999809265137 1,
              -5.0516681014776949e-17 -7.8949999809265137 -3.5,
              0.27500000596046448 -7.619999885559082 -3.5,
              0.27500000596046448 -7.619999885559082 1,
              0.27500000596046448 -7.619999885559082 -3.5,
              -5.0516681014776949e-17 -7.8949999809265137 -3.5,
              -0.27500000596046448 -7.619999885559082 -3.5,
              1.6838894223046058e-17 -7.3449997901916504 -3.5,
              0.27500000596046448 -7.619999885559082 1,
              -0.27500000596046448 -7.619999885559082 1,
              -5.0516681014776949e-17 -7.8949999809265137 1,
              1.6838894223046058e-17 -7.3449997901916504 1,
              15.239999771118164 -7.3449997901916504 -3.5,
              15.515000343322754 -7.619999885559082 1,
              15.515000343322754 -7.619999885559082 -3.5,
              15.239999771118164 -7.3449997901916504 1,
              14.965000152587891 -7.619999885559082 -3.5,
              14.965000152587891 -7.619999885559082 1,
              15.239999771118164 -7.8949999809265137 1,
              15.239999771118164 -7.8949999809265137 -3.5,
              15.515000343322754 -7.619999885559082 -3.5,
              15.515000343322754 -7.619999885559082 1,
              15.239999771118164 -7.3449997901916504 -3.5,
              15.239999771118164 -7.8949999809265137 -3.5,
              14.965000152587891 -7.619999885559082 -3.5,
              15.515000343322754 -7.619999885559082 -3.5,
              15.239999771118164 -7.3449997901916504 1,
              14.965000152587891 -7.619999885559082 1,
              15.239999771118164 -7.8949999809265137 1,
              15.515000343322754 -7.619999885559082 1,
              1.6838894223046058e-17 -9.8850002288818359 -3.5,
              0.27500000596046448 -10.159999847412109 1,
              0.27500000596046448 -10.159999847412109 -3.5,
              1.6838894223046058e-17 -9.8850002288818359 1,
              -0.27500000596046448 -10.159999847412109 -3.5,
              -0.27500000596046448 -10.159999847412109 1,
              -5.0516681014776949e-17 -10.435000419616699 1,
              -5.0516681014776949e-17 -10.435000419616699 -3.5,
              0.27500000596046448 -10.159999847412109 -3.5,
              0.27500000596046448 -10.159999847412109 1,
              0.27500000596046448 -10.159999847412109 -3.5,
              -5.0516681014776949e-17 -10.435000419616699 -3.5,
              -0.27500000596046448 -10.159999847412109 -3.5,
              1.6838894223046058e-17 -9.8850002288818359 -3.5,
              0.27500000596046448 -10.159999847412109 1,
              -0.27500000596046448 -10.159999847412109 1,
              -5.0516681014776949e-17 -10.435000419616699 1,
              1.6838894223046058e-17 -9.8850002288818359 1,
              15.239999771118164 -9.8850002288818359 -3.5,
              15.515000343322754 -10.159999847412109 1,
              15.515000343322754 -10.159999847412109 -3.5,
              15.239999771118164 -9.8850002288818359 1,
              14.965000152587891 -10.159999847412109 -3.5,
              14.965000152587891 -10.159999847412109 1,
              15.239999771118164 -10.435000419616699 1,
              15.239999771118164 -10.435000419616699 -3.5,
              15.515000343322754 -10.159999847412109 -3.5,
              15.515000343322754 -10.159999847412109 1,
              15.239999771118164 -9.8850002288818359 -3.5,
              15.239999771118164 -10.435000419616699 -3.5,
              14.965000152587891 -10.159999847412109 -3.5,
              15.515000343322754 -10.159999847412109 -3.5,
              15.239999771118164 -9.8850002288818359 1,
              14.965000152587891 -10.159999847412109 1,
              15.239999771118164 -10.435000419616699 1,
              15.515000343322754 -10.159999847412109 1,
              1.6838894223046058e-17 -12.425000190734863 -3.5,
              0.27500000596046448 -12.699999809265137 1,
              0.27500000596046448 -12.699999809265137 -3.5,
              1.6838894223046058e-17 -12.425000190734863 1,
              -0.27500000596046448 -12.699999809265137 -3.5,
              -0.27500000596046448 -12.699999809265137 1,
              -5.0516681014776949e-17 -12.975000381469727 1,
              -5.0516681014776949e-17 -12.975000381469727 -3.5,
              0.27500000596046448 -12.699999809265137 -3.5,
              0.27500000596046448 -12.699999809265137 1,
              0.27500000596046448 -12.699999809265137 -3.5,
              -5.0516681014776949e-17 -12.975000381469727 -3.5,
              -0.27500000596046448 -12.699999809265137 -3.5,
              1.6838894223046058e-17 -12.425000190734863 -3.5,
              0.27500000596046448 -12.699999809265137 1,
              -0.27500000596046448 -12.699999809265137 1,
              -5.0516681014776949e-17 -12.975000381469727 1,
              1.6838894223046058e-17 -12.425000190734863 1,
              15.239999771118164 -12.425000190734863 -3.5,
              15.515000343322754 -12.699999809265137 1,
              15.515000343322754 -12.699999809265137 -3.5,
              15.239999771118164 -12.425000190734863 1,
              14.965000152587891 -12.699999809265137 -3.5,
              14.965000152587891 -12.699999809265137 1,
              15.239999771118164 -12.975000381469727 1,
              15.239999771118164 -12.975000381469727 -3.5,
              15.515000343322754 -12.699999809265137 -3.5,
              15.515000343322754 -12.699999809265137 1,
              15.239999771118164 -12.425000190734863 -3.5,
              15.239999771118164 -12.975000381469727 -3.5,
              14.965000152587891 -12.699999809265137 -3.5,
              15.515000343322754 -12.699999809265137 -3.5,
              15.239999771118164 -12.425000190734863 1,
              14.965000152587891 -12.699999809265137 1,
              15.239999771118164 -12.975000381469727 1,
              15.515000343322754 -12.699999809265137 1,
              1.6838894223046058e-17 -14.965000152587891 -3.5,
              0.27500000596046448 -15.239999771118164 1,
              0.27500000596046448 -15.239999771118164 -3.5,
              1.6838894223046058e-17 -14.965000152587891 1,
              -0.27500000596046448 -15.239999771118164 -3.5,
              -0.27500000596046448 -15.239999771118164 1,
              -5.0516681014776949e-17 -15.515000343322754 1,
              -5.0516681014776949e-17 -15.515000343322754 -3.5,
              0.27500000596046448 -15.239999771118164 -3.5,
              0.27500000596046448 -15.239999771118164 1,
              0.27500000596046448 -15.239999771118164 -3.5,
              -5.0516681014776949e-17 -15.515000343322754 -3.5,
              -0.27500000596046448 -15.239999771118164 -3.5,
              1.6838894223046058e-17 -14.965000152587891 -3.5,
              0.27500000596046448 -15.239999771118164 1,
              -0.27500000596046448 -15.239999771118164 1,
              -5.0516681014776949e-17 -15.515000343322754 1,
              1.6838894223046058e-17 -14.965000152587891 1,
              15.239999771118164 -14.965000152587891 -3.5,
              15.515000343322754 -15.239999771118164 1,
              15.515000343322754 -15.239999771118164 -3.5,
              15.239999771118164 -14.965000152587891 1,
              14.965000152587891 -15.239999771118164 -3.5,
              14.965000152587891 -15.239999771118164 1,
              15.239999771118164 -15.515000343322754 1,
              15.239999771118164 -15.515000343322754 -3.5,
              15.515000343322754 -15.239999771118164 -3.5,
              15.515000343322754 -15.239999771118164 1,
              15.239999771118164 -14.965000152587891 -3.5,
              15.239999771118164 -15.515000343322754 -3.5,
              14.965000152587891 -15.239999771118164 -3.5,
              15.515000343322754 -15.239999771118164 -3.5,
              15.239999771118164 -14.965000152587891 1,
              14.965000152587891 -15.239999771118164 1,
              15.239999771118164 -15.515000343322754 1,
              15.515000343322754 -15.239999771118164 1,
              1.6838894223046058e-17 -17.504999160766602 -3.5,
              0.27500000596046448 -17.780000686645508 1,
              0.27500000596046448 -17.780000686645508 -3.5,
              1.6838894223046058e-17 -17.504999160766602 1,
              -0.27500000596046448 -17.780000686645508 -3.5,
              -0.27500000596046448 -17.780000686645508 1,
              -5.0516681014776949e-17 -18.055000305175781 1,
              -5.0516681014776949e-17 -18.055000305175781 -3.5,
              0.27500000596046448 -17.780000686645508 -3.5,
              0.27500000596046448 -17.780000686645508 1,
              1.6838894223046058e-17 -17.504999160766602 -3.5,
              -5.0516681014776949e-17 -18.055000305175781 -3.5,
              -0.27500000596046448 -17.780000686645508 -3.5,
              0.27500000596046448 -17.780000686645508 -3.5,
              1.6838894223046058e-17 -17.504999160766602 1,
              -0.27500000596046448 -17.780000686645508 1,
              -5.0516681014776949e-17 -18.055000305175781 1,
              0.27500000596046448 -17.780000686645508 1,
              15.239999771118164 -17.504999160766602 -3.5,
              15.515000343322754 -17.780000686645508 1,
              15.515000343322754 -17.780000686645508 -3.5,
              15.239999771118164 -17.504999160766602 1,
              14.965000152587891 -17.780000686645508 -3.5,
              14.965000152587891 -17.780000686645508 1,
              15.239999771118164 -18.055000305175781 1,
              15.239999771118164 -18.055000305175781 -3.5,
              15.515000343322754 -17.780000686645508 -3.5,
              15.515000343322754 -17.780000686645508 1,
              15.239999771118164 -17.504999160766602 -3.5,
              15.239999771118164 -18.055000305175781 -3.5,
              14.965000152587891 -17.780000686645508 -3.5,
              15.515000343322754 -17.780000686645508 -3.5,
              15.239999771118164 -17.504999160766602 1,
              14.965000152587891 -17.780000686645508 1,
              15.239999771118164 -18.055000305175781 1,
              15.515000343322754 -17.780000686645508 1,
              1.6838894223046058e-17 -20.045000076293945 -3.5,
              0.27500000596046448 -20.319999694824219 1,
              0.27500000596046448 -20.319999694824219 -3.5,
              1.6838894223046058e-17 -20.045000076293945 1,
              -0.27500000596046448 -20.319999694824219 -3.5,
              -0.27500000596046448 -20.319999694824219 1,
              -5.0516681014776949e-17 -20.594999313354492 1,
              -5.0516681014776949e-17 -20.594999313354492 -3.5,
              0.27500000596046448 -20.319999694824219 -3.5,
              0.27500000596046448 -20.319999694824219 1,
              1.6838894223046058e-17 -20.045000076293945 -3.5,
              -5.0516681014776949e-17 -20.594999313354492 -3.5,
              -0.27500000596046448 -20.319999694824219 -3.5,
              0.27500000596046448 -20.319999694824219 -3.5,
              1.6838894223046058e-17 -20.045000076293945 1,
              -0.27500000596046448 -20.319999694824219 1,
              -5.0516681014776949e-17 -20.594999313354492 1,
              0.27500000596046448 -20.319999694824219 1,
              15.239999771118164 -20.045000076293945 -3.5,
              15.515000343322754 -20.319999694824219 1,
              15.515000343322754 -20.319999694824219 -3.5,
              15.239999771118164 -20.045000076293945 1,
              14.965000152587891 -20.319999694824219 -3.5,
              14.965000152587891 -20.319999694824219 1,
              15.239999771118164 -20.594999313354492 1,
              15.239999771118164 -20.594999313354492 -3.5,
              15.515000343322754 -20.319999694824219 -3.5,
              15.515000343322754 -20.319999694824219 1,
              15.239999771118164 -20.045000076293945 -3.5,
              15.239999771118164 -20.594999313354492 -3.5,
              14.965000152587891 -20.319999694824219 -3.5,
              15.515000343322754 -20.319999694824219 -3.5,
              15.239999771118164 -20.045000076293945 1,
              14.965000152587891 -20.319999694824219 1,
              15.239999771118164 -20.594999313354492 1,
              15.515000343322754 -20.319999694824219 1,
              1.6838894223046058e-17 -22.584999084472656 -3.5,
              0.27500000596046448 -22.860000610351562 1,
              0.27500000596046448 -22.860000610351562 -3.5,
              1.6838894223046058e-17 -22.584999084472656 1,
              -0.27500000596046448 -22.860000610351562 -3.5,
              -0.27500000596046448 -22.860000610351562 1,
              -5.0516681014776949e-17 -23.135000228881836 1,
              -5.0516681014776949e-17 -23.135000228881836 -3.5,
              0.27500000596046448 -22.860000610351562 -3.5,
              0.27500000596046448 -22.860000610351562 1,
              1.6838894223046058e-17 -22.584999084472656 -3.5,
              -5.0516681014776949e-17 -23.135000228881836 -3.5,
              -0.27500000596046448 -22.860000610351562 -3.5,
              0.27500000596046448 -22.860000610351562 -3.5,
              1.6838894223046058e-17 -22.584999084472656 1,
              -0.27500000596046448 -22.860000610351562 1,
              -5.0516681014776949e-17 -23.135000228881836 1,
              0.27500000596046448 -22.860000610351562 1,
              15.239999771118164 -22.584999084472656 -3.5,
              15.515000343322754 -22.860000610351562 1,
              15.515000343322754 -22.860000610351562 -3.5,
              15.239999771118164 -22.584999084472656 1,
              14.965000152587891 -22.860000610351562 -3.5,
              14.965000152587891 -22.860000610351562 1,
              15.239999771118164 -23.135000228881836 1,
              15.239999771118164 -23.135000228881836 -3.5,
              15.515000343322754 -22.860000610351562 -3.5,
              15.515000343322754 -22.860000610351562 1,
              15.239999771118164 -22.584999084472656 -3.5,
              15.239999771118164 -23.135000228881836 -3.5,
              14.965000152587891 -22.860000610351562 -3.5,
              15.515000343322754 -22.860000610351562 -3.5,
              15.239999771118164 -22.584999084472656 1,
              14.965000152587891 -22.860000610351562 1,
              15.239999771118164 -23.135000228881836 1,
              15.515000343322754 -22.860000610351562 1,
              1.6838894223046058e-17 -25.125 -3.5,
              0.27500000596046448 -25.399999618530273 1,
              0.27500000596046448 -25.399999618530273 -3.5,
              1.6838894223046058e-17 -25.125 1,
              -0.27500000596046448 -25.399999618530273 -3.5,
              -0.27500000596046448 -25.399999618530273 1,
              -5.0516681014776949e-17 -25.674999237060547 1,
              -5.0516681014776949e-17 -25.674999237060547 -3.5,
              0.27500000596046448 -25.399999618530273 -3.5,
              0.27500000596046448 -25.399999618530273 1,
              1.6838894223046058e-17 -25.125 -3.5,
              -5.0516681014776949e-17 -25.674999237060547 -3.5,
              -0.27500000596046448 -25.399999618530273 -3.5,
              0.27500000596046448 -25.399999618530273 -3.5,
              1.6838894223046058e-17 -25.125 1,
              -0.27500000596046448 -25.399999618530273 1,
              -5.0516681014776949e-17 -25.674999237060547 1,
              0.27500000596046448 -25.399999618530273 1,
              15.239999771118164 -25.125 -3.5,
              15.515000343322754 -25.399999618530273 1,
              15.515000343322754 -25.399999618530273 -3.5,
              15.239999771118164 -25.125 1,
              14.965000152587891 -25.399999618530273 -3.5,
              14.965000152587891 -25.399999618530273 1,
              15.239999771118164 -25.674999237060547 1,
              15.239999771118164 -25.674999237060547 -3.5,
              15.515000343322754 -25.399999618530273 -3.5,
              15.515000343322754 -25.399999618530273 1,
              15.239999771118164 -25.125 -3.5,
              15.239999771118164 -25.674999237060547 -3.5,
              14.965000152587891 -25.399999618530273 -3.5,
              15.515000343322754 -25.399999618530273 -3.5,
              15.239999771118164 -25.125 1,
              14.965000152587891 -25.399999618530273 1,
              15.239999771118164 -25.674999237060547 1,
              15.515000343322754 -25.399999618530273 1,
              1.6838894223046058e-17 -27.665000915527344 -3.5,
              0.27500000596046448 -27.940000534057617 1,
              0.27500000596046448 -27.940000534057617 -3.5,
              1.6838894223046058e-17 -27.665000915527344 1,
              -0.27500000596046448 -27.940000534057617 -3.5,
              -0.27500000596046448 -27.940000534057617 1,
              -5.0516681014776949e-17 -28.215000152587891 1,
              -5.0516681014776949e-17 -28.215000152587891 -3.5,
              0.27500000596046448 -27.940000534057617 -3.5,
              0.27500000596046448 -27.940000534057617 1,
              1.6838894223046058e-17 -27.665000915527344 -3.5,
              -5.0516681014776949e-17 -28.215000152587891 -3.5,
              -0.27500000596046448 -27.940000534057617 -3.5,
              0.27500000596046448 -27.940000534057617 -3.5,
              1.6838894223046058e-17 -27.665000915527344 1,
              -0.27500000596046448 -27.940000534057617 1,
              -5.0516681014776949e-17 -28.215000152587891 1,
              0.27500000596046448 -27.940000534057617 1,
              15.239999771118164 -27.665000915527344 -3.5,
              15.515000343322754 -27.940000534057617 1,
              15.515000343322754 -27.940000534057617 -3.5,
              15.239999771118164 -27.665000915527344 1,
              14.965000152587891 -27.940000534057617 -3.5,
              14.965000152587891 -27.940000534057617 1,
              15.239999771118164 -28.215000152587891 1,
              15.239999771118164 -28.215000152587891 -3.5,
              15.515000343322754 -27.940000534057617 -3.5,
              15.515000343322754 -27.940000534057617 1,
              15.239999771118164 -27.665000915527344 -3.5,
              15.239999771118164 -28.215000152587891 -3.5,
              14.965000152587891 -27.940000534057617 -3.5,
              15.515000343322754 -27.940000534057617 -3.5,
              15.239999771118164 -27.665000915527344 1,
              14.965000152587891 -27.940000534057617 1,
              15.239999771118164 -28.215000152587891 1,
              15.515000343322754 -27.940000534057617 1,
              1.6838894223046058e-17 -30.204999923706055 -3.5,
              0.27500000596046448 -30.479999542236328 1,
              0.27500000596046448 -30.479999542236328 -3.5,
              1.6838894223046058e-17 -30.204999923706055 1,
              -0.27500000596046448 -30.479999542236328 -3.5,
              -0.27500000596046448 -30.479999542236328 1,
              -5.0516681014776949e-17 -30.754999160766602 1,
              -5.0516681014776949e-17 -30.754999160766602 -3.5,
              0.27500000596046448 -30.479999542236328 -3.5,
              0.27500000596046448 -30.479999542236328 1,
              1.6838894223046058e-17 -30.204999923706055 -3.5,
              -5.0516681014776949e-17 -30.754999160766602 -3.5,
              -0.27500000596046448 -30.479999542236328 -3.5,
              0.27500000596046448 -30.479999542236328 -3.5,
              1.6838894223046058e-17 -30.204999923706055 1,
              -0.27500000596046448 -30.479999542236328 1,
              -5.0516681014776949e-17 -30.754999160766602 1,
              0.27500000596046448 -30.479999542236328 1,
              15.239999771118164 -30.204999923706055 -3.5,
              15.515000343322754 -30.479999542236328 1,
              15.515000343322754 -30.479999542236328 -3.5,
              15.239999771118164 -30.204999923706055 1,
              14.965000152587891 -30.479999542236328 -3.5,
              14.965000152587891 -30.479999542236328 1,
              15.239999771118164 -30.754999160766602 1,
              15.239999771118164 -30.754999160766602 -3.5,
              15.515000343322754 -30.479999542236328 -3.5,
              15.515000343322754 -30.479999542236328 1,
              15.239999771118164 -30.204999923706055 -3.5,
              15.239999771118164 -30.754999160766602 -3.5,
              14.965000152587891 -30.479999542236328 -3.5,
              15.515000343322754 -30.479999542236328 -3.5,
              15.239999771118164 -30.204999923706055 1,
              14.965000152587891 -30.479999542236328 1,
              15.239999771118164 -30.754999160766602 1,
              15.515000343322754 -30.479999542236328 1,
              1.6838894223046058e-17 -32.744998931884766 -3.5,
              0.27500000596046448 -33.020000457763672 1,
              0.27500000596046448 -33.020000457763672 -3.5,
              1.6838894223046058e-17 -32.744998931884766 1,
              -0.27500000596046448 -33.020000457763672 -3.5,
              -0.27500000596046448 -33.020000457763672 1,
              -5.0516681014776949e-17 -33.294998168945312 1,
              -5.0516681014776949e-17 -33.294998168945312 -3.5,
              0.27500000596046448 -33.020000457763672 -3.5,
              0.27500000596046448 -33.020000457763672 1,
              1.6838894223046058e-17 -32.744998931884766 -3.5,
              -5.0516681014776949e-17 -33.294998168945312 -3.5,
              -0.27500000596046448 -33.020000457763672 -3.5,
              0.27500000596046448 -33.020000457763672 -3.5,
              1.6838894223046058e-17 -32.744998931884766 1,
              -0.27500000596046448 -33.020000457763672 1,
              -5.0516681014776949e-17 -33.294998168945312 1,
              0.27500000596046448 -33.020000457763672 1,
              15.239999771118164 -32.744998931884766 -3.5,
              15.515000343322754 -33.020000457763672 1,
              15.515000343322754 -33.020000457763672 -3.5,
              15.239999771118164 -32.744998931884766 1,
              14.965000152587891 -33.020000457763672 -3.5,
              14.965000152587891 -33.020000457763672 1,
              15.239999771118164 -33.294998168945312 1,
              15.239999771118164 -33.294998168945312 -3.5,
              15.515000343322754 -33.020000457763672 -3.5,
              15.515000343322754 -33.020000457763672 1,
              15.239999771118164 -32.744998931884766 -3.5,
              15.239999771118164 -33.294998168945312 -3.5,
              14.965000152587891 -33.020000457763672 -3.5,
              15.515000343322754 -33.020000457763672 -3.5,
              15.239999771118164 -32.744998931884766 1,
              14.965000152587891 -33.020000457763672 1,
              15.239999771118164 -33.294998168945312 1,
              15.515000343322754 -33.020000457763672 1,
              1.6838894223046058e-17 -35.284999847412109 -3.5,
              0.27500000596046448 -35.560001373291016 1,
              0.27500000596046448 -35.560001373291016 -3.5,
              1.6838894223046058e-17 -35.284999847412109 1,
              -0.27500000596046448 -35.560001373291016 -3.5,
              -0.27500000596046448 -35.560001373291016 1,
              -5.0516681014776949e-17 -35.834999084472656 1,
              -5.0516681014776949e-17 -35.834999084472656 -3.5,
              0.27500000596046448 -35.560001373291016 -3.5,
              0.27500000596046448 -35.560001373291016 1,
              1.6838894223046058e-17 -35.284999847412109 -3.5,
              -5.0516681014776949e-17 -35.834999084472656 -3.5,
              -0.27500000596046448 -35.560001373291016 -3.5,
              0.27500000596046448 -35.560001373291016 -3.5,
              1.6838894223046058e-17 -35.284999847412109 1,
              -0.27500000596046448 -35.560001373291016 1,
              -5.0516681014776949e-17 -35.834999084472656 1,
              0.27500000596046448 -35.560001373291016 1,
              15.239999771118164 -35.284999847412109 -3.5,
              15.515000343322754 -35.560001373291016 1,
              15.515000343322754 -35.560001373291016 -3.5,
              15.239999771118164 -35.284999847412109 1,
              14.965000152587891 -35.560001373291016 -3.5,
              14.965000152587891 -35.560001373291016 1,
              15.239999771118164 -35.834999084472656 1,
              15.239999771118164 -35.834999084472656 -3.5,
              15.515000343322754 -35.560001373291016 -3.5,
              15.515000343322754 -35.560001373291016 1,
              15.239999771118164 -35.284999847412109 -3.5,
              15.239999771118164 -35.834999084472656 -3.5,
              14.965000152587891 -35.560001373291016 -3.5,
              15.515000343322754 -35.560001373291016 -3.5,
              15.239999771118164 -35.284999847412109 1,
              14.965000152587891 -35.560001373291016 1,
              15.239999771118164 -35.834999084472656 1,
              15.515000343322754 -35.560001373291016 1,
              1.6838894223046058e-17 -37.825000762939453 -3.5,
              0.27500000596046448 -38.099998474121094 1,
              0.27500000596046448 -38.099998474121094 -3.5,
              1.6838894223046058e-17 -37.825000762939453 1,
              -0.27500000596046448 -38.099998474121094 -3.5,
              -0.27500000596046448 -38.099998474121094 1,
              -5.0516681014776949e-17 -38.375 1,
              -5.0516681014776949e-17 -38.375 -3.5,
              0.27500000596046448 -38.099998474121094 -3.5,
              0.27500000596046448 -38.099998474121094 1,
              1.6838894223046058e-17 -37.825000762939453 -3.5,
              -5.0516681014776949e-17 -38.375 -3.5,
              -0.27500000596046448 -38.099998474121094 -3.5,
              0.27500000596046448 -38.099998474121094 -3.5,
              1.6838894223046058e-17 -37.825000762939453 1,
              -0.27500000596046448 -38.099998474121094 1,
              -5.0516681014776949e-17 -38.375 1,
              0.27500000596046448 -38.099998474121094 1,
              15.239999771118164 -37.825000762939453 -3.5,
              15.515000343322754 -38.099998474121094 1,
              15.515000343322754 -38.099998474121094 -3.5,
              15.239999771118164 -37.825000762939453 1,
              14.965000152587891 -38.099998474121094 -3.5,
              14.965000152587891 -38.099998474121094 1,
              15.239999771118164 -38.375 1,
              15.239999771118164 -38.375 -3.5,
              15.515000343322754 -38.099998474121094 -3.5,
              15.515000343322754 -38.099998474121094 1,
              15.239999771118164 -37.825000762939453 -3.5,
              15.239999771118164 -38.375 -3.5,
              14.965000152587891 -38.099998474121094 -3.5,
              15.515000343322754 -38.099998474121094 -3.5,
              15.239999771118164 -37.825000762939453 1,
              14.965000152587891 -38.099998474121094 1,
              15.239999771118164 -38.375 1,
              15.515000343322754 -38.099998474121094 1,
              ]
            }
            normal DEF VTKnormals Normal {
              vector [
           6.1232342629258393e-17 1 -0,
           1 -0 -0,
           1 -0 -0,
           6.1232342629258393e-17 1 -0,
           -1 1.2246468525851679e-16 -0,
           -1 1.2246468525851679e-16 -0,
           -1.8369701465288538e-16 -1 0,
           -1.8369701465288538e-16 -1 0,
           1 -2.4492937051703357e-16 -0,
           1 -2.4492937051703357e-16 -0,
           -0 -0 -1,
           -0 -0 -1,
           -0 -0 -1,
           -0 -0 -1,
           0 0 1,
           0 0 1,
           0 0 1,
           0 0 1,
           6.1232342629258393e-17 1 -0,
           1 -0 -0,
           1 -0 -0,
           6.1232342629258393e-17 1 -0,
           -1 1.2246468525851679e-16 -0,
           -1 1.2246468525851679e-16 -0,
           -1.8369701465288538e-16 -1 0,
           -1.8369701465288538e-16 -1 0,
           1 -2.4492937051703357e-16 -0,
           1 -2.4492937051703357e-16 -0,
           -0 -0 -1,
           -0 -0 -1,
           -0 -0 -1,
           -0 -0 -1,
           0 0 1,
           0 0 1,
           0 0 1,
           0 0 1,
           6.1232342629258393e-17 1 -0,
           1 -0 -0,
           1 -0 -0,
           6.1232342629258393e-17 1 -0,
           -1 1.2246468525851679e-16 -0,
           -1 1.2246468525851679e-16 -0,
           -1.8369701465288538e-16 -1 0,
           -1.8369701465288538e-16 -1 0,
           1 -2.4492937051703357e-16 -0,
           1 -2.4492937051703357e-16 -0,
           -0 -0 -1,
           -0 -0 -1,
           -0 -0 -1,
           -0 -0 -1,
           0 0 1,
           0 0 1,
           0 0 1,
           0 0 1,
           6.1232342629258393e-17 1 -0,
           1 -0 -0,
           1 -0 -0,
           6.1232342629258393e-17 1 -0,
           -1 1.2246468525851679e-16 -0,
           -1 1.2246468525851679e-16 -0,
           -1.8369701465288538e-16 -1 0,
           -1.8369701465288538e-16 -1 0,
           1 -2.4492937051703357e-16 -0,
           1 -2.4492937051703357e-16 -0,
           -0 -0 -1,
           -0 -0 -1,
           -0 -0 -1,
           -0 -0 -1,
           0 0 1,
           0 0 1,
           0 0 1,
           0 0 1,
           6.1232342629258393e-17 1 -0,
           1 -0 -0,
           1 -0 -0,
           6.1232342629258393e-17 1 -0,
           -1 1.2246468525851679e-16 -0,
           -1 1.2246468525851679e-16 -0,
           -1.8369701465288538e-16 -1 0,
           -1.8369701465288538e-16 -1 0,
           1 -2.4492937051703357e-16 -0,
           1 -2.4492937051703357e-16 -0,
           -0 -0 -1,
           -0 -0 -1,
           -0 -0 -1,
           -0 -0 -1,
           0 0 1,
           0 0 1,
           0 0 1,
           0 0 1,
           6.1232342629258393e-17 1 -0,
           1 -0 -0,
           1 -0 -0,
           6.1232342629258393e-17 1 -0,
           -1 1.2246468525851679e-16 -0,
           -1 1.2246468525851679e-16 -0,
           -1.8369701465288538e-16 -1 0,
           -1.8369701465288538e-16 -1 0,
           1 -2.4492937051703357e-16 -0,
           1 -2.4492937051703357e-16 -0,
           -0 -0 -1,
           -0 -0 -1,
           -0 -0 -1,
           -0 -0 -1,
           0 0 1,
           0 0 1,
           0 0 1,
           0 0 1,
           6.1232342629258393e-17 1 -0,
           1 -0 -0,
           1 -0 -0,
           6.1232342629258393e-17 1 -0,
           -1 1.2246468525851679e-16 -0,
           -1 1.2246468525851679e-16 -0,
           -1.8369701465288538e-16 -1 0,
           -1.8369701465288538e-16 -1 0,
           1 -2.4492937051703357e-16 -0,
           1 -2.4492937051703357e-16 -0,
           -0 -0 -1,
           -0 -0 -1,
           -0 -0 -1,
           -0 -0 -1,
           0 0 1,
           0 0 1,
           0 0 1,
           0 0 1,
           6.1232342629258393e-17 1 -0,
           1 -0 -0,
           1 -0 -0,
           6.1232342629258393e-17 1 -0,
           -1 1.2246468525851679e-16 -0,
           -1 1.2246468525851679e-16 -0,
           -1.8369701465288538e-16 -1 0,
           -1.8369701465288538e-16 -1 0,
           1 -2.4492937051703357e-16 -0,
           1 -2.4492937051703357e-16 -0,
           -0 -0 -1,
           -0 -0 -1,
           -0 -0 -1,
           -0 -0 -1,
           0 0 1,
           0 0 1,
           0 0 1,
           0 0 1,
           6.1232342629258393e-17 1 -0,
           1 -0 -0,
           1 -0 -0,
           6.1232342629258393e-17 1 -0,
           -1 1.2246468525851679e-16 -0,
           -1 1.2246468525851679e-16 -0,
           -1.8369701465288538e-16 -1 0,
           -1.8369701465288538e-16 -1 0,
           1 -2.4492937051703357e-16 -0,
           1 -2.4492937051703357e-16 -0,
           -0 -0 -1,
           -0 -0 -1,
           -0 -0 -1,
           -0 -0 -1,
           0 0 1,
           0 0 1,
           0 0 1,
           0 0 1,
           6.1232342629258393e-17 1 -0,
           1 -0 -0,
           1 -0 -0,
           6.1232342629258393e-17 1 -0,
           -1 1.2246468525851679e-16 -0,
           -1 1.2246468525851679e-16 -0,
           -1.8369701465288538e-16 -1 0,
           -1.8369701465288538e-16 -1 0,
           1 -2.4492937051703357e-16 -0,
           1 -2.4492937051703357e-16 -0,
           -0 -0 -1,
           -0 -0 -1,
           -0 -0 -1,
           -0 -0 -1,
           0 0 1,
           0 0 1,
           0 0 1,
           0 0 1,
           6.1232342629258393e-17 1 -0,
           1 -0 -0,
           1 -0 -0,
           6.1232342629258393e-17 1 -0,
           -1 1.2246468525851679e-16 -0,
           -1 1.2246468525851679e-16 -0,
           -1.8369701465288538e-16 -1 0,
           -1.8369701465288538e-16 -1 0,
           1 -2.4492937051703357e-16 -0,
           1 -2.4492937051703357e-16 -0,
           -0 -0 -1,
           -0 -0 -1,
           -0 -0 -1,
           -0 -0 -1,
           0 0 1,
           0 0 1,
           0 0 1,
           0 0 1,
           6.1232342629258393e-17 1 -0,
           1 -0 -0,
           1 -0 -0,
           6.1232342629258393e-17 1 -0,
           -1 1.2246468525851679e-16 -0,
           -1 1.2246468525851679e-16 -0,
           -1.8369701465288538e-16 -1 0,
           -1.8369701465288538e-16 -1 0,
           1 -2.4492937051703357e-16 -0,
           1 -2.4492937051703357e-16 -0,
           -0 -0 -1,
           -0 -0 -1,
           -0 -0 -1,
           -0 -0 -1,
           0 0 1,
           0 0 1,
           0 0 1,
           0 0 1,
           6.1232342629258393e-17 1 -0,
           1 -0 -0,
           1 -0 -0,
           6.1232342629258393e-17 1 -0,
           -1 1.2246468525851679e-16 -0,
           -1 1.2246468525851679e-16 -0,
           -1.8369701465288538e-16 -1 0,
           -1.8369701465288538e-16 -1 0,
           1 -2.4492937051703357e-16 -0,
           1 -2.4492937051703357e-16 -0,
           -0 -0 -1,
           -0 -0 -1,
           -0 -0 -1,
           -0 -0 -1,
           0 0 1,
           0 0 1,
           0 0 1,
           0 0 1,
           6.1232342629258393e-17 1 -0,
           1 -0 -0,
           1 -0 -0,
           6.1232342629258393e-17 1 -0,
           -1 1.2246468525851679e-16 -0,
           -1 1.2246468525851679e-16 -0,
           -1.8369701465288538e-16 -1 0,
           -1.8369701465288538e-16 -1 0,
           1 -2.4492937051703357e-16 -0,
           1 -2.4492937051703357e-16 -0,
           -0 -0 -1,
           -0 -0 -1,
           -0 -0 -1,
           -0 -0 -1,
           0 0 1,
           0 0 1,
           0 0 1,
           0 0 1,
           6.1232342629258393e-17 1 -0,
           1 -0 -0,
           1 -0 -0,
           6.1232342629258393e-17 1 -0,
           -1 1.2246468525851679e-16 -0,
           -1 1.2246468525851679e-16 -0,
           -1.8369701465288538e-16 -1 0,
           -1.8369701465288538e-16 -1 0,
           1 -2.4492937051703357e-16 -0,
           1 -2.4492937051703357e-16 -0,
           -0 -0 -1,
           -0 -0 -1,
           -0 -0 -1,
           -0 -0 -1,
           0 0 1,
           0 0 1,
           0 0 1,
           0 0 1,
           6.1232342629258393e-17 1 -0,
           1 -0 -0,
           1 -0 -0,
           6.1232342629258393e-17 1 -0,
           -1 1.2246468525851679e-16 -0,
           -1 1.2246468525851679e-16 -0,
           -1.8369701465288538e-16 -1 0,
           -1.8369701465288538e-16 -1 0,
           1 -2.4492937051703357e-16 -0,
           1 -2.4492937051703357e-16 -0,
           -0 -0 -1,
           -0 -0 -1,
           -0 -0 -1,
           -0 -0 -1,
           0 0 1,
           0 0 1,
           0 0 1,
           0 0 1,
           6.1232342629258393e-17 1 -0,
           1 -0 -0,
           1 -0 -0,
           6.1232342629258393e-17 1 -0,
           -1 1.2246468525851679e-16 -0,
           -1 1.2246468525851679e-16 -0,
           -1.8369701465288538e-16 -1 0,
           -1.8369701465288538e-16 -1 0,
           1 -2.4492937051703357e-16 -0,
           1 -2.4492937051703357e-16 -0,
           -0 -0 -1,
           -0 -0 -1,
           -0 -0 -1,
           -0 -0 -1,
           0 0 1,
           0 0 1,
           0 0 1,
           0 0 1,
           6.1232342629258393e-17 1 -0,
           1 -0 -0,
           1 -0 -0,
           6.1232342629258393e-17 1 -0,
           -1 1.2246468525851679e-16 -0,
           -1 1.2246468525851679e-16 -0,
           -1.8369701465288538e-16 -1 0,
           -1.8369701465288538e-16 -1 0,
           1 -2.4492937051703357e-16 -0,
           1 -2.4492937051703357e-16 -0,
           -0 -0 -1,
           -0 -0 -1,
           -0 -0 -1,
           -0 -0 -1,
           0 0 1,
           0 0 1,
           0 0 1,
           0 0 1,
           6.1232342629258393e-17 1 -0,
           1 -0 -0,
           1 -0 -0,
           6.1232342629258393e-17 1 -0,
           -1 1.2246468525851679e-16 -0,
           -1 1.2246468525851679e-16 -0,
           -1.8369701465288538e-16 -1 0,
           -1.8369701465288538e-16 -1 0,
           1 -2.4492937051703357e-16 -0,
           1 -2.4492937051703357e-16 -0,
           -0 -0 -1,
           -0 -0 -1,
           -0 -0 -1,
           -0 -0 -1,
           0 0 1,
           0 0 1,
           0 0 1,
           0 0 1,
           6.1232342629258393e-17 1 -0,
           1 -0 -0,
           1 -0 -0,
           6.1232342629258393e-17 1 -0,
           -1 1.2246468525851679e-16 -0,
           -1 1.2246468525851679e-16 -0,
           -1.8369701465288538e-16 -1 0,
           -1.8369701465288538e-16 -1 0,
           1 -2.4492937051703357e-16 -0,
           1 -2.4492937051703357e-16 -0,
           -0 -0 -1,
           -0 -0 -1,
           -0 -0 -1,
           -0 -0 -1,
           0 0 1,
           0 0 1,
           0 0 1,
           0 0 1,
           6.1232342629258393e-17 1 -0,
           1 -0 -0,
           1 -0 -0,
           6.1232342629258393e-17 1 -0,
           -1 1.2246468525851679e-16 -0,
           -1 1.2246468525851679e-16 -0,
           -1.8369701465288538e-16 -1 0,
           -1.8369701465288538e-16 -1 0,
           1 -2.4492937051703357e-16 -0,
           1 -2.4492937051703357e-16 -0,
           -0 -0 -1,
           -0 -0 -1,
           -0 -0 -1,
           -0 -0 -1,
           0 0 1,
           0 0 1,
           0 0 1,
           0 0 1,
           6.1232342629258393e-17 1 -0,
           1 -0 -0,
           1 -0 -0,
           6.1232342629258393e-17 1 -0,
           -1 1.2246468525851679e-16 -0,
           -1 1.2246468525851679e-16 -0,
           -1.8369701465288538e-16 -1 0,
           -1.8369701465288538e-16 -1 0,
           1 -2.4492937051703357e-16 -0,
           1 -2.4492937051703357e-16 -0,
           -0 -0 -1,
           -0 -0 -1,
           -0 -0 -1,
           -0 -0 -1,
           0 0 1,
           0 0 1,
           0 0 1,
           0 0 1,
           6.1232342629258393e-17 1 -0,
           1 -0 -0,
           1 -0 -0,
           6.1232342629258393e-17 1 -0,
           -1 1.2246468525851679e-16 -0,
           -1 1.2246468525851679e-16 -0,
           -1.8369701465288538e-16 -1 0,
           -1.8369701465288538e-16 -1 0,
           1 -2.4492937051703357e-16 -0,
           1 -2.4492937051703357e-16 -0,
           -0 -0 -1,
           -0 -0 -1,
           -0 -0 -1,
           -0 -0 -1,
           0 0 1,
           0 0 1,
           0 0 1,
           0 0 1,
           6.1232342629258393e-17 1 -0,
           1 -0 -0,
           1 -0 -0,
           6.1232342629258393e-17 1 -0,
           -1 1.2246468525851679e-16 -0,
           -1 1.2246468525851679e-16 -0,
           -1.8369701465288538e-16 -1 0,
           -1.8369701465288538e-16 -1 0,
           1 -2.4492937051703357e-16 -0,
           1 -2.4492937051703357e-16 -0,
           -0 -0 -1,
           -0 -0 -1,
           -0 -0 -1,
           -0 -0 -1,
           0 0 1,
           0 0 1,
           0 0 1,
           0 0 1,
           6.1232342629258393e-17 1 -0,
           1 -0 -0,
           1 -0 -0,
           6.1232342629258393e-17 1 -0,
           -1 1.2246468525851679e-16 -0,
           -1 1.2246468525851679e-16 -0,
           -1.8369701465288538e-16 -1 0,
           -1.8369701465288538e-16 -1 0,
           1 -2.4492937051703357e-16 -0,
           1 -2.4492937051703357e-16 -0,
           -0 -0 -1,
           -0 -0 -1,
           -0 -0 -1,
           -0 -0 -1,
           0 0 1,
           0 0 1,
           0 0 1,
           0 0 1,
           6.1232342629258393e-17 1 -0,
           1 -0 -0,
           1 -0 -0,
           6.1232342629258393e-17 1 -0,
           -1 1.2246468525851679e-16 -0,
           -1 1.2246468525851679e-16 -0,
           -1.8369701465288538e-16 -1 0,
           -1.8369701465288538e-16 -1 0,
           1 -2.4492937051703357e-16 -0,
           1 -2.4492937051703357e-16 -0,
           -0 -0 -1,
           -0 -0 -1,
           -0 -0 -1,
           -0 -0 -1,
           0 0 1,
           0 0 1,
           0 0 1,
           0 0 1,
           6.1232342629258393e-17 1 -0,
           1 -0 -0,
           1 -0 -0,
           6.1232342629258393e-17 1 -0,
           -1 1.2246468525851679e-16 -0,
           -1 1.2246468525851679e-16 -0,
           -1.8369701465288538e-16 -1 0,
           -1.8369701465288538e-16 -1 0,
           1 -2.4492937051703357e-16 -0,
           1 -2.4492937051703357e-16 -0,
           -0 -0 -1,
           -0 -0 -1,
           -0 -0 -1,
           -0 -0 -1,
           0 0 1,
           0 0 1,
           0 0 1,
           0 0 1,
           6.1232342629258393e-17 1 -0,
           1 -0 -0,
           1 -0 -0,
           6.1232342629258393e-17 1 -0,
           -1 1.2246468525851679e-16 -0,
           -1 1.2246468525851679e-16 -0,
           -1.8369701465288538e-16 -1 0,
           -1.8369701465288538e-16 -1 0,
           1 -2.4492937051703357e-16 -0,
           1 -2.4492937051703357e-16 -0,
           -0 -0 -1,
           -0 -0 -1,
           -0 -0 -1,
           -0 -0 -1,
           0 0 1,
           0 0 1,
           0 0 1,
           0 0 1,
           6.1232342629258393e-17 1 -0,
           1 -0 -0,
           1 -0 -0,
           6.1232342629258393e-17 1 -0,
           -1 1.2246468525851679e-16 -0,
           -1 1.2246468525851679e-16 -0,
           -1.8369701465288538e-16 -1 0,
           -1.8369701465288538e-16 -1 0,
           1 -2.4492937051703357e-16 -0,
           1 -2.4492937051703357e-16 -0,
           -0 -0 -1,
           -0 -0 -1,
           -0 -0 -1,
           -0 -0 -1,
           0 0 1,
           0 0 1,
           0 0 1,
           0 0 1,
           6.1232342629258393e-17 1 -0,
           1 -0 -0,
           1 -0 -0,
           6.1232342629258393e-17 1 -0,
           -1 1.2246468525851679e-16 -0,
           -1 1.2246468525851679e-16 -0,
           -1.8369701465288538e-16 -1 0,
           -1.8369701465288538e-16 -1 0,
           1 -2.4492937051703357e-16 -0,
           1 -2.4492937051703357e-16 -0,
           -0 -0 -1,
           -0 -0 -1,
           -0 -0 -1,
           -0 -0 -1,
           0 0 1,
           0 0 1,
           0 0 1,
           0 0 1,
           6.1232342629258393e-17 1 -0,
           1 -0 -0,
           1 -0 -0,
           6.1232342629258393e-17 1 -0,
           -1 1.2246468525851679e-16 -0,
           -1 1.2246468525851679e-16 -0,
           -1.8369701465288538e-16 -1 0,
           -1.8369701465288538e-16 -1 0,
           1 -2.4492937051703357e-16 -0,
           1 -2.4492937051703357e-16 -0,
           -0 -0 -1,
           -0 -0 -1,
           -0 -0 -1,
           -0 -0 -1,
           0 0 1,
           0 0 1,
           0 0 1,
           0 0 1,
           6.1232342629258393e-17 1 -0,
           1 -0 -0,
           1 -0 -0,
           6.1232342629258393e-17 1 -0,
           -1 1.2246468525851679e-16 -0,
           -1 1.2246468525851679e-16 -0,
           -1.8369701465288538e-16 -1 0,
           -1.8369701465288538e-16 -1 0,
           1 -2.4492937051703357e-16 -0,
           1 -2.4492937051703357e-16 -0,
           -0 -0 -1,
           -0 -0 -1,
           -0 -0 -1,
           -0 -0 -1,
           0 0 1,
           0 0 1,
           0 0 1,
           0 0 1,
            ]
          }
            coordIndex  [
              0, 1, 2, -1,
              0, 3, 1, -1,
              4, 5, 3, -1,
              4, 3, 0, -1,
              6, 5, 4, -1,
              7, 6, 4, -1,
              8, 9, 6, -1,
              8, 6, 7, -1,
              10, 11, 12, -1,
              10, 13, 11, -1,
              14, 15, 16, -1,
              14, 16, 17, -1,
              18, 19, 20, -1,
              18, 21, 19, -1,
              22, 23, 21, -1,
              22, 21, 18, -1,
              24, 23, 22, -1,
              25, 24, 22, -1,
              26, 27, 24, -1,
              26, 24, 25, -1,
              28, 29, 30, -1,
              28, 31, 29, -1,
              32, 33, 34, -1,
              32, 34, 35, -1,
              36, 37, 38, -1,
              36, 39, 37, -1,
              40, 41, 39, -1,
              40, 39, 36, -1,
              42, 41, 40, -1,
              43, 42, 40, -1,
              44, 45, 42, -1,
              44, 42, 43, -1,
              46, 47, 48, -1,
              46, 49, 47, -1,
              50, 51, 52, -1,
              50, 52, 53, -1,
              54, 55, 56, -1,
              54, 57, 55, -1,
              58, 59, 57, -1,
              58, 57, 54, -1,
              60, 59, 58, -1,
              61, 60, 58, -1,
              62, 63, 60, -1,
              62, 60, 61, -1,
              64, 65, 66, -1,
              64, 67, 65, -1,
              68, 69, 70, -1,
              68, 70, 71, -1,
              72, 73, 74, -1,
              72, 75, 73, -1,
              76, 77, 75, -1,
              76, 75, 72, -1,
              78, 77, 76, -1,
              79, 78, 76, -1,
              80, 81, 78, -1,
              80, 78, 79, -1,
              82, 83, 84, -1,
              85, 82, 84, -1,
              86, 87, 88, -1,
              89, 87, 86, -1,
              90, 91, 92, -1,
              90, 93, 91, -1,
              94, 95, 93, -1,
              94, 93, 90, -1,
              96, 95, 94, -1,
              97, 96, 94, -1,
              98, 99, 96, -1,
              98, 96, 97, -1,
              100, 101, 102, -1,
              100, 103, 101, -1,
              104, 105, 106, -1,
              104, 106, 107, -1,
              108, 109, 110, -1,
              108, 111, 109, -1,
              112, 113, 111, -1,
              112, 111, 108, -1,
              114, 113, 112, -1,
              115, 114, 112, -1,
              116, 117, 114, -1,
              116, 114, 115, -1,
              118, 119, 120, -1,
              121, 118, 120, -1,
              122, 123, 124, -1,
              125, 123, 122, -1,
              126, 127, 128, -1,
              126, 129, 127, -1,
              130, 131, 129, -1,
              130, 129, 126, -1,
              132, 131, 130, -1,
              133, 132, 130, -1,
              134, 135, 132, -1,
              134, 132, 133, -1,
              136, 137, 138, -1,
              136, 139, 137, -1,
              140, 141, 142, -1,
              140, 142, 143, -1,
              144, 145, 146, -1,
              144, 147, 145, -1,
              148, 149, 147, -1,
              148, 147, 144, -1,
              150, 149, 148, -1,
              151, 150, 148, -1,
              152, 153, 150, -1,
              152, 150, 151, -1,
              154, 155, 156, -1,
              157, 154, 156, -1,
              158, 159, 160, -1,
              161, 159, 158, -1,
              162, 163, 164, -1,
              162, 165, 163, -1,
              166, 167, 165, -1,
              166, 165, 162, -1,
              168, 167, 166, -1,
              169, 168, 166, -1,
              170, 171, 168, -1,
              170, 168, 169, -1,
              172, 173, 174, -1,
              172, 175, 173, -1,
              176, 177, 178, -1,
              176, 178, 179, -1,
              180, 181, 182, -1,
              180, 183, 181, -1,
              184, 185, 183, -1,
              184, 183, 180, -1,
              186, 185, 184, -1,
              187, 186, 184, -1,
              188, 189, 186, -1,
              188, 186, 187, -1,
              190, 191, 192, -1,
              193, 190, 192, -1,
              194, 195, 196, -1,
              197, 195, 194, -1,
              198, 199, 200, -1,
              198, 201, 199, -1,
              202, 203, 201, -1,
              202, 201, 198, -1,
              204, 203, 202, -1,
              205, 204, 202, -1,
              206, 207, 204, -1,
              206, 204, 205, -1,
              208, 209, 210, -1,
              208, 211, 209, -1,
              212, 213, 214, -1,
              212, 214, 215, -1,
              216, 217, 218, -1,
              216, 219, 217, -1,
              220, 221, 219, -1,
              220, 219, 216, -1,
              222, 221, 220, -1,
              223, 222, 220, -1,
              224, 225, 222, -1,
              224, 222, 223, -1,
              226, 227, 228, -1,
              229, 226, 228, -1,
              230, 231, 232, -1,
              233, 231, 230, -1,
              234, 235, 236, -1,
              234, 237, 235, -1,
              238, 239, 237, -1,
              238, 237, 234, -1,
              240, 239, 238, -1,
              241, 240, 238, -1,
              242, 243, 240, -1,
              242, 240, 241, -1,
              244, 245, 246, -1,
              244, 247, 245, -1,
              248, 249, 250, -1,
              248, 250, 251, -1,
              252, 253, 254, -1,
              252, 255, 253, -1,
              256, 257, 255, -1,
              256, 255, 252, -1,
              258, 257, 256, -1,
              259, 258, 256, -1,
              260, 261, 258, -1,
              260, 258, 259, -1,
              262, 263, 264, -1,
              265, 263, 262, -1,
              266, 267, 268, -1,
              269, 266, 268, -1,
              270, 271, 272, -1,
              270, 273, 271, -1,
              274, 275, 273, -1,
              274, 273, 270, -1,
              276, 275, 274, -1,
              277, 276, 274, -1,
              278, 279, 276, -1,
              278, 276, 277, -1,
              280, 281, 282, -1,
              283, 281, 280, -1,
              284, 285, 286, -1,
              287, 284, 286, -1,
              288, 289, 290, -1,
              288, 291, 289, -1,
              292, 293, 291, -1,
              292, 291, 288, -1,
              294, 293, 292, -1,
              295, 294, 292, -1,
              296, 297, 294, -1,
              296, 294, 295, -1,
              298, 299, 300, -1,
              301, 299, 298, -1,
              302, 303, 304, -1,
              305, 302, 304, -1,
              306, 307, 308, -1,
              306, 309, 307, -1,
              310, 311, 309, -1,
              310, 309, 306, -1,
              312, 311, 310, -1,
              313, 312, 310, -1,
              314, 315, 312, -1,
              314, 312, 313, -1,
              316, 317, 318, -1,
              319, 317, 316, -1,
              320, 321, 322, -1,
              323, 320, 322, -1,
              324, 325, 326, -1,
              324, 327, 325, -1,
              328, 329, 327, -1,
              328, 327, 324, -1,
              330, 329, 328, -1,
              331, 330, 328, -1,
              332, 333, 330, -1,
              332, 330, 331, -1,
              334, 335, 336, -1,
              337, 335, 334, -1,
              338, 339, 340, -1,
              341, 338, 340, -1,
              342, 343, 344, -1,
              342, 345, 343, -1,
              346, 347, 345, -1,
              346, 345, 342, -1,
              348, 347, 346, -1,
              349, 348, 346, -1,
              350, 351, 348, -1,
              350, 348, 349, -1,
              352, 353, 354, -1,
              355, 353, 352, -1,
              356, 357, 358, -1,
              359, 356, 358, -1,
              360, 361, 362, -1,
              360, 363, 361, -1,
              364, 365, 363, -1,
              364, 363, 360, -1,
              366, 365, 364, -1,
              367, 366, 364, -1,
              368, 369, 366, -1,
              368, 366, 367, -1,
              370, 371, 372, -1,
              373, 371, 370, -1,
              374, 375, 376, -1,
              377, 374, 376, -1,
              378, 379, 380, -1,
              378, 381, 379, -1,
              382, 383, 381, -1,
              382, 381, 378, -1,
              384, 383, 382, -1,
              385, 384, 382, -1,
              386, 387, 384, -1,
              386, 384, 385, -1,
              388, 389, 390, -1,
              391, 389, 388, -1,
              392, 393, 394, -1,
              395, 392, 394, -1,
              396, 397, 398, -1,
              396, 399, 397, -1,
              400, 401, 399, -1,
              400, 399, 396, -1,
              402, 401, 400, -1,
              403, 402, 400, -1,
              404, 405, 402, -1,
              404, 402, 403, -1,
              406, 407, 408, -1,
              409, 407, 406, -1,
              410, 411, 412, -1,
              413, 410, 412, -1,
              414, 415, 416, -1,
              414, 417, 415, -1,
              418, 419, 417, -1,
              418, 417, 414, -1,
              420, 419, 418, -1,
              421, 420, 418, -1,
              422, 423, 420, -1,
              422, 420, 421, -1,
              424, 425, 426, -1,
              424, 427, 425, -1,
              428, 429, 430, -1,
              428, 430, 431, -1,
              432, 433, 434, -1,
              432, 435, 433, -1,
              436, 437, 435, -1,
              436, 435, 432, -1,
              438, 437, 436, -1,
              439, 438, 436, -1,
              440, 441, 438, -1,
              440, 438, 439, -1,
              442, 443, 444, -1,
              445, 443, 442, -1,
              446, 447, 448, -1,
              449, 446, 448, -1,
              450, 451, 452, -1,
              450, 453, 451, -1,
              454, 455, 453, -1,
              454, 453, 450, -1,
              456, 455, 454, -1,
              457, 456, 454, -1,
              458, 459, 456, -1,
              458, 456, 457, -1,
              460, 461, 462, -1,
              460, 463, 461, -1,
              464, 465, 466, -1,
              464, 466, 467, -1,
              468, 469, 470, -1,
              468, 471, 469, -1,
              472, 473, 471, -1,
              472, 471, 468, -1,
              474, 473, 472, -1,
              475, 474, 472, -1,
              476, 477, 474, -1,
              476, 474, 475, -1,
              478, 479, 480, -1,
              481, 479, 478, -1,
              482, 483, 484, -1,
              485, 482, 484, -1,
              486, 487, 488, -1,
              486, 489, 487, -1,
              490, 491, 489, -1,
              490, 489, 486, -1,
              492, 491, 490, -1,
              493, 492, 490, -1,
              494, 495, 492, -1,
              494, 492, 493, -1,
              496, 497, 498, -1,
              499, 497, 496, -1,
              500, 501, 502, -1,
              503, 500, 502, -1,
              504, 505, 506, -1,
              504, 507, 505, -1,
              508, 509, 507, -1,
              508, 507, 504, -1,
              510, 509, 508, -1,
              511, 510, 508, -1,
              512, 513, 510, -1,
              512, 510, 511, -1,
              514, 515, 516, -1,
              517, 515, 514, -1,
              518, 519, 520, -1,
              521, 518, 520, -1,
              522, 523, 524, -1,
              522, 525, 523, -1,
              526, 527, 525, -1,
              526, 525, 522, -1,
              528, 527, 526, -1,
              529, 528, 526, -1,
              530, 531, 528, -1,
              530, 528, 529, -1,
              532, 533, 534, -1,
              535, 533, 532, -1,
              536, 537, 538, -1,
              539, 536, 538, -1,
              540, 541, 542, -1,
              540, 543, 541, -1,
              544, 545, 543, -1,
              544, 543, 540, -1,
              546, 545, 544, -1,
              547, 546, 544, -1,
              548, 549, 546, -1,
              548, 546, 547, -1,
              550, 551, 552, -1,
              553, 551, 550, -1,
              554, 555, 556, -1,
              557, 554, 556, -1,
              558, 559, 560, -1,
              558, 561, 559, -1,
              562, 563, 561, -1,
              562, 561, 558, -1,
              564, 563, 562, -1,
              565, 564, 562, -1,
              566, 567, 564, -1,
              566, 564, 565, -1,
              568, 569, 570, -1,
              571, 569, 568, -1,
              572, 573, 574, -1,
              575, 572, 574, -1,
            ]
          }
        }
      ]
    }
    Transform {
      translation 0 0 0
      rotation 0 0 1 0
      scale 1 1 1
      children [
        Shape {
          appearance Appearance {
            material Material {
              ambientIntensity 0
              emissiveColor 0 0 0
              diffuseColor 1 1 1
              specularColor 0 0 0
              shininess 0.0078125
              transparency 0
              }
            }
          geometry IndexedLineSet {
            coord DEF VTKcoordinates Coordinate {
              point [
              0.27500000596046448 0 -3.5,
              0.27500000596046448 0 1,
              15.515000343322754 0 -3.5,
              15.515000343322754 0 1,
              0.27500000596046448 -2.5399999618530273 -3.5,
              0.27500000596046448 -2.5399999618530273 1,
              15.515000343322754 -2.5399999618530273 -3.5,
              15.515000343322754 -2.5399999618530273 1,
              0.27500000596046448 -5.0799999237060547 -3.5,
              0.27500000596046448 -5.0799999237060547 1,
              15.515000343322754 -5.0799999237060547 -3.5,
              15.515000343322754 -5.0799999237060547 1,
              0.27500000596046448 -7.619999885559082 -3.5,
              0.27500000596046448 -7.619999885559082 1,
              15.515000343322754 -7.619999885559082 -3.5,
              15.515000343322754 -7.619999885559082 1,
              0.27500000596046448 -10.159999847412109 -3.5,
              0.27500000596046448 -10.159999847412109 1,
              15.515000343322754 -10.159999847412109 -3.5,
              15.515000343322754 -10.159999847412109 1,
              0.27500000596046448 -12.699999809265137 -3.5,
              0.27500000596046448 -12.699999809265137 1,
              15.515000343322754 -12.699999809265137 -3.5,
              15.515000343322754 -12.699999809265137 1,
              0.27500000596046448 -15.239999771118164 -3.5,
              0.27500000596046448 -15.239999771118164 1,
              15.515000343322754 -15.239999771118164 -3.5,
              15.515000343322754 -15.239999771118164 1,
              0.27500000596046448 -17.780000686645508 -3.5,
              0.27500000596046448 -17.780000686645508 1,
              15.515000343322754 -17.780000686645508 -3.5,
              15.515000343322754 -17.780000686645508 1,
              0.27500000596046448 -20.319999694824219 -3.5,
              0.27500000596046448 -20.319999694824219 1,
              15.515000343322754 -20.319999694824219 -3.5,
              15.515000343322754 -20.319999694824219 1,
              0.27500000596046448 -22.860000610351562 -3.5,
              0.27500000596046448 -22.860000610351562 1,
              15.515000343322754 -22.860000610351562 -3.5,
              15.515000343322754 -22.860000610351562 1,
              0.27500000596046448 -25.399999618530273 -3.5,
              0.27500000596046448 -25.399999618530273 1,
              15.515000343322754 -25.399999618530273 -3.5,
              15.515000343322754 -25.399999618530273 1,
              0.27500000596046448 -27.940000534057617 -3.5,
              0.27500000596046448 -27.940000534057617 1,
              15.515000343322754 -27.940000534057617 -3.5,
              15.515000343322754 -27.940000534057617 1,
              0.27500000596046448 -30.479999542236328 -3.5,
              0.27500000596046448 -30.479999542236328 1,
              15.515000343322754 -30.479999542236328 -3.5,
              15.515000343322754 -30.479999542236328 1,
              0.27500000596046448 -33.020000457763672 -3.5,
              0.27500000596046448 -33.020000457763672 1,
              15.515000343322754 -33.020000457763672 -3.5,
              15.515000343322754 -33.020000457763672 1,
              0.27500000596046448 -35.560001373291016 -3.5,
              0.27500000596046448 -35.560001373291016 1,
              15.515000343322754 -35.560001373291016 -3.5,
              15.515000343322754 -35.560001373291016 1,
              0.27500000596046448 -38.099998474121094 -3.5,
              0.27500000596046448 -38.099998474121094 1,
              15.515000343322754 -38.099998474121094 -3.5,
              15.515000343322754 -38.099998474121094 1,
              0.27500000596046448 0 -3.5,
              0.27500000596046448 0 1,
              0.27500000596046448 0 -3.5,
              1.6838894223046058e-17 0.27500000596046448 -3.5,
              -0.27500000596046448 3.3677788446092116e-17 -3.5,
              -5.0516681014776949e-17 -0.27500000596046448 -3.5,
              0.27500000596046448 0 -3.5,
              0.27500000596046448 0 1,
              1.6838894223046058e-17 0.27500000596046448 1,
              -0.27500000596046448 3.3677788446092116e-17 1,
              -5.0516681014776949e-17 -0.27500000596046448 1,
              0.27500000596046448 0 1,
              15.515000343322754 0 -3.5,
              15.515000343322754 0 1,
              15.515000343322754 0 -3.5,
              15.239999771118164 0.27500000596046448 -3.5,
              14.965000152587891 3.3677788446092116e-17 -3.5,
              15.239999771118164 -0.27500000596046448 -3.5,
              15.515000343322754 0 -3.5,
              15.515000343322754 0 1,
              15.239999771118164 0.27500000596046448 1,
              14.965000152587891 3.3677788446092116e-17 1,
              15.239999771118164 -0.27500000596046448 1,
              15.515000343322754 0 1,
              0.27500000596046448 -2.5399999618530273 -3.5,
              0.27500000596046448 -2.5399999618530273 1,
              0.27500000596046448 -2.5399999618530273 -3.5,
              1.6838894223046058e-17 -2.2650001049041748 -3.5,
              -0.27500000596046448 -2.5399999618530273 -3.5,
              -5.0516681014776949e-17 -2.815000057220459 -3.5,
              0.27500000596046448 -2.5399999618530273 -3.5,
              0.27500000596046448 -2.5399999618530273 1,
              1.6838894223046058e-17 -2.2650001049041748 1,
              -0.27500000596046448 -2.5399999618530273 1,
              -5.0516681014776949e-17 -2.815000057220459 1,
              0.27500000596046448 -2.5399999618530273 1,
              15.515000343322754 -2.5399999618530273 -3.5,
              15.515000343322754 -2.5399999618530273 1,
              15.515000343322754 -2.5399999618530273 -3.5,
              15.239999771118164 -2.2650001049041748 -3.5,
              14.965000152587891 -2.5399999618530273 -3.5,
              15.239999771118164 -2.815000057220459 -3.5,
              15.515000343322754 -2.5399999618530273 -3.5,
              15.515000343322754 -2.5399999618530273 1,
              15.239999771118164 -2.2650001049041748 1,
              14.965000152587891 -2.5399999618530273 1,
              15.239999771118164 -2.815000057220459 1,
              15.515000343322754 -2.5399999618530273 1,
              0.27500000596046448 -5.0799999237060547 -3.5,
              0.27500000596046448 -5.0799999237060547 1,
              0.27500000596046448 -5.0799999237060547 -3.5,
              1.6838894223046058e-17 -4.804999828338623 -3.5,
              -0.27500000596046448 -5.0799999237060547 -3.5,
              -5.0516681014776949e-17 -5.3550000190734863 -3.5,
              0.27500000596046448 -5.0799999237060547 -3.5,
              0.27500000596046448 -5.0799999237060547 1,
              1.6838894223046058e-17 -4.804999828338623 1,
              -0.27500000596046448 -5.0799999237060547 1,
              -5.0516681014776949e-17 -5.3550000190734863 1,
              0.27500000596046448 -5.0799999237060547 1,
              15.515000343322754 -5.0799999237060547 -3.5,
              15.515000343322754 -5.0799999237060547 1,
              15.515000343322754 -5.0799999237060547 -3.5,
              15.239999771118164 -4.804999828338623 -3.5,
              14.965000152587891 -5.0799999237060547 -3.5,
              15.239999771118164 -5.3550000190734863 -3.5,
              15.515000343322754 -5.0799999237060547 -3.5,
              15.515000343322754 -5.0799999237060547 1,
              15.239999771118164 -4.804999828338623 1,
              14.965000152587891 -5.0799999237060547 1,
              15.239999771118164 -5.3550000190734863 1,
              15.515000343322754 -5.0799999237060547 1,
              0.27500000596046448 -7.619999885559082 -3.5,
              0.27500000596046448 -7.619999885559082 1,
              0.27500000596046448 -7.619999885559082 -3.5,
              1.6838894223046058e-17 -7.3449997901916504 -3.5,
              -0.27500000596046448 -7.619999885559082 -3.5,
              -5.0516681014776949e-17 -7.8949999809265137 -3.5,
              0.27500000596046448 -7.619999885559082 -3.5,
              0.27500000596046448 -7.619999885559082 1,
              1.6838894223046058e-17 -7.3449997901916504 1,
              -0.27500000596046448 -7.619999885559082 1,
              -5.0516681014776949e-17 -7.8949999809265137 1,
              0.27500000596046448 -7.619999885559082 1,
              15.515000343322754 -7.619999885559082 -3.5,
              15.515000343322754 -7.619999885559082 1,
              15.515000343322754 -7.619999885559082 -3.5,
              15.239999771118164 -7.3449997901916504 -3.5,
              14.965000152587891 -7.619999885559082 -3.5,
              15.239999771118164 -7.8949999809265137 -3.5,
              15.515000343322754 -7.619999885559082 -3.5,
              15.515000343322754 -7.619999885559082 1,
              15.239999771118164 -7.3449997901916504 1,
              14.965000152587891 -7.619999885559082 1,
              15.239999771118164 -7.8949999809265137 1,
              15.515000343322754 -7.619999885559082 1,
              0.27500000596046448 -10.159999847412109 -3.5,
              0.27500000596046448 -10.159999847412109 1,
              0.27500000596046448 -10.159999847412109 -3.5,
              1.6838894223046058e-17 -9.8850002288818359 -3.5,
              -0.27500000596046448 -10.159999847412109 -3.5,
              -5.0516681014776949e-17 -10.435000419616699 -3.5,
              0.27500000596046448 -10.159999847412109 -3.5,
              0.27500000596046448 -10.159999847412109 1,
              1.6838894223046058e-17 -9.8850002288818359 1,
              -0.27500000596046448 -10.159999847412109 1,
              -5.0516681014776949e-17 -10.435000419616699 1,
              0.27500000596046448 -10.159999847412109 1,
              15.515000343322754 -10.159999847412109 -3.5,
              15.515000343322754 -10.159999847412109 1,
              15.515000343322754 -10.159999847412109 -3.5,
              15.239999771118164 -9.8850002288818359 -3.5,
              14.965000152587891 -10.159999847412109 -3.5,
              15.239999771118164 -10.435000419616699 -3.5,
              15.515000343322754 -10.159999847412109 -3.5,
              15.515000343322754 -10.159999847412109 1,
              15.239999771118164 -9.8850002288818359 1,
              14.965000152587891 -10.159999847412109 1,
              15.239999771118164 -10.435000419616699 1,
              15.515000343322754 -10.159999847412109 1,
              0.27500000596046448 -12.699999809265137 -3.5,
              0.27500000596046448 -12.699999809265137 1,
              0.27500000596046448 -12.699999809265137 -3.5,
              1.6838894223046058e-17 -12.425000190734863 -3.5,
              -0.27500000596046448 -12.699999809265137 -3.5,
              -5.0516681014776949e-17 -12.975000381469727 -3.5,
              0.27500000596046448 -12.699999809265137 -3.5,
              0.27500000596046448 -12.699999809265137 1,
              1.6838894223046058e-17 -12.425000190734863 1,
              -0.27500000596046448 -12.699999809265137 1,
              -5.0516681014776949e-17 -12.975000381469727 1,
              0.27500000596046448 -12.699999809265137 1,
              15.515000343322754 -12.699999809265137 -3.5,
              15.515000343322754 -12.699999809265137 1,
              15.515000343322754 -12.699999809265137 -3.5,
              15.239999771118164 -12.425000190734863 -3.5,
              14.965000152587891 -12.699999809265137 -3.5,
              15.239999771118164 -12.975000381469727 -3.5,
              15.515000343322754 -12.699999809265137 -3.5,
              15.515000343322754 -12.699999809265137 1,
              15.239999771118164 -12.425000190734863 1,
              14.965000152587891 -12.699999809265137 1,
              15.239999771118164 -12.975000381469727 1,
              15.515000343322754 -12.699999809265137 1,
              0.27500000596046448 -15.239999771118164 -3.5,
              0.27500000596046448 -15.239999771118164 1,
              0.27500000596046448 -15.239999771118164 -3.5,
              1.6838894223046058e-17 -14.965000152587891 -3.5,
              -0.27500000596046448 -15.239999771118164 -3.5,
              -5.0516681014776949e-17 -15.515000343322754 -3.5,
              0.27500000596046448 -15.239999771118164 -3.5,
              0.27500000596046448 -15.239999771118164 1,
              1.6838894223046058e-17 -14.965000152587891 1,
              -0.27500000596046448 -15.239999771118164 1,
              -5.0516681014776949e-17 -15.515000343322754 1,
              0.27500000596046448 -15.239999771118164 1,
              15.515000343322754 -15.239999771118164 -3.5,
              15.515000343322754 -15.239999771118164 1,
              15.515000343322754 -15.239999771118164 -3.5,
              15.239999771118164 -14.965000152587891 -3.5,
              14.965000152587891 -15.239999771118164 -3.5,
              15.239999771118164 -15.515000343322754 -3.5,
              15.515000343322754 -15.239999771118164 -3.5,
              15.515000343322754 -15.239999771118164 1,
              15.239999771118164 -14.965000152587891 1,
              14.965000152587891 -15.239999771118164 1,
              15.239999771118164 -15.515000343322754 1,
              15.515000343322754 -15.239999771118164 1,
              0.27500000596046448 -17.780000686645508 -3.5,
              0.27500000596046448 -17.780000686645508 1,
              0.27500000596046448 -17.780000686645508 -3.5,
              1.6838894223046058e-17 -17.504999160766602 -3.5,
              -0.27500000596046448 -17.780000686645508 -3.5,
              -5.0516681014776949e-17 -18.055000305175781 -3.5,
              0.27500000596046448 -17.780000686645508 -3.5,
              0.27500000596046448 -17.780000686645508 1,
              1.6838894223046058e-17 -17.504999160766602 1,
              -0.27500000596046448 -17.780000686645508 1,
              -5.0516681014776949e-17 -18.055000305175781 1,
              0.27500000596046448 -17.780000686645508 1,
              15.515000343322754 -17.780000686645508 -3.5,
              15.515000343322754 -17.780000686645508 1,
              15.515000343322754 -17.780000686645508 -3.5,
              15.239999771118164 -17.504999160766602 -3.5,
              14.965000152587891 -17.780000686645508 -3.5,
              15.239999771118164 -18.055000305175781 -3.5,
              15.515000343322754 -17.780000686645508 -3.5,
              15.515000343322754 -17.780000686645508 1,
              15.239999771118164 -17.504999160766602 1,
              14.965000152587891 -17.780000686645508 1,
              15.239999771118164 -18.055000305175781 1,
              15.515000343322754 -17.780000686645508 1,
              0.27500000596046448 -20.319999694824219 -3.5,
              0.27500000596046448 -20.319999694824219 1,
              0.27500000596046448 -20.319999694824219 -3.5,
              1.6838894223046058e-17 -20.045000076293945 -3.5,
              -0.27500000596046448 -20.319999694824219 -3.5,
              -5.0516681014776949e-17 -20.594999313354492 -3.5,
              0.27500000596046448 -20.319999694824219 -3.5,
              0.27500000596046448 -20.319999694824219 1,
              1.6838894223046058e-17 -20.045000076293945 1,
              -0.27500000596046448 -20.319999694824219 1,
              -5.0516681014776949e-17 -20.594999313354492 1,
              0.27500000596046448 -20.319999694824219 1,
              15.515000343322754 -20.319999694824219 -3.5,
              15.515000343322754 -20.319999694824219 1,
              15.515000343322754 -20.319999694824219 -3.5,
              15.239999771118164 -20.045000076293945 -3.5,
              14.965000152587891 -20.319999694824219 -3.5,
              15.239999771118164 -20.594999313354492 -3.5,
              15.515000343322754 -20.319999694824219 -3.5,
              15.515000343322754 -20.319999694824219 1,
              15.239999771118164 -20.045000076293945 1,
              14.965000152587891 -20.319999694824219 1,
              15.239999771118164 -20.594999313354492 1,
              15.515000343322754 -20.319999694824219 1,
              0.27500000596046448 -22.860000610351562 -3.5,
              0.27500000596046448 -22.860000610351562 1,
              0.27500000596046448 -22.860000610351562 -3.5,
              1.6838894223046058e-17 -22.584999084472656 -3.5,
              -0.27500000596046448 -22.860000610351562 -3.5,
              -5.0516681014776949e-17 -23.135000228881836 -3.5,
              0.27500000596046448 -22.860000610351562 -3.5,
              0.27500000596046448 -22.860000610351562 1,
              1.6838894223046058e-17 -22.584999084472656 1,
              -0.27500000596046448 -22.860000610351562 1,
              -5.0516681014776949e-17 -23.135000228881836 1,
              0.27500000596046448 -22.860000610351562 1,
              15.515000343322754 -22.860000610351562 -3.5,
              15.515000343322754 -22.860000610351562 1,
              15.515000343322754 -22.860000610351562 -3.5,
              15.239999771118164 -22.584999084472656 -3.5,
              14.965000152587891 -22.860000610351562 -3.5,
              15.239999771118164 -23.135000228881836 -3.5,
              15.515000343322754 -22.860000610351562 -3.5,
              15.515000343322754 -22.860000610351562 1,
              15.239999771118164 -22.584999084472656 1,
              14.965000152587891 -22.860000610351562 1,
              15.239999771118164 -23.135000228881836 1,
              15.515000343322754 -22.860000610351562 1,
              0.27500000596046448 -25.399999618530273 -3.5,
              0.27500000596046448 -25.399999618530273 1,
              0.27500000596046448 -25.399999618530273 -3.5,
              1.6838894223046058e-17 -25.125 -3.5,
              -0.27500000596046448 -25.399999618530273 -3.5,
              -5.0516681014776949e-17 -25.674999237060547 -3.5,
              0.27500000596046448 -25.399999618530273 -3.5,
              0.27500000596046448 -25.399999618530273 1,
              1.6838894223046058e-17 -25.125 1,
              -0.27500000596046448 -25.399999618530273 1,
              -5.0516681014776949e-17 -25.674999237060547 1,
              0.27500000596046448 -25.399999618530273 1,
              15.515000343322754 -25.399999618530273 -3.5,
              15.515000343322754 -25.399999618530273 1,
              15.515000343322754 -25.399999618530273 -3.5,
              15.239999771118164 -25.125 -3.5,
              14.965000152587891 -25.399999618530273 -3.5,
              15.239999771118164 -25.674999237060547 -3.5,
              15.515000343322754 -25.399999618530273 -3.5,
              15.515000343322754 -25.399999618530273 1,
              15.239999771118164 -25.125 1,
              14.965000152587891 -25.399999618530273 1,
              15.239999771118164 -25.674999237060547 1,
              15.515000343322754 -25.399999618530273 1,
              0.27500000596046448 -27.940000534057617 -3.5,
              0.27500000596046448 -27.940000534057617 1,
              0.27500000596046448 -27.940000534057617 -3.5,
              1.6838894223046058e-17 -27.665000915527344 -3.5,
              -0.27500000596046448 -27.940000534057617 -3.5,
              -5.0516681014776949e-17 -28.215000152587891 -3.5,
              0.27500000596046448 -27.940000534057617 -3.5,
              0.27500000596046448 -27.940000534057617 1,
              1.6838894223046058e-17 -27.665000915527344 1,
              -0.27500000596046448 -27.940000534057617 1,
              -5.0516681014776949e-17 -28.215000152587891 1,
              0.27500000596046448 -27.940000534057617 1,
              15.515000343322754 -27.940000534057617 -3.5,
              15.515000343322754 -27.940000534057617 1,
              15.515000343322754 -27.940000534057617 -3.5,
              15.239999771118164 -27.665000915527344 -3.5,
              14.965000152587891 -27.940000534057617 -3.5,
              15.239999771118164 -28.215000152587891 -3.5,
              15.515000343322754 -27.940000534057617 -3.5,
              15.515000343322754 -27.940000534057617 1,
              15.239999771118164 -27.665000915527344 1,
              14.965000152587891 -27.940000534057617 1,
              15.239999771118164 -28.215000152587891 1,
              15.515000343322754 -27.940000534057617 1,
              0.27500000596046448 -30.479999542236328 -3.5,
              0.27500000596046448 -30.479999542236328 1,
              0.27500000596046448 -30.479999542236328 -3.5,
              1.6838894223046058e-17 -30.204999923706055 -3.5,
              -0.27500000596046448 -30.479999542236328 -3.5,
              -5.0516681014776949e-17 -30.754999160766602 -3.5,
              0.27500000596046448 -30.479999542236328 -3.5,
              0.27500000596046448 -30.479999542236328 1,
              1.6838894223046058e-17 -30.204999923706055 1,
              -0.27500000596046448 -30.479999542236328 1,
              -5.0516681014776949e-17 -30.754999160766602 1,
              0.27500000596046448 -30.479999542236328 1,
              15.515000343322754 -30.479999542236328 -3.5,
              15.515000343322754 -30.479999542236328 1,
              15.515000343322754 -30.479999542236328 -3.5,
              15.239999771118164 -30.204999923706055 -3.5,
              14.965000152587891 -30.479999542236328 -3.5,
              15.239999771118164 -30.754999160766602 -3.5,
              15.515000343322754 -30.479999542236328 -3.5,
              15.515000343322754 -30.479999542236328 1,
              15.239999771118164 -30.204999923706055 1,
              14.965000152587891 -30.479999542236328 1,
              15.239999771118164 -30.754999160766602 1,
              15.515000343322754 -30.479999542236328 1,
              0.27500000596046448 -33.020000457763672 -3.5,
              0.27500000596046448 -33.020000457763672 1,
              0.27500000596046448 -33.020000457763672 -3.5,
              1.6838894223046058e-17 -32.744998931884766 -3.5,
              -0.27500000596046448 -33.020000457763672 -3.5,
              -5.0516681014776949e-17 -33.294998168945312 -3.5,
              0.27500000596046448 -33.020000457763672 -3.5,
              0.27500000596046448 -33.020000457763672 1,
              1.6838894223046058e-17 -32.744998931884766 1,
              -0.27500000596046448 -33.020000457763672 1,
              -5.0516681014776949e-17 -33.294998168945312 1,
              0.27500000596046448 -33.020000457763672 1,
              15.515000343322754 -33.020000457763672 -3.5,
              15.515000343322754 -33.020000457763672 1,
              15.515000343322754 -33.020000457763672 -3.5,
              15.239999771118164 -32.744998931884766 -3.5,
              14.965000152587891 -33.020000457763672 -3.5,
              15.239999771118164 -33.294998168945312 -3.5,
              15.515000343322754 -33.020000457763672 -3.5,
              15.515000343322754 -33.020000457763672 1,
              15.239999771118164 -32.744998931884766 1,
              14.965000152587891 -33.020000457763672 1,
              15.239999771118164 -33.294998168945312 1,
              15.515000343322754 -33.020000457763672 1,
              0.27500000596046448 -35.560001373291016 -3.5,
              0.27500000596046448 -35.560001373291016 1,
              0.27500000596046448 -35.560001373291016 -3.5,
              1.6838894223046058e-17 -35.284999847412109 -3.5,
              -0.27500000596046448 -35.560001373291016 -3.5,
              -5.0516681014776949e-17 -35.834999084472656 -3.5,
              0.27500000596046448 -35.560001373291016 -3.5,
              0.27500000596046448 -35.560001373291016 1,
              1.6838894223046058e-17 -35.284999847412109 1,
              -0.27500000596046448 -35.560001373291016 1,
              -5.0516681014776949e-17 -35.834999084472656 1,
              0.27500000596046448 -35.560001373291016 1,
              15.515000343322754 -35.560001373291016 -3.5,
              15.515000343322754 -35.560001373291016 1,
              15.515000343322754 -35.560001373291016 -3.5,
              15.239999771118164 -35.284999847412109 -3.5,
              14.965000152587891 -35.560001373291016 -3.5,
              15.239999771118164 -35.834999084472656 -3.5,
              15.515000343322754 -35.560001373291016 -3.5,
              15.515000343322754 -35.560001373291016 1,
              15.239999771118164 -35.284999847412109 1,
              14.965000152587891 -35.560001373291016 1,
              15.239999771118164 -35.834999084472656 1,
              15.515000343322754 -35.560001373291016 1,
              0.27500000596046448 -38.099998474121094 -3.5,
              0.27500000596046448 -38.099998474121094 1,
              0.27500000596046448 -38.099998474121094 -3.5,
              1.6838894223046058e-17 -37.825000762939453 -3.5,
              -0.27500000596046448 -38.099998474121094 -3.5,
              -5.0516681014776949e-17 -38.375 -3.5,
              0.27500000596046448 -38.099998474121094 -3.5,
              0.27500000596046448 -38.099998474121094 1,
              1.6838894223046058e-17 -37.825000762939453 1,
              -0.27500000596046448 -38.099998474121094 1,
              -5.0516681014776949e-17 -38.375 1,
              0.27500000596046448 -38.099998474121094 1,
              15.515000343322754 -38.099998474121094 -3.5,
              15.515000343322754 -38.099998474121094 1,
              15.515000343322754 -38.099998474121094 -3.5,
              15.239999771118164 -37.825000762939453 -3.5,
              14.965000152587891 -38.099998474121094 -3.5,
              15.239999771118164 -38.375 -3.5,
              15.515000343322754 -38.099998474121094 -3.5,
              15.515000343322754 -38.099998474121094 1,
              15.239999771118164 -37.825000762939453 1,
              14.965000152587891 -38.099998474121094 1,
              15.239999771118164 -38.375 1,
              15.515000343322754 -38.099998474121094 1,
              0.27500000596046448 0 -3.5,
              0.27500000596046448 0 1,
              0.27500000596046448 0 -3.5,
              0.27500000596046448 0 1,
              0.27500000596046448 0 -3.5,
              1.6838894223046058e-17 0.27500000596046448 -3.5,
              -0.27500000596046448 3.3677788446092116e-17 -3.5,
              -5.0516681014776949e-17 -0.27500000596046448 -3.5,
              0.27500000596046448 0 -3.5,
              0.27500000596046448 0 1,
              1.6838894223046058e-17 0.27500000596046448 1,
              -0.27500000596046448 3.3677788446092116e-17 1,
              -5.0516681014776949e-17 -0.27500000596046448 1,
              0.27500000596046448 0 1,
              0.27500000596046448 0 -3.5,
              1.6838894223046058e-17 0.27500000596046448 -3.5,
              -0.27500000596046448 3.3677788446092116e-17 -3.5,
              -5.0516681014776949e-17 -0.27500000596046448 -3.5,
              0.27500000596046448 0 -3.5,
              0.27500000596046448 0 1,
              1.6838894223046058e-17 0.27500000596046448 1,
              -0.27500000596046448 3.3677788446092116e-17 1,
              -5.0516681014776949e-17 -0.27500000596046448 1,
              0.27500000596046448 0 1,
              15.515000343322754 0 -3.5,
              15.515000343322754 0 1,
              15.515000343322754 0 -3.5,
              15.515000343322754 0 1,
              15.515000343322754 0 -3.5,
              15.239999771118164 0.27500000596046448 -3.5,
              14.965000152587891 3.3677788446092116e-17 -3.5,
              15.239999771118164 -0.27500000596046448 -3.5,
              15.515000343322754 0 -3.5,
              15.515000343322754 0 1,
              15.239999771118164 0.27500000596046448 1,
              14.965000152587891 3.3677788446092116e-17 1,
              15.239999771118164 -0.27500000596046448 1,
              15.515000343322754 0 1,
              15.515000343322754 0 -3.5,
              15.239999771118164 0.27500000596046448 -3.5,
              14.965000152587891 3.3677788446092116e-17 -3.5,
              15.239999771118164 -0.27500000596046448 -3.5,
              15.515000343322754 0 -3.5,
              15.515000343322754 0 1,
              15.239999771118164 0.27500000596046448 1,
              14.965000152587891 3.3677788446092116e-17 1,
              15.239999771118164 -0.27500000596046448 1,
              15.515000343322754 0 1,
              0.27500000596046448 -2.5399999618530273 -3.5,
              0.27500000596046448 -2.5399999618530273 1,
              0.27500000596046448 -2.5399999618530273 -3.5,
              0.27500000596046448 -2.5399999618530273 1,
              0.27500000596046448 -2.5399999618530273 -3.5,
              1.6838894223046058e-17 -2.2650001049041748 -3.5,
              -0.27500000596046448 -2.5399999618530273 -3.5,
              -5.0516681014776949e-17 -2.815000057220459 -3.5,
              0.27500000596046448 -2.5399999618530273 -3.5,
              0.27500000596046448 -2.5399999618530273 1,
              1.6838894223046058e-17 -2.2650001049041748 1,
              -0.27500000596046448 -2.5399999618530273 1,
              -5.0516681014776949e-17 -2.815000057220459 1,
              0.27500000596046448 -2.5399999618530273 1,
              0.27500000596046448 -2.5399999618530273 -3.5,
              1.6838894223046058e-17 -2.2650001049041748 -3.5,
              -0.27500000596046448 -2.5399999618530273 -3.5,
              -5.0516681014776949e-17 -2.815000057220459 -3.5,
              0.27500000596046448 -2.5399999618530273 -3.5,
              0.27500000596046448 -2.5399999618530273 1,
              1.6838894223046058e-17 -2.2650001049041748 1,
              -0.27500000596046448 -2.5399999618530273 1,
              -5.0516681014776949e-17 -2.815000057220459 1,
              0.27500000596046448 -2.5399999618530273 1,
              15.515000343322754 -2.5399999618530273 -3.5,
              15.515000343322754 -2.5399999618530273 1,
              15.515000343322754 -2.5399999618530273 -3.5,
              15.515000343322754 -2.5399999618530273 1,
              15.515000343322754 -2.5399999618530273 -3.5,
              15.239999771118164 -2.2650001049041748 -3.5,
              14.965000152587891 -2.5399999618530273 -3.5,
              15.239999771118164 -2.815000057220459 -3.5,
              15.515000343322754 -2.5399999618530273 -3.5,
              15.515000343322754 -2.5399999618530273 1,
              15.239999771118164 -2.2650001049041748 1,
              14.965000152587891 -2.5399999618530273 1,
              15.239999771118164 -2.815000057220459 1,
              15.515000343322754 -2.5399999618530273 1,
              15.515000343322754 -2.5399999618530273 -3.5,
              15.239999771118164 -2.2650001049041748 -3.5,
              14.965000152587891 -2.5399999618530273 -3.5,
              15.239999771118164 -2.815000057220459 -3.5,
              15.515000343322754 -2.5399999618530273 -3.5,
              15.515000343322754 -2.5399999618530273 1,
              15.239999771118164 -2.2650001049041748 1,
              14.965000152587891 -2.5399999618530273 1,
              15.239999771118164 -2.815000057220459 1,
              15.515000343322754 -2.5399999618530273 1,
              0.27500000596046448 -5.0799999237060547 -3.5,
              0.27500000596046448 -5.0799999237060547 1,
              0.27500000596046448 -5.0799999237060547 -3.5,
              0.27500000596046448 -5.0799999237060547 1,
              0.27500000596046448 -5.0799999237060547 -3.5,
              1.6838894223046058e-17 -4.804999828338623 -3.5,
              -0.27500000596046448 -5.0799999237060547 -3.5,
              -5.0516681014776949e-17 -5.3550000190734863 -3.5,
              0.27500000596046448 -5.0799999237060547 -3.5,
              0.27500000596046448 -5.0799999237060547 1,
              1.6838894223046058e-17 -4.804999828338623 1,
              -0.27500000596046448 -5.0799999237060547 1,
              -5.0516681014776949e-17 -5.3550000190734863 1,
              0.27500000596046448 -5.0799999237060547 1,
              0.27500000596046448 -5.0799999237060547 -3.5,
              1.6838894223046058e-17 -4.804999828338623 -3.5,
              -0.27500000596046448 -5.0799999237060547 -3.5,
              -5.0516681014776949e-17 -5.3550000190734863 -3.5,
              0.27500000596046448 -5.0799999237060547 -3.5,
              0.27500000596046448 -5.0799999237060547 1,
              1.6838894223046058e-17 -4.804999828338623 1,
              -0.27500000596046448 -5.0799999237060547 1,
              -5.0516681014776949e-17 -5.3550000190734863 1,
              0.27500000596046448 -5.0799999237060547 1,
              15.515000343322754 -5.0799999237060547 -3.5,
              15.515000343322754 -5.0799999237060547 1,
              15.515000343322754 -5.0799999237060547 -3.5,
              15.515000343322754 -5.0799999237060547 1,
              15.515000343322754 -5.0799999237060547 -3.5,
              15.239999771118164 -4.804999828338623 -3.5,
              14.965000152587891 -5.0799999237060547 -3.5,
              15.239999771118164 -5.3550000190734863 -3.5,
              15.515000343322754 -5.0799999237060547 -3.5,
              15.515000343322754 -5.0799999237060547 1,
              15.239999771118164 -4.804999828338623 1,
              14.965000152587891 -5.0799999237060547 1,
              15.239999771118164 -5.3550000190734863 1,
              15.515000343322754 -5.0799999237060547 1,
              15.515000343322754 -5.0799999237060547 -3.5,
              15.239999771118164 -4.804999828338623 -3.5,
              14.965000152587891 -5.0799999237060547 -3.5,
              15.239999771118164 -5.3550000190734863 -3.5,
              15.515000343322754 -5.0799999237060547 -3.5,
              15.515000343322754 -5.0799999237060547 1,
              15.239999771118164 -4.804999828338623 1,
              14.965000152587891 -5.0799999237060547 1,
              15.239999771118164 -5.3550000190734863 1,
              15.515000343322754 -5.0799999237060547 1,
              0.27500000596046448 -7.619999885559082 -3.5,
              0.27500000596046448 -7.619999885559082 1,
              0.27500000596046448 -7.619999885559082 -3.5,
              0.27500000596046448 -7.619999885559082 1,
              0.27500000596046448 -7.619999885559082 -3.5,
              1.6838894223046058e-17 -7.3449997901916504 -3.5,
              -0.27500000596046448 -7.619999885559082 -3.5,
              -5.0516681014776949e-17 -7.8949999809265137 -3.5,
              0.27500000596046448 -7.619999885559082 -3.5,
              0.27500000596046448 -7.619999885559082 1,
              1.6838894223046058e-17 -7.3449997901916504 1,
              -0.27500000596046448 -7.619999885559082 1,
              -5.0516681014776949e-17 -7.8949999809265137 1,
              0.27500000596046448 -7.619999885559082 1,
              0.27500000596046448 -7.619999885559082 -3.5,
              1.6838894223046058e-17 -7.3449997901916504 -3.5,
              -0.27500000596046448 -7.619999885559082 -3.5,
              -5.0516681014776949e-17 -7.8949999809265137 -3.5,
              0.27500000596046448 -7.619999885559082 -3.5,
              0.27500000596046448 -7.619999885559082 1,
              1.6838894223046058e-17 -7.3449997901916504 1,
              -0.27500000596046448 -7.619999885559082 1,
              -5.0516681014776949e-17 -7.8949999809265137 1,
              0.27500000596046448 -7.619999885559082 1,
              15.515000343322754 -7.619999885559082 -3.5,
              15.515000343322754 -7.619999885559082 1,
              15.515000343322754 -7.619999885559082 -3.5,
              15.515000343322754 -7.619999885559082 1,
              15.515000343322754 -7.619999885559082 -3.5,
              15.239999771118164 -7.3449997901916504 -3.5,
              14.965000152587891 -7.619999885559082 -3.5,
              15.239999771118164 -7.8949999809265137 -3.5,
              15.515000343322754 -7.619999885559082 -3.5,
              15.515000343322754 -7.619999885559082 1,
              15.239999771118164 -7.3449997901916504 1,
              14.965000152587891 -7.619999885559082 1,
              15.239999771118164 -7.8949999809265137 1,
              15.515000343322754 -7.619999885559082 1,
              15.515000343322754 -7.619999885559082 -3.5,
              15.239999771118164 -7.3449997901916504 -3.5,
              14.965000152587891 -7.619999885559082 -3.5,
              15.239999771118164 -7.8949999809265137 -3.5,
              15.515000343322754 -7.619999885559082 -3.5,
              15.515000343322754 -7.619999885559082 1,
              15.239999771118164 -7.3449997901916504 1,
              14.965000152587891 -7.619999885559082 1,
              15.239999771118164 -7.8949999809265137 1,
              15.515000343322754 -7.619999885559082 1,
              0.27500000596046448 -10.159999847412109 -3.5,
              0.27500000596046448 -10.159999847412109 1,
              0.27500000596046448 -10.159999847412109 -3.5,
              0.27500000596046448 -10.159999847412109 1,
              0.27500000596046448 -10.159999847412109 -3.5,
              1.6838894223046058e-17 -9.8850002288818359 -3.5,
              -0.27500000596046448 -10.159999847412109 -3.5,
              -5.0516681014776949e-17 -10.435000419616699 -3.5,
              0.27500000596046448 -10.159999847412109 -3.5,
              0.27500000596046448 -10.159999847412109 1,
              1.6838894223046058e-17 -9.8850002288818359 1,
              -0.27500000596046448 -10.159999847412109 1,
              -5.0516681014776949e-17 -10.435000419616699 1,
              0.27500000596046448 -10.159999847412109 1,
              0.27500000596046448 -10.159999847412109 -3.5,
              1.6838894223046058e-17 -9.8850002288818359 -3.5,
              -0.27500000596046448 -10.159999847412109 -3.5,
              -5.0516681014776949e-17 -10.435000419616699 -3.5,
              0.27500000596046448 -10.159999847412109 -3.5,
              0.27500000596046448 -10.159999847412109 1,
              1.6838894223046058e-17 -9.8850002288818359 1,
              -0.27500000596046448 -10.159999847412109 1,
              -5.0516681014776949e-17 -10.435000419616699 1,
              0.27500000596046448 -10.159999847412109 1,
              15.515000343322754 -10.159999847412109 -3.5,
              15.515000343322754 -10.159999847412109 1,
              15.515000343322754 -10.159999847412109 -3.5,
              15.515000343322754 -10.159999847412109 1,
              15.515000343322754 -10.159999847412109 -3.5,
              15.239999771118164 -9.8850002288818359 -3.5,
              14.965000152587891 -10.159999847412109 -3.5,
              15.239999771118164 -10.435000419616699 -3.5,
              15.515000343322754 -10.159999847412109 -3.5,
              15.515000343322754 -10.159999847412109 1,
              15.239999771118164 -9.8850002288818359 1,
              14.965000152587891 -10.159999847412109 1,
              15.239999771118164 -10.435000419616699 1,
              15.515000343322754 -10.159999847412109 1,
              15.515000343322754 -10.159999847412109 -3.5,
              15.239999771118164 -9.8850002288818359 -3.5,
              14.965000152587891 -10.159999847412109 -3.5,
              15.239999771118164 -10.435000419616699 -3.5,
              15.515000343322754 -10.159999847412109 -3.5,
              15.515000343322754 -10.159999847412109 1,
              15.239999771118164 -9.8850002288818359 1,
              14.965000152587891 -10.159999847412109 1,
              15.239999771118164 -10.435000419616699 1,
              15.515000343322754 -10.159999847412109 1,
              0.27500000596046448 -12.699999809265137 -3.5,
              0.27500000596046448 -12.699999809265137 1,
              0.27500000596046448 -12.699999809265137 -3.5,
              0.27500000596046448 -12.699999809265137 1,
              0.27500000596046448 -12.699999809265137 -3.5,
              1.6838894223046058e-17 -12.425000190734863 -3.5,
              -0.27500000596046448 -12.699999809265137 -3.5,
              -5.0516681014776949e-17 -12.975000381469727 -3.5,
              0.27500000596046448 -12.699999809265137 -3.5,
              0.27500000596046448 -12.699999809265137 1,
              1.6838894223046058e-17 -12.425000190734863 1,
              -0.27500000596046448 -12.699999809265137 1,
              -5.0516681014776949e-17 -12.975000381469727 1,
              0.27500000596046448 -12.699999809265137 1,
              0.27500000596046448 -12.699999809265137 -3.5,
              1.6838894223046058e-17 -12.425000190734863 -3.5,
              -0.27500000596046448 -12.699999809265137 -3.5,
              -5.0516681014776949e-17 -12.975000381469727 -3.5,
              0.27500000596046448 -12.699999809265137 -3.5,
              0.27500000596046448 -12.699999809265137 1,
              1.6838894223046058e-17 -12.425000190734863 1,
              -0.27500000596046448 -12.699999809265137 1,
              -5.0516681014776949e-17 -12.975000381469727 1,
              0.27500000596046448 -12.699999809265137 1,
              15.515000343322754 -12.699999809265137 -3.5,
              15.515000343322754 -12.699999809265137 1,
              15.515000343322754 -12.699999809265137 -3.5,
              15.515000343322754 -12.699999809265137 1,
              15.515000343322754 -12.699999809265137 -3.5,
              15.239999771118164 -12.425000190734863 -3.5,
              14.965000152587891 -12.699999809265137 -3.5,
              15.239999771118164 -12.975000381469727 -3.5,
              15.515000343322754 -12.699999809265137 -3.5,
              15.515000343322754 -12.699999809265137 1,
              15.239999771118164 -12.425000190734863 1,
              14.965000152587891 -12.699999809265137 1,
              15.239999771118164 -12.975000381469727 1,
              15.515000343322754 -12.699999809265137 1,
              15.515000343322754 -12.699999809265137 -3.5,
              15.239999771118164 -12.425000190734863 -3.5,
              14.965000152587891 -12.699999809265137 -3.5,
              15.239999771118164 -12.975000381469727 -3.5,
              15.515000343322754 -12.699999809265137 -3.5,
              15.515000343322754 -12.699999809265137 1,
              15.239999771118164 -12.425000190734863 1,
              14.965000152587891 -12.699999809265137 1,
              15.239999771118164 -12.975000381469727 1,
              15.515000343322754 -12.699999809265137 1,
              0.27500000596046448 -15.239999771118164 -3.5,
              0.27500000596046448 -15.239999771118164 1,
              0.27500000596046448 -15.239999771118164 -3.5,
              0.27500000596046448 -15.239999771118164 1,
              0.27500000596046448 -15.239999771118164 -3.5,
              1.6838894223046058e-17 -14.965000152587891 -3.5,
              -0.27500000596046448 -15.239999771118164 -3.5,
              -5.0516681014776949e-17 -15.515000343322754 -3.5,
              0.27500000596046448 -15.239999771118164 -3.5,
              0.27500000596046448 -15.239999771118164 1,
              1.6838894223046058e-17 -14.965000152587891 1,
              -0.27500000596046448 -15.239999771118164 1,
              -5.0516681014776949e-17 -15.515000343322754 1,
              0.27500000596046448 -15.239999771118164 1,
              0.27500000596046448 -15.239999771118164 -3.5,
              1.6838894223046058e-17 -14.965000152587891 -3.5,
              -0.27500000596046448 -15.239999771118164 -3.5,
              -5.0516681014776949e-17 -15.515000343322754 -3.5,
              0.27500000596046448 -15.239999771118164 -3.5,
              0.27500000596046448 -15.239999771118164 1,
              1.6838894223046058e-17 -14.965000152587891 1,
              -0.27500000596046448 -15.239999771118164 1,
              -5.0516681014776949e-17 -15.515000343322754 1,
              0.27500000596046448 -15.239999771118164 1,
              15.515000343322754 -15.239999771118164 -3.5,
              15.515000343322754 -15.239999771118164 1,
              15.515000343322754 -15.239999771118164 -3.5,
              15.515000343322754 -15.239999771118164 1,
              15.515000343322754 -15.239999771118164 -3.5,
              15.239999771118164 -14.965000152587891 -3.5,
              14.965000152587891 -15.239999771118164 -3.5,
              15.239999771118164 -15.515000343322754 -3.5,
              15.515000343322754 -15.239999771118164 -3.5,
              15.515000343322754 -15.239999771118164 1,
              15.239999771118164 -14.965000152587891 1,
              14.965000152587891 -15.239999771118164 1,
              15.239999771118164 -15.515000343322754 1,
              15.515000343322754 -15.239999771118164 1,
              15.515000343322754 -15.239999771118164 -3.5,
              15.239999771118164 -14.965000152587891 -3.5,
              14.965000152587891 -15.239999771118164 -3.5,
              15.239999771118164 -15.515000343322754 -3.5,
              15.515000343322754 -15.239999771118164 -3.5,
              15.515000343322754 -15.239999771118164 1,
              15.239999771118164 -14.965000152587891 1,
              14.965000152587891 -15.239999771118164 1,
              15.239999771118164 -15.515000343322754 1,
              15.515000343322754 -15.239999771118164 1,
              0.27500000596046448 -17.780000686645508 -3.5,
              0.27500000596046448 -17.780000686645508 1,
              0.27500000596046448 -17.780000686645508 -3.5,
              0.27500000596046448 -17.780000686645508 1,
              0.27500000596046448 -17.780000686645508 -3.5,
              1.6838894223046058e-17 -17.504999160766602 -3.5,
              -0.27500000596046448 -17.780000686645508 -3.5,
              -5.0516681014776949e-17 -18.055000305175781 -3.5,
              0.27500000596046448 -17.780000686645508 -3.5,
              0.27500000596046448 -17.780000686645508 1,
              1.6838894223046058e-17 -17.504999160766602 1,
              -0.27500000596046448 -17.780000686645508 1,
              -5.0516681014776949e-17 -18.055000305175781 1,
              0.27500000596046448 -17.780000686645508 1,
              0.27500000596046448 -17.780000686645508 -3.5,
              1.6838894223046058e-17 -17.504999160766602 -3.5,
              -0.27500000596046448 -17.780000686645508 -3.5,
              -5.0516681014776949e-17 -18.055000305175781 -3.5,
              0.27500000596046448 -17.780000686645508 -3.5,
              0.27500000596046448 -17.780000686645508 1,
              1.6838894223046058e-17 -17.504999160766602 1,
              -0.27500000596046448 -17.780000686645508 1,
              -5.0516681014776949e-17 -18.055000305175781 1,
              0.27500000596046448 -17.780000686645508 1,
              15.515000343322754 -17.780000686645508 -3.5,
              15.515000343322754 -17.780000686645508 1,
              15.515000343322754 -17.780000686645508 -3.5,
              15.515000343322754 -17.780000686645508 1,
              15.515000343322754 -17.780000686645508 -3.5,
              15.239999771118164 -17.504999160766602 -3.5,
              14.965000152587891 -17.780000686645508 -3.5,
              15.239999771118164 -18.055000305175781 -3.5,
              15.515000343322754 -17.780000686645508 -3.5,
              15.515000343322754 -17.780000686645508 1,
              15.239999771118164 -17.504999160766602 1,
              14.965000152587891 -17.780000686645508 1,
              15.239999771118164 -18.055000305175781 1,
              15.515000343322754 -17.780000686645508 1,
              15.515000343322754 -17.780000686645508 -3.5,
              15.239999771118164 -17.504999160766602 -3.5,
              14.965000152587891 -17.780000686645508 -3.5,
              15.239999771118164 -18.055000305175781 -3.5,
              15.515000343322754 -17.780000686645508 -3.5,
              15.515000343322754 -17.780000686645508 1,
              15.239999771118164 -17.504999160766602 1,
              14.965000152587891 -17.780000686645508 1,
              15.239999771118164 -18.055000305175781 1,
              15.515000343322754 -17.780000686645508 1,
              0.27500000596046448 -20.319999694824219 -3.5,
              0.27500000596046448 -20.319999694824219 1,
              0.27500000596046448 -20.319999694824219 -3.5,
              0.27500000596046448 -20.319999694824219 1,
              0.27500000596046448 -20.319999694824219 -3.5,
              1.6838894223046058e-17 -20.045000076293945 -3.5,
              -0.27500000596046448 -20.319999694824219 -3.5,
              -5.0516681014776949e-17 -20.594999313354492 -3.5,
              0.27500000596046448 -20.319999694824219 -3.5,
              0.27500000596046448 -20.319999694824219 1,
              1.6838894223046058e-17 -20.045000076293945 1,
              -0.27500000596046448 -20.319999694824219 1,
              -5.0516681014776949e-17 -20.594999313354492 1,
              0.27500000596046448 -20.319999694824219 1,
              0.27500000596046448 -20.319999694824219 -3.5,
              1.6838894223046058e-17 -20.045000076293945 -3.5,
              -0.27500000596046448 -20.319999694824219 -3.5,
              -5.0516681014776949e-17 -20.594999313354492 -3.5,
              0.27500000596046448 -20.319999694824219 -3.5,
              0.27500000596046448 -20.319999694824219 1,
              1.6838894223046058e-17 -20.045000076293945 1,
              -0.27500000596046448 -20.319999694824219 1,
              -5.0516681014776949e-17 -20.594999313354492 1,
              0.27500000596046448 -20.319999694824219 1,
              15.515000343322754 -20.319999694824219 -3.5,
              15.515000343322754 -20.319999694824219 1,
              15.515000343322754 -20.319999694824219 -3.5,
              15.515000343322754 -20.319999694824219 1,
              15.515000343322754 -20.319999694824219 -3.5,
              15.239999771118164 -20.045000076293945 -3.5,
              14.965000152587891 -20.319999694824219 -3.5,
              15.239999771118164 -20.594999313354492 -3.5,
              15.515000343322754 -20.319999694824219 -3.5,
              15.515000343322754 -20.319999694824219 1,
              15.239999771118164 -20.045000076293945 1,
              14.965000152587891 -20.319999694824219 1,
              15.239999771118164 -20.594999313354492 1,
              15.515000343322754 -20.319999694824219 1,
              15.515000343322754 -20.319999694824219 -3.5,
              15.239999771118164 -20.045000076293945 -3.5,
              14.965000152587891 -20.319999694824219 -3.5,
              15.239999771118164 -20.594999313354492 -3.5,
              15.515000343322754 -20.319999694824219 -3.5,
              15.515000343322754 -20.319999694824219 1,
              15.239999771118164 -20.045000076293945 1,
              14.965000152587891 -20.319999694824219 1,
              15.239999771118164 -20.594999313354492 1,
              15.515000343322754 -20.319999694824219 1,
              0.27500000596046448 -22.860000610351562 -3.5,
              0.27500000596046448 -22.860000610351562 1,
              0.27500000596046448 -22.860000610351562 -3.5,
              0.27500000596046448 -22.860000610351562 1,
              0.27500000596046448 -22.860000610351562 -3.5,
              1.6838894223046058e-17 -22.584999084472656 -3.5,
              -0.27500000596046448 -22.860000610351562 -3.5,
              -5.0516681014776949e-17 -23.135000228881836 -3.5,
              0.27500000596046448 -22.860000610351562 -3.5,
              0.27500000596046448 -22.860000610351562 1,
              1.6838894223046058e-17 -22.584999084472656 1,
              -0.27500000596046448 -22.860000610351562 1,
              -5.0516681014776949e-17 -23.135000228881836 1,
              0.27500000596046448 -22.860000610351562 1,
              0.27500000596046448 -22.860000610351562 -3.5,
              1.6838894223046058e-17 -22.584999084472656 -3.5,
              -0.27500000596046448 -22.860000610351562 -3.5,
              -5.0516681014776949e-17 -23.135000228881836 -3.5,
              0.27500000596046448 -22.860000610351562 -3.5,
              0.27500000596046448 -22.860000610351562 1,
              1.6838894223046058e-17 -22.584999084472656 1,
              -0.27500000596046448 -22.860000610351562 1,
              -5.0516681014776949e-17 -23.135000228881836 1,
              0.27500000596046448 -22.860000610351562 1,
              15.515000343322754 -22.860000610351562 -3.5,
              15.515000343322754 -22.860000610351562 1,
              15.515000343322754 -22.860000610351562 -3.5,
              15.515000343322754 -22.860000610351562 1,
              15.515000343322754 -22.860000610351562 -3.5,
              15.239999771118164 -22.584999084472656 -3.5,
              14.965000152587891 -22.860000610351562 -3.5,
              15.239999771118164 -23.135000228881836 -3.5,
              15.515000343322754 -22.860000610351562 -3.5,
              15.515000343322754 -22.860000610351562 1,
              15.239999771118164 -22.584999084472656 1,
              14.965000152587891 -22.860000610351562 1,
              15.239999771118164 -23.135000228881836 1,
              15.515000343322754 -22.860000610351562 1,
              15.515000343322754 -22.860000610351562 -3.5,
              15.239999771118164 -22.584999084472656 -3.5,
              14.965000152587891 -22.860000610351562 -3.5,
              15.239999771118164 -23.135000228881836 -3.5,
              15.515000343322754 -22.860000610351562 -3.5,
              15.515000343322754 -22.860000610351562 1,
              15.239999771118164 -22.584999084472656 1,
              14.965000152587891 -22.860000610351562 1,
              15.239999771118164 -23.135000228881836 1,
              15.515000343322754 -22.860000610351562 1,
              0.27500000596046448 -25.399999618530273 -3.5,
              0.27500000596046448 -25.399999618530273 1,
              0.27500000596046448 -25.399999618530273 -3.5,
              0.27500000596046448 -25.399999618530273 1,
              0.27500000596046448 -25.399999618530273 -3.5,
              1.6838894223046058e-17 -25.125 -3.5,
              -0.27500000596046448 -25.399999618530273 -3.5,
              -5.0516681014776949e-17 -25.674999237060547 -3.5,
              0.27500000596046448 -25.399999618530273 -3.5,
              0.27500000596046448 -25.399999618530273 1,
              1.6838894223046058e-17 -25.125 1,
              -0.27500000596046448 -25.399999618530273 1,
              -5.0516681014776949e-17 -25.674999237060547 1,
              0.27500000596046448 -25.399999618530273 1,
              0.27500000596046448 -25.399999618530273 -3.5,
              1.6838894223046058e-17 -25.125 -3.5,
              -0.27500000596046448 -25.399999618530273 -3.5,
              -5.0516681014776949e-17 -25.674999237060547 -3.5,
              0.27500000596046448 -25.399999618530273 -3.5,
              0.27500000596046448 -25.399999618530273 1,
              1.6838894223046058e-17 -25.125 1,
              -0.27500000596046448 -25.399999618530273 1,
              -5.0516681014776949e-17 -25.674999237060547 1,
              0.27500000596046448 -25.399999618530273 1,
              15.515000343322754 -25.399999618530273 -3.5,
              15.515000343322754 -25.399999618530273 1,
              15.515000343322754 -25.399999618530273 -3.5,
              15.515000343322754 -25.399999618530273 1,
              15.515000343322754 -25.399999618530273 -3.5,
              15.239999771118164 -25.125 -3.5,
              14.965000152587891 -25.399999618530273 -3.5,
              15.239999771118164 -25.674999237060547 -3.5,
              15.515000343322754 -25.399999618530273 -3.5,
              15.515000343322754 -25.399999618530273 1,
              15.239999771118164 -25.125 1,
              14.965000152587891 -25.399999618530273 1,
              15.239999771118164 -25.674999237060547 1,
              15.515000343322754 -25.399999618530273 1,
              15.515000343322754 -25.399999618530273 -3.5,
              15.239999771118164 -25.125 -3.5,
              14.965000152587891 -25.399999618530273 -3.5,
              15.239999771118164 -25.674999237060547 -3.5,
              15.515000343322754 -25.399999618530273 -3.5,
              15.515000343322754 -25.399999618530273 1,
              15.239999771118164 -25.125 1,
              14.965000152587891 -25.399999618530273 1,
              15.239999771118164 -25.674999237060547 1,
              15.515000343322754 -25.399999618530273 1,
              0.27500000596046448 -27.940000534057617 -3.5,
              0.27500000596046448 -27.940000534057617 1,
              0.27500000596046448 -27.940000534057617 -3.5,
              0.27500000596046448 -27.940000534057617 1,
              0.27500000596046448 -27.940000534057617 -3.5,
              1.6838894223046058e-17 -27.665000915527344 -3.5,
              -0.27500000596046448 -27.940000534057617 -3.5,
              -5.0516681014776949e-17 -28.215000152587891 -3.5,
              0.27500000596046448 -27.940000534057617 -3.5,
              0.27500000596046448 -27.940000534057617 1,
              1.6838894223046058e-17 -27.665000915527344 1,
              -0.27500000596046448 -27.940000534057617 1,
              -5.0516681014776949e-17 -28.215000152587891 1,
              0.27500000596046448 -27.940000534057617 1,
              0.27500000596046448 -27.940000534057617 -3.5,
              1.6838894223046058e-17 -27.665000915527344 -3.5,
              -0.27500000596046448 -27.940000534057617 -3.5,
              -5.0516681014776949e-17 -28.215000152587891 -3.5,
              0.27500000596046448 -27.940000534057617 -3.5,
              0.27500000596046448 -27.940000534057617 1,
              1.6838894223046058e-17 -27.665000915527344 1,
              -0.27500000596046448 -27.940000534057617 1,
              -5.0516681014776949e-17 -28.215000152587891 1,
              0.27500000596046448 -27.940000534057617 1,
              15.515000343322754 -27.940000534057617 -3.5,
              15.515000343322754 -27.940000534057617 1,
              15.515000343322754 -27.940000534057617 -3.5,
              15.515000343322754 -27.940000534057617 1,
              15.515000343322754 -27.940000534057617 -3.5,
              15.239999771118164 -27.665000915527344 -3.5,
              14.965000152587891 -27.940000534057617 -3.5,
              15.239999771118164 -28.215000152587891 -3.5,
              15.515000343322754 -27.940000534057617 -3.5,
              15.515000343322754 -27.940000534057617 1,
              15.239999771118164 -27.665000915527344 1,
              14.965000152587891 -27.940000534057617 1,
              15.239999771118164 -28.215000152587891 1,
              15.515000343322754 -27.940000534057617 1,
              15.515000343322754 -27.940000534057617 -3.5,
              15.239999771118164 -27.665000915527344 -3.5,
              14.965000152587891 -27.940000534057617 -3.5,
              15.239999771118164 -28.215000152587891 -3.5,
              15.515000343322754 -27.940000534057617 -3.5,
              15.515000343322754 -27.940000534057617 1,
              15.239999771118164 -27.665000915527344 1,
              14.965000152587891 -27.940000534057617 1,
              15.239999771118164 -28.215000152587891 1,
              15.515000343322754 -27.940000534057617 1,
              0.27500000596046448 -30.479999542236328 -3.5,
              0.27500000596046448 -30.479999542236328 1,
              0.27500000596046448 -30.479999542236328 -3.5,
              0.27500000596046448 -30.479999542236328 1,
              0.27500000596046448 -30.479999542236328 -3.5,
              1.6838894223046058e-17 -30.204999923706055 -3.5,
              -0.27500000596046448 -30.479999542236328 -3.5,
              -5.0516681014776949e-17 -30.754999160766602 -3.5,
              0.27500000596046448 -30.479999542236328 -3.5,
              0.27500000596046448 -30.479999542236328 1,
              1.6838894223046058e-17 -30.204999923706055 1,
              -0.27500000596046448 -30.479999542236328 1,
              -5.0516681014776949e-17 -30.754999160766602 1,
              0.27500000596046448 -30.479999542236328 1,
              0.27500000596046448 -30.479999542236328 -3.5,
              1.6838894223046058e-17 -30.204999923706055 -3.5,
              -0.27500000596046448 -30.479999542236328 -3.5,
              -5.0516681014776949e-17 -30.754999160766602 -3.5,
              0.27500000596046448 -30.479999542236328 -3.5,
              0.27500000596046448 -30.479999542236328 1,
              1.6838894223046058e-17 -30.204999923706055 1,
              -0.27500000596046448 -30.479999542236328 1,
              -5.0516681014776949e-17 -30.754999160766602 1,
              0.27500000596046448 -30.479999542236328 1,
              15.515000343322754 -30.479999542236328 -3.5,
              15.515000343322754 -30.479999542236328 1,
              15.515000343322754 -30.479999542236328 -3.5,
              15.515000343322754 -30.479999542236328 1,
              15.515000343322754 -30.479999542236328 -3.5,
              15.239999771118164 -30.204999923706055 -3.5,
              14.965000152587891 -30.479999542236328 -3.5,
              15.239999771118164 -30.754999160766602 -3.5,
              15.515000343322754 -30.479999542236328 -3.5,
              15.515000343322754 -30.479999542236328 1,
              15.239999771118164 -30.204999923706055 1,
              14.965000152587891 -30.479999542236328 1,
              15.239999771118164 -30.754999160766602 1,
              15.515000343322754 -30.479999542236328 1,
              15.515000343322754 -30.479999542236328 -3.5,
              15.239999771118164 -30.204999923706055 -3.5,
              14.965000152587891 -30.479999542236328 -3.5,
              15.239999771118164 -30.754999160766602 -3.5,
              15.515000343322754 -30.479999542236328 -3.5,
              15.515000343322754 -30.479999542236328 1,
              15.239999771118164 -30.204999923706055 1,
              14.965000152587891 -30.479999542236328 1,
              15.239999771118164 -30.754999160766602 1,
              15.515000343322754 -30.479999542236328 1,
              0.27500000596046448 -33.020000457763672 -3.5,
              0.27500000596046448 -33.020000457763672 1,
              0.27500000596046448 -33.020000457763672 -3.5,
              0.27500000596046448 -33.020000457763672 1,
              0.27500000596046448 -33.020000457763672 -3.5,
              1.6838894223046058e-17 -32.744998931884766 -3.5,
              -0.27500000596046448 -33.020000457763672 -3.5,
              -5.0516681014776949e-17 -33.294998168945312 -3.5,
              0.27500000596046448 -33.020000457763672 -3.5,
              0.27500000596046448 -33.020000457763672 1,
              1.6838894223046058e-17 -32.744998931884766 1,
              -0.27500000596046448 -33.020000457763672 1,
              -5.0516681014776949e-17 -33.294998168945312 1,
              0.27500000596046448 -33.020000457763672 1,
              0.27500000596046448 -33.020000457763672 -3.5,
              1.6838894223046058e-17 -32.744998931884766 -3.5,
              -0.27500000596046448 -33.020000457763672 -3.5,
              -5.0516681014776949e-17 -33.294998168945312 -3.5,
              0.27500000596046448 -33.020000457763672 -3.5,
              0.27500000596046448 -33.020000457763672 1,
              1.6838894223046058e-17 -32.744998931884766 1,
              -0.27500000596046448 -33.020000457763672 1,
              -5.0516681014776949e-17 -33.294998168945312 1,
              0.27500000596046448 -33.020000457763672 1,
              15.515000343322754 -33.020000457763672 -3.5,
              15.515000343322754 -33.020000457763672 1,
              15.515000343322754 -33.020000457763672 -3.5,
              15.515000343322754 -33.020000457763672 1,
              15.515000343322754 -33.020000457763672 -3.5,
              15.239999771118164 -32.744998931884766 -3.5,
              14.965000152587891 -33.020000457763672 -3.5,
              15.239999771118164 -33.294998168945312 -3.5,
              15.515000343322754 -33.020000457763672 -3.5,
              15.515000343322754 -33.020000457763672 1,
              15.239999771118164 -32.744998931884766 1,
              14.965000152587891 -33.020000457763672 1,
              15.239999771118164 -33.294998168945312 1,
              15.515000343322754 -33.020000457763672 1,
              15.515000343322754 -33.020000457763672 -3.5,
              15.239999771118164 -32.744998931884766 -3.5,
              14.965000152587891 -33.020000457763672 -3.5,
              15.239999771118164 -33.294998168945312 -3.5,
              15.515000343322754 -33.020000457763672 -3.5,
              15.515000343322754 -33.020000457763672 1,
              15.239999771118164 -32.744998931884766 1,
              14.965000152587891 -33.020000457763672 1,
              15.239999771118164 -33.294998168945312 1,
              15.515000343322754 -33.020000457763672 1,
              0.27500000596046448 -35.560001373291016 -3.5,
              0.27500000596046448 -35.560001373291016 1,
              0.27500000596046448 -35.560001373291016 -3.5,
              0.27500000596046448 -35.560001373291016 1,
              0.27500000596046448 -35.560001373291016 -3.5,
              1.6838894223046058e-17 -35.284999847412109 -3.5,
              -0.27500000596046448 -35.560001373291016 -3.5,
              -5.0516681014776949e-17 -35.834999084472656 -3.5,
              0.27500000596046448 -35.560001373291016 -3.5,
              0.27500000596046448 -35.560001373291016 1,
              1.6838894223046058e-17 -35.284999847412109 1,
              -0.27500000596046448 -35.560001373291016 1,
              -5.0516681014776949e-17 -35.834999084472656 1,
              0.27500000596046448 -35.560001373291016 1,
              0.27500000596046448 -35.560001373291016 -3.5,
              1.6838894223046058e-17 -35.284999847412109 -3.5,
              -0.27500000596046448 -35.560001373291016 -3.5,
              -5.0516681014776949e-17 -35.834999084472656 -3.5,
              0.27500000596046448 -35.560001373291016 -3.5,
              0.27500000596046448 -35.560001373291016 1,
              1.6838894223046058e-17 -35.284999847412109 1,
              -0.27500000596046448 -35.560001373291016 1,
              -5.0516681014776949e-17 -35.834999084472656 1,
              0.27500000596046448 -35.560001373291016 1,
              15.515000343322754 -35.560001373291016 -3.5,
              15.515000343322754 -35.560001373291016 1,
              15.515000343322754 -35.560001373291016 -3.5,
              15.515000343322754 -35.560001373291016 1,
              15.515000343322754 -35.560001373291016 -3.5,
              15.239999771118164 -35.284999847412109 -3.5,
              14.965000152587891 -35.560001373291016 -3.5,
              15.239999771118164 -35.834999084472656 -3.5,
              15.515000343322754 -35.560001373291016 -3.5,
              15.515000343322754 -35.560001373291016 1,
              15.239999771118164 -35.284999847412109 1,
              14.965000152587891 -35.560001373291016 1,
              15.239999771118164 -35.834999084472656 1,
              15.515000343322754 -35.560001373291016 1,
              15.515000343322754 -35.560001373291016 -3.5,
              15.239999771118164 -35.284999847412109 -3.5,
              14.965000152587891 -35.560001373291016 -3.5,
              15.239999771118164 -35.834999084472656 -3.5,
              15.515000343322754 -35.560001373291016 -3.5,
              15.515000343322754 -35.560001373291016 1,
              15.239999771118164 -35.284999847412109 1,
              14.965000152587891 -35.560001373291016 1,
              15.239999771118164 -35.834999084472656 1,
              15.515000343322754 -35.560001373291016 1,
              0.27500000596046448 -38.099998474121094 -3.5,
              0.27500000596046448 -38.099998474121094 1,
              0.27500000596046448 -38.099998474121094 -3.5,
              0.27500000596046448 -38.099998474121094 1,
              0.27500000596046448 -38.099998474121094 -3.5,
              1.6838894223046058e-17 -37.825000762939453 -3.5,
              -0.27500000596046448 -38.099998474121094 -3.5,
              -5.0516681014776949e-17 -38.375 -3.5,
              0.27500000596046448 -38.099998474121094 -3.5,
              0.27500000596046448 -38.099998474121094 1,
              1.6838894223046058e-17 -37.825000762939453 1,
              -0.27500000596046448 -38.099998474121094 1,
              -5.0516681014776949e-17 -38.375 1,
              0.27500000596046448 -38.099998474121094 1,
              0.27500000596046448 -38.099998474121094 -3.5,
              1.6838894223046058e-17 -37.825000762939453 -3.5,
              -0.27500000596046448 -38.099998474121094 -3.5,
              -5.0516681014776949e-17 -38.375 -3.5,
              0.27500000596046448 -38.099998474121094 -3.5,
              0.27500000596046448 -38.099998474121094 1,
              1.6838894223046058e-17 -37.825000762939453 1,
              -0.27500000596046448 -38.099998474121094 1,
              -5.0516681014776949e-17 -38.375 1,
              0.27500000596046448 -38.099998474121094 1,
              15.515000343322754 -38.099998474121094 -3.5,
              15.515000343322754 -38.099998474121094 1,
              15.515000343322754 -38.099998474121094 -3.5,
              15.515000343322754 -38.099998474121094 1,
              15.515000343322754 -38.099998474121094 -3.5,
              15.239999771118164 -37.825000762939453 -3.5,
              14.965000152587891 -38.099998474121094 -3.5,
              15.239999771118164 -38.375 -3.5,
              15.515000343322754 -38.099998474121094 -3.5,
              15.515000343322754 -38.099998474121094 1,
              15.239999771118164 -37.825000762939453 1,
              14.965000152587891 -38.099998474121094 1,
              15.239999771118164 -38.375 1,
              15.515000343322754 -38.099998474121094 1,
              15.515000343322754 -38.099998474121094 -3.5,
              15.239999771118164 -37.825000762939453 -3.5,
              14.965000152587891 -38.099998474121094 -3.5,
              15.239999771118164 -38.375 -3.5,
              15.515000343322754 -38.099998474121094 -3.5,
              15.515000343322754 -38.099998474121094 1,
              15.239999771118164 -37.825000762939453 1,
              14.965000152587891 -38.099998474121094 1,
              15.239999771118164 -38.375 1,
              15.515000343322754 -38.099998474121094 1,
              ]
            }
            coordIndex  [
              64, 65, -1,
              66, 67, 68, 69, 70, -1,
              71, 72, 73, 74, 75, -1,
              76, 77, -1,
              78, 79, 80, 81, 82, -1,
              83, 84, 85, 86, 87, -1,
              88, 89, -1,
              90, 91, 92, 93, 94, -1,
              95, 96, 97, 98, 99, -1,
              100, 101, -1,
              102, 103, 104, 105, 106, -1,
              107, 108, 109, 110, 111, -1,
              112, 113, -1,
              114, 115, 116, 117, 118, -1,
              119, 120, 121, 122, 123, -1,
              124, 125, -1,
              126, 127, 128, 129, 130, -1,
              131, 132, 133, 134, 135, -1,
              136, 137, -1,
              138, 139, 140, 141, 142, -1,
              143, 144, 145, 146, 147, -1,
              148, 149, -1,
              150, 151, 152, 153, 154, -1,
              155, 156, 157, 158, 159, -1,
              160, 161, -1,
              162, 163, 164, 165, 166, -1,
              167, 168, 169, 170, 171, -1,
              172, 173, -1,
              174, 175, 176, 177, 178, -1,
              179, 180, 181, 182, 183, -1,
              184, 185, -1,
              186, 187, 188, 189, 190, -1,
              191, 192, 193, 194, 195, -1,
              196, 197, -1,
              198, 199, 200, 201, 202, -1,
              203, 204, 205, 206, 207, -1,
              208, 209, -1,
              210, 211, 212, 213, 214, -1,
              215, 216, 217, 218, 219, -1,
              220, 221, -1,
              222, 223, 224, 225, 226, -1,
              227, 228, 229, 230, 231, -1,
              232, 233, -1,
              234, 235, 236, 237, 238, -1,
              239, 240, 241, 242, 243, -1,
              244, 245, -1,
              246, 247, 248, 249, 250, -1,
              251, 252, 253, 254, 255, -1,
              256, 257, -1,
              258, 259, 260, 261, 262, -1,
              263, 264, 265, 266, 267, -1,
              268, 269, -1,
              270, 271, 272, 273, 274, -1,
              275, 276, 277, 278, 279, -1,
              280, 281, -1,
              282, 283, 284, 285, 286, -1,
              287, 288, 289, 290, 291, -1,
              292, 293, -1,
              294, 295, 296, 297, 298, -1,
              299, 300, 301, 302, 303, -1,
              304, 305, -1,
              306, 307, 308, 309, 310, -1,
              311, 312, 313, 314, 315, -1,
              316, 317, -1,
              318, 319, 320, 321, 322, -1,
              323, 324, 325, 326, 327, -1,
              328, 329, -1,
              330, 331, 332, 333, 334, -1,
              335, 336, 337, 338, 339, -1,
              340, 341, -1,
              342, 343, 344, 345, 346, -1,
              347, 348, 349, 350, 351, -1,
              352, 353, -1,
              354, 355, 356, 357, 358, -1,
              359, 360, 361, 362, 363, -1,
              364, 365, -1,
              366, 367, 368, 369, 370, -1,
              371, 372, 373, 374, 375, -1,
              376, 377, -1,
              378, 379, 380, 381, 382, -1,
              383, 384, 385, 386, 387, -1,
              388, 389, -1,
              390, 391, 392, 393, 394, -1,
              395, 396, 397, 398, 399, -1,
              400, 401, -1,
              402, 403, 404, 405, 406, -1,
              407, 408, 409, 410, 411, -1,
              412, 413, -1,
              414, 415, 416, 417, 418, -1,
              419, 420, 421, 422, 423, -1,
              424, 425, -1,
              426, 427, 428, 429, 430, -1,
              431, 432, 433, 434, 435, -1,
              436, 437, -1,
              438, 439, 440, 441, 442, -1,
              443, 444, 445, 446, 447, -1,
              448, 449, -1,
              450, 451, -1,
              452, 453, 454, 455, 456, -1,
              457, 458, 459, 460, 461, -1,
              462, 463, 464, 465, 466, -1,
              467, 468, 469, 470, 471, -1,
              472, 473, -1,
              474, 475, -1,
              476, 477, 478, 479, 480, -1,
              481, 482, 483, 484, 485, -1,
              486, 487, 488, 489, 490, -1,
              491, 492, 493, 494, 495, -1,
              496, 497, -1,
              498, 499, -1,
              500, 501, 502, 503, 504, -1,
              505, 506, 507, 508, 509, -1,
              510, 511, 512, 513, 514, -1,
              515, 516, 517, 518, 519, -1,
              520, 521, -1,
              522, 523, -1,
              524, 525, 526, 527, 528, -1,
              529, 530, 531, 532, 533, -1,
              534, 535, 536, 537, 538, -1,
              539, 540, 541, 542, 543, -1,
              544, 545, -1,
              546, 547, -1,
              548, 549, 550, 551, 552, -1,
              553, 554, 555, 556, 557, -1,
              558, 559, 560, 561, 562, -1,
              563, 564, 565, 566, 567, -1,
              568, 569, -1,
              570, 571, -1,
              572, 573, 574, 575, 576, -1,
              577, 578, 579, 580, 581, -1,
              582, 583, 584, 585, 586, -1,
              587, 588, 589, 590, 591, -1,
              592, 593, -1,
              594, 595, -1,
              596, 597, 598, 599, 600, -1,
              601, 602, 603, 604, 605, -1,
              606, 607, 608, 609, 610, -1,
              611, 612, 613, 614, 615, -1,
              616, 617, -1,
              618, 619, -1,
              620, 621, 622, 623, 624, -1,
              625, 626, 627, 628, 629, -1,
              630, 631, 632, 633, 634, -1,
              635, 636, 637, 638, 639, -1,
              640, 641, -1,
              642, 643, -1,
              644, 645, 646, 647, 648, -1,
              649, 650, 651, 652, 653, -1,
              654, 655, 656, 657, 658, -1,
              659, 660, 661, 662, 663, -1,
              664, 665, -1,
              666, 667, -1,
              668, 669, 670, 671, 672, -1,
              673, 674, 675, 676, 677, -1,
              678, 679, 680, 681, 682, -1,
              683, 684, 685, 686, 687, -1,
              688, 689, -1,
              690, 691, -1,
              692, 693, 694, 695, 696, -1,
              697, 698, 699, 700, 701, -1,
              702, 703, 704, 705, 706, -1,
              707, 708, 709, 710, 711, -1,
              712, 713, -1,
              714, 715, -1,
              716, 717, 718, 719, 720, -1,
              721, 722, 723, 724, 725, -1,
              726, 727, 728, 729, 730, -1,
              731, 732, 733, 734, 735, -1,
              736, 737, -1,
              738, 739, -1,
              740, 741, 742, 743, 744, -1,
              745, 746, 747, 748, 749, -1,
              750, 751, 752, 753, 754, -1,
              755, 756, 757, 758, 759, -1,
              760, 761, -1,
              762, 763, -1,
              764, 765, 766, 767, 768, -1,
              769, 770, 771, 772, 773, -1,
              774, 775, 776, 777, 778, -1,
              779, 780, 781, 782, 783, -1,
              784, 785, -1,
              786, 787, -1,
              788, 789, 790, 791, 792, -1,
              793, 794, 795, 796, 797, -1,
              798, 799, 800, 801, 802, -1,
              803, 804, 805, 806, 807, -1,
              808, 809, -1,
              810, 811, -1,
              812, 813, 814, 815, 816, -1,
              817, 818, 819, 820, 821, -1,
              822, 823, 824, 825, 826, -1,
              827, 828, 829, 830, 831, -1,
              832, 833, -1,
              834, 835, -1,
              836, 837, 838, 839, 840, -1,
              841, 842, 843, 844, 845, -1,
              846, 847, 848, 849, 850, -1,
              851, 852, 853, 854, 855, -1,
              856, 857, -1,
              858, 859, -1,
              860, 861, 862, 863, 864, -1,
              865, 866, 867, 868, 869, -1,
              870, 871, 872, 873, 874, -1,
              875, 876, 877, 878, 879, -1,
              880, 881, -1,
              882, 883, -1,
              884, 885, 886, 887, 888, -1,
              889, 890, 891, 892, 893, -1,
              894, 895, 896, 897, 898, -1,
              899, 900, 901, 902, 903, -1,
              904, 905, -1,
              906, 907, -1,
              908, 909, 910, 911, 912, -1,
              913, 914, 915, 916, 917, -1,
              918, 919, 920, 921, 922, -1,
              923, 924, 925, 926, 927, -1,
              928, 929, -1,
              930, 931, -1,
              932, 933, 934, 935, 936, -1,
              937, 938, 939, 940, 941, -1,
              942, 943, 944, 945, 946, -1,
              947, 948, 949, 950, 951, -1,
              952, 953, -1,
              954, 955, -1,
              956, 957, 958, 959, 960, -1,
              961, 962, 963, 964, 965, -1,
              966, 967, 968, 969, 970, -1,
              971, 972, 973, 974, 975, -1,
              976, 977, -1,
              978, 979, -1,
              980, 981, 982, 983, 984, -1,
              985, 986, 987, 988, 989, -1,
              990, 991, 992, 993, 994, -1,
              995, 996, 997, 998, 999, -1,
              1000, 1001, -1,
              1002, 1003, -1,
              1004, 1005, 1006, 1007, 1008, -1,
              1009, 1010, 1011, 1012, 1013, -1,
              1014, 1015, 1016, 1017, 1018, -1,
              1019, 1020, 1021, 1022, 1023, -1,
              1024, 1025, -1,
              1026, 1027, -1,
              1028, 1029, 1030, 1031, 1032, -1,
              1033, 1034, 1035, 1036, 1037, -1,
              1038, 1039, 1040, 1041, 1042, -1,
              1043, 1044, 1045, 1046, 1047, -1,
              1048, 1049, -1,
              1050, 1051, -1,
              1052, 1053, 1054, 1055, 1056, -1,
              1057, 1058, 1059, 1060, 1061, -1,
              1062, 1063, 1064, 1065, 1066, -1,
              1067, 1068, 1069, 1070, 1071, -1,
              1072, 1073, -1,
              1074, 1075, -1,
              1076, 1077, 1078, 1079, 1080, -1,
              1081, 1082, 1083, 1084, 1085, -1,
              1086, 1087, 1088, 1089, 1090, -1,
              1091, 1092, 1093, 1094, 1095, -1,
              1096, 1097, -1,
              1098, 1099, -1,
              1100, 1101, 1102, 1103, 1104, -1,
              1105, 1106, 1107, 1108, 1109, -1,
              1110, 1111, 1112, 1113, 1114, -1,
              1115, 1116, 1117, 1118, 1119, -1,
              1120, 1121, -1,
              1122, 1123, -1,
              1124, 1125, 1126, 1127, 1128, -1,
              1129, 1130, 1131, 1132, 1133, -1,
              1134, 1135, 1136, 1137, 1138, -1,
              1139, 1140, 1141, 1142, 1143, -1,
              1144, 1145, -1,
              1146, 1147, -1,
              1148, 1149, 1150, 1151, 1152, -1,
              1153, 1154, 1155, 1156, 1157, -1,
              1158, 1159, 1160, 1161, 1162, -1,
              1163, 1164, 1165, 1166, 1167, -1,
              1168, 1169, -1,
              1170, 1171, -1,
              1172, 1173, 1174, 1175, 1176, -1,
              1177, 1178, 1179, 1180, 1181, -1,
              1182, 1183, 1184, 1185, 1186, -1,
              1187, 1188, 1189, 1190, 1191, -1,
              1192, 1193, -1,
              1194, 1195, -1,
              1196, 1197, 1198, 1199, 1200, -1,
              1201, 1202, 1203, 1204, 1205, -1,
              1206, 1207, 1208, 1209, 1210, -1,
              1211, 1212, 1213, 1214, 1215, -1,
            ]
          }
        }
        Shape {
          appearance Appearance {
            material Material {
              ambientIntensity 0
              emissiveColor 0 0 0
              diffuseColor 1 1 1
              specularColor 0 0 0
              shininess 0.0078125
              transparency 0
              }
            }
          geometry PointSet {
            coord Coordinate {              point [                            0.27500000596046448 0 -3.5,
                            0.27500000596046448 0 1,
                            15.515000343322754 0 -3.5,
                            15.515000343322754 0 1,
                            0.27500000596046448 -2.5399999618530273 -3.5,
                            0.27500000596046448 -2.5399999618530273 1,
                            15.515000343322754 -2.5399999618530273 -3.5,
                            15.515000343322754 -2.5399999618530273 1,
                            0.27500000596046448 -5.0799999237060547 -3.5,
                            0.27500000596046448 -5.0799999237060547 1,
                            15.515000343322754 -5.0799999237060547 -3.5,
                            15.515000343322754 -5.0799999237060547 1,
                            0.27500000596046448 -7.619999885559082 -3.5,
                            0.27500000596046448 -7.619999885559082 1,
                            15.515000343322754 -7.619999885559082 -3.5,
                            15.515000343322754 -7.619999885559082 1,
                            0.27500000596046448 -10.159999847412109 -3.5,
                            0.27500000596046448 -10.159999847412109 1,
                            15.515000343322754 -10.159999847412109 -3.5,
                            15.515000343322754 -10.159999847412109 1,
                            0.27500000596046448 -12.699999809265137 -3.5,
                            0.27500000596046448 -12.699999809265137 1,
                            15.515000343322754 -12.699999809265137 -3.5,
                            15.515000343322754 -12.699999809265137 1,
                            0.27500000596046448 -15.239999771118164 -3.5,
                            0.27500000596046448 -15.239999771118164 1,
                            15.515000343322754 -15.239999771118164 -3.5,
                            15.515000343322754 -15.239999771118164 1,
                            0.27500000596046448 -17.780000686645508 -3.5,
                            0.27500000596046448 -17.780000686645508 1,
                            15.515000343322754 -17.780000686645508 -3.5,
                            15.515000343322754 -17.780000686645508 1,
                            0.27500000596046448 -20.319999694824219 -3.5,
                            0.27500000596046448 -20.319999694824219 1,
                            15.515000343322754 -20.319999694824219 -3.5,
                            15.515000343322754 -20.319999694824219 1,
                            0.27500000596046448 -22.860000610351562 -3.5,
                            0.27500000596046448 -22.860000610351562 1,
                            15.515000343322754 -22.860000610351562 -3.5,
                            15.515000343322754 -22.860000610351562 1,
                            0.27500000596046448 -25.399999618530273 -3.5,
                            0.27500000596046448 -25.399999618530273 1,
                            15.515000343322754 -25.399999618530273 -3.5,
                            15.515000343322754 -25.399999618530273 1,
                            0.27500000596046448 -27.940000534057617 -3.5,
                            0.27500000596046448 -27.940000534057617 1,
                            15.515000343322754 -27.940000534057617 -3.5,
                            15.515000343322754 -27.940000534057617 1,
                            0.27500000596046448 -30.479999542236328 -3.5,
                            0.27500000596046448 -30.479999542236328 1,
                            15.515000343322754 -30.479999542236328 -3.5,
                            15.515000343322754 -30.479999542236328 1,
                            0.27500000596046448 -33.020000457763672 -3.5,
                            0.27500000596046448 -33.020000457763672 1,
                            15.515000343322754 -33.020000457763672 -3.5,
                            15.515000343322754 -33.020000457763672 1,
                            0.27500000596046448 -35.560001373291016 -3.5,
                            0.27500000596046448 -35.560001373291016 1,
                            15.515000343322754 -35.560001373291016 -3.5,
                            15.515000343322754 -35.560001373291016 1,
                            0.27500000596046448 -38.099998474121094 -3.5,
                            0.27500000596046448 -38.099998474121094 1,
                            15.515000343322754 -38.099998474121094 -3.5,
                            15.515000343322754 -38.099998474121094 1,
              ]
            }
          }
        }
      ]
    }
